{
"type": "FeatureCollection",
"name": "bali_coastal",
"crs": { "type": "name", "properties": { "name": "urn:ogc:def:crs:OGC:1.3:CRS84" } },
"features": [
{ "type": "Feature", "properties": { "REMARK": "Pasir/Bukit Pasir Laut", "SHAPE_Leng": 0.29986844373, "SHAPE_Area": 0.00029098074 }, "geometry": { "type": "MultiPolygon", "coordinates": [ [ [ [ 115.376943985000025, -8.574501960999953, 0.0 ], [ 115.377821015000109, -8.574602013999936, 0.0 ], [ 115.378778001000114, -8.574589039999978, 0.0 ], [ 115.37962496800003, -8.574713008999936, 0.0 ], [ 115.37983202800001, -8.574743980999926, 0.0 ], [ 115.380592030000116, -8.57476199599995, 0.0 ], [ 115.379558025000051, -8.575273025999934, 0.0 ], [ 115.378513029000032, -8.575779032999947, 0.0 ], [ 115.378000024000016, -8.576212965999957, 0.0 ], [ 115.377281998000058, -8.57724701199993, 0.0 ], [ 115.37663102800002, -8.577818039999954, 0.0 ], [ 115.375668016000077, -8.578559963999965, 0.0 ], [ 115.375000977000013, -8.57876896099998, 0.0 ], [ 115.375000004000071, -8.578768956999966, 0.0 ], [ 115.374817997000036, -8.578800010999942, 0.0 ], [ 115.372642982000116, -8.579418033999957, 0.0 ], [ 115.372050036000019, -8.579641982999931, 0.0 ], [ 115.371548008000104, -8.579888009999934, 0.0 ], [ 115.371293035, -8.580061042999944, 0.0 ], [ 115.370910974000026, -8.580438021999953, 0.0 ], [ 115.370239975000118, -8.581275990999927, 0.0 ], [ 115.369783023000082, -8.581823958999962, 0.0 ], [ 115.36949103500001, -8.582157020999944, 0.0 ], [ 115.368986020000079, -8.583084008999947, 0.0 ], [ 115.368366989000037, -8.58418697299993, 0.0 ], [ 115.367323001000045, -8.585867955999959, 0.0 ], [ 115.366698, -8.58708596799994, 0.0 ], [ 115.36635797200006, -8.587667961999955, 0.0 ], [ 115.36596302800001, -8.58830396299993, 0.0 ], [ 115.36562398600006, -8.589074985999957, 0.0 ], [ 115.365422964000118, -8.589521969999964, 0.0 ], [ 115.365228979000108, -8.589830040999971, 0.0 ], [ 115.364947972000095, -8.590150035999955, 0.0 ], [ 115.364437005000013, -8.590590008999925, 0.0 ], [ 115.363910036000107, -8.590952983999955, 0.0 ], [ 115.363484969000069, -8.591170033999958, 0.0 ], [ 115.363136972, -8.591284989999963, 0.0 ], [ 115.362861984, -8.591318986999966, 0.0 ], [ 115.362619007000035, -8.591294992999963, 0.0 ], [ 115.362457974000108, -8.59122, 0.0 ], [ 115.362236033000045, -8.591006980999964, 0.0 ], [ 115.362069971000096, -8.590760027999977, 0.0 ], [ 115.361958970000046, -8.590459973999941, 0.0 ], [ 115.361826996000104, -8.590054968999937, 0.0 ], [ 115.361730007, -8.589788963999979, 0.0 ], [ 115.361708994000082, -8.589571013999944, 0.0 ], [ 115.361906022000085, -8.588659002999975, 0.0 ], [ 115.362059025, -8.587969004999934, 0.0 ], [ 115.362141013000041, -8.587313961999939, 0.0 ], [ 115.362128028000029, -8.586638987999947, 0.0 ], [ 115.362110973000085, -8.586126985999954, 0.0 ], [ 115.362224990000072, -8.585251956999969, 0.0 ], [ 115.362394016000053, -8.584457977999932, 0.0 ], [ 115.363121016000036, -8.582391017999953, 0.0 ], [ 115.363225973000112, -8.582055992999926, 0.0 ], [ 115.363277006000089, -8.581648961999974, 0.0 ], [ 115.363251027000047, -8.581331008999939, 0.0 ], [ 115.363196009000035, -8.581146993999937, 0.0 ], [ 115.363096982000116, -8.581006997999964, 0.0 ], [ 115.362921989000029, -8.580922002999955, 0.0 ], [ 115.362150030000066, -8.581141016999936, 0.0 ], [ 115.361718968000105, -8.58130895599993, 0.0 ], [ 115.361263973000064, -8.581537991999937, 0.0 ], [ 115.360344984000108, -8.582155035999961, 0.0 ], [ 115.360158979000062, -8.582331968999938, 0.0 ], [ 115.359875028000033, -8.582571041999927, 0.0 ], [ 115.359528970000042, -8.582777034999935, 0.0 ], [ 115.358833996000044, -8.58313901799994, 0.0 ], [ 115.35803600700001, -8.583627028999956, 0.0 ], [ 115.357202980000011, -8.584196969999937, 0.0 ], [ 115.355906963000052, -8.585233018999929, 0.0 ], [ 115.355687035000074, -8.585458981999977, 0.0 ], [ 115.355652968000072, -8.585490023999967, 0.0 ], [ 115.355193965000012, -8.587152033999928, 0.0 ], [ 115.354906008000057, -8.587902016999976, 0.0 ], [ 115.354433003000054, -8.589022025999952, 0.0 ], [ 115.354106996000041, -8.58980502199995, 0.0 ], [ 115.353688987000055, -8.590643038999929, 0.0 ], [ 115.353273027000114, -8.591352968999956, 0.0 ], [ 115.352243023000028, -8.592881, 0.0 ], [ 115.351876977000074, -8.593289028999948, 0.0 ], [ 115.351114, -8.594005967999976, 0.0 ], [ 115.350734012000089, -8.59427698199994, 0.0 ], [ 115.350382984000021, -8.594468026999948, 0.0 ], [ 115.350088034, -8.594562043999929, 0.0 ], [ 115.349487966000083, -8.594675995999978, 0.0 ], [ 115.349064975000033, -8.594688013999928, 0.0 ], [ 115.348092008000094, -8.594628969999974, 0.0 ], [ 115.347280996000109, -8.594466026999953, 0.0 ], [ 115.347058968000056, -8.59481102899997, 0.0 ], [ 115.34673199100007, -8.595208009999965, 0.0 ], [ 115.346529992000114, -8.595408007999936, 0.0 ], [ 115.346067965000088, -8.595612040999981, 0.0 ], [ 115.345835965000106, -8.595665011999927, 0.0 ], [ 115.345702995000011, -8.595700961999967, 0.0 ], [ 115.344419001, -8.596143003999941, 0.0 ], [ 115.342847993000078, -8.596627016999946, 0.0 ], [ 115.342140037000036, -8.596864969999956, 0.0 ], [ 115.341228992000083, -8.597346031999962, 0.0 ], [ 115.340593, -8.59774402499994, 0.0 ], [ 115.340230016000078, -8.598013020999929, 0.0 ], [ 115.339778967000029, -8.598602006999954, 0.0 ], [ 115.339318999000056, -8.599122974999943, 0.0 ], [ 115.33838198400008, -8.599906024999939, 0.0 ], [ 115.337281024000049, -8.600628972999971, 0.0 ], [ 115.336766033000117, -8.600900019999926, 0.0 ], [ 115.33474602800004, -8.601838018999956, 0.0 ], [ 115.333801992000076, -8.602372972999945, 0.0 ], [ 115.333122980000098, -8.60282400899996, 0.0 ], [ 115.33266699100011, -8.603117, 0.0 ], [ 115.331612999000072, -8.603510993999976, 0.0 ], [ 115.331257011000048, -8.603651011999943, 0.0 ], [ 115.330686999000022, -8.60399702199993, 0.0 ], [ 115.330125001000056, -8.604308984999932, 0.0 ], [ 115.329817991000027, -8.604503000999955, 0.0 ], [ 115.329071000000113, -8.605131001999951, 0.0 ], [ 115.328284024000027, -8.605873993999978, 0.0 ], [ 115.327964011000063, -8.606231027999968, 0.0 ], [ 115.327721980000092, -8.606622028999936, 0.0 ], [ 115.327115970000023, -8.607982042999936, 0.0 ], [ 115.326698995000015, -8.608822007999947, 0.0 ], [ 115.326291036000043, -8.609586981999939, 0.0 ], [ 115.325896029000091, -8.610148979999963, 0.0 ], [ 115.325391981000053, -8.610754976999942, 0.0 ], [ 115.324567032000118, -8.611542989999975, 0.0 ], [ 115.324212982000063, -8.611904029999948, 0.0 ], [ 115.323445002000085, -8.613414018999947, 0.0 ], [ 115.323251981000112, -8.61376500199998, 0.0 ], [ 115.323058002000039, -8.614010035999968, 0.0 ], [ 115.322804975000054, -8.61422498099995, 0.0 ], [ 115.321841007000103, -8.614648982999938, 0.0 ], [ 115.321341980000057, -8.614878038999962, 0.0 ], [ 115.320421020000026, -8.615536984999949, 0.0 ], [ 115.319949029000099, -8.615869028999953, 0.0 ], [ 115.319340022, -8.616235003999975, 0.0 ], [ 115.318891016000066, -8.616433991999941, 0.0 ], [ 115.317226977000018, -8.617062014999931, 0.0 ], [ 115.315107987000033, -8.617808984999954, 0.0 ], [ 115.314156997000055, -8.618140997999944, 0.0 ], [ 115.313224985000033, -8.618484028999944, 0.0 ], [ 115.312318017000052, -8.618905992999942, 0.0 ], [ 115.311332985000035, -8.619396041999948, 0.0 ], [ 115.309953010000072, -8.620256963999964, 0.0 ], [ 115.30926399100008, -8.620722003999958, 0.0 ], [ 115.308527967000032, -8.621227965999935, 0.0 ], [ 115.307761014000107, -8.621647007999968, 0.0 ], [ 115.305886017000034, -8.622823020999931, 0.0 ], [ 115.30539899200005, -8.623162026999978, 0.0 ], [ 115.305009037000104, -8.623504986999933, 0.0 ], [ 115.304318019000107, -8.624213985999972, 0.0 ], [ 115.303884026000105, -8.62472199299998, 0.0 ], [ 115.303691980000053, -8.625000015999944, 0.0 ], [ 115.303603002000045, -8.625129973999947, 0.0 ], [ 115.303354979, -8.625613039999962, 0.0 ], [ 115.303052025000056, -8.627241000999959, 0.0 ], [ 115.302978976000077, -8.627595030999942, 0.0 ], [ 115.30287403400007, -8.627826974999948, 0.0 ], [ 115.302637037000068, -8.628104978999943, 0.0 ], [ 115.302160016000016, -8.628566961999979, 0.0 ], [ 115.301458016000083, -8.629516990999946, 0.0 ], [ 115.301287013000092, -8.62977901499994, 0.0 ], [ 115.301209972000038, -8.630020030999958, 0.0 ], [ 115.301152032000118, -8.630495980999967, 0.0 ], [ 115.301051002, -8.630774043999963, 0.0 ], [ 115.301036013000044, -8.630808960999957, 0.0 ], [ 115.300993987000084, -8.630993001999968, 0.0 ], [ 115.29966098500006, -8.63267596299994, 0.0 ], [ 115.29893998700004, -8.633432, 0.0 ], [ 115.29867699700003, -8.633591014999979, 0.0 ], [ 115.298308976000044, -8.633733020999955, 0.0 ], [ 115.29731903600009, -8.634102954999946, 0.0 ], [ 115.29686601100002, -8.634423022999954, 0.0 ], [ 115.296254965000116, -8.634932038999978, 0.0 ], [ 115.295453032000069, -8.635657967999975, 0.0 ], [ 115.295167973000048, -8.635942983999939, 0.0 ], [ 115.294067025000118, -8.637123986999939, 0.0 ], [ 115.293438012000024, -8.637794995999968, 0.0 ], [ 115.292654992000053, -8.638560955999935, 0.0 ], [ 115.292166007000105, -8.638979025999959, 0.0 ], [ 115.291437993000045, -8.639507035999941, 0.0 ], [ 115.290564969000116, -8.640044972999931, 0.0 ], [ 115.289568004000103, -8.640639031999967, 0.0 ], [ 115.288133006000066, -8.641596960999948, 0.0 ], [ 115.287511025000072, -8.642067038999926, 0.0 ], [ 115.286378998000032, -8.64310396299993, 0.0 ], [ 115.285727035000036, -8.643675959999939, 0.0 ], [ 115.284840990000021, -8.644373007999945, 0.0 ], [ 115.284344008000062, -8.644684000999973, 0.0 ], [ 115.283078992000014, -8.645455006999953, 0.0 ], [ 115.282561974000032, -8.645839036999973, 0.0 ], [ 115.281996, -8.646213987999943, 0.0 ], [ 115.280066016000092, -8.647413000999961, 0.0 ], [ 115.279302976000054, -8.648008980999975, 0.0 ], [ 115.278406012, -8.648697011999957, 0.0 ], [ 115.277327034000109, -8.649524964999955, 0.0 ], [ 115.275861994000024, -8.650798991999977, 0.0 ], [ 115.275827030000073, -8.650827036999942, 0.0 ], [ 115.275348014000087, -8.651072017999979, 0.0 ], [ 115.275057011000058, -8.651225009999962, 0.0 ], [ 115.274574969000014, -8.651493026999958, 0.0 ], [ 115.274028999000052, -8.651814990999981, 0.0 ], [ 115.27285001100006, -8.652604963999977, 0.0 ], [ 115.272801005000019, -8.652639995999948, 0.0 ], [ 115.271938018000014, -8.653281968999977, 0.0 ], [ 115.271598010000048, -8.653387007999982, 0.0 ], [ 115.271377031000043, -8.65339703799998, 0.0 ], [ 115.271055991000026, -8.653384016999951, 0.0 ], [ 115.271442008, -8.65316203499998, 0.0 ], [ 115.271902026000021, -8.652829019999956, 0.0 ], [ 115.272789026000055, -8.652063043999931, 0.0 ], [ 115.27338502300006, -8.651548042999934, 0.0 ], [ 115.273635029000047, -8.651333036999972, 0.0 ], [ 115.274099976000116, -8.651019023999936, 0.0 ], [ 115.274705026000106, -8.650588038999956, 0.0 ], [ 115.274880993000011, -8.650443024999959, 0.0 ], [ 115.275684028000114, -8.649786038999935, 0.0 ], [ 115.27642697400006, -8.649179039999979, 0.0 ], [ 115.277160004000052, -8.648660037999946, 0.0 ], [ 115.277556000000118, -8.648367042999951, 0.0 ], [ 115.27928402900011, -8.64695100299997, 0.0 ], [ 115.279785987000082, -8.646617983999931, 0.0 ], [ 115.280333027000097, -8.646271967999951, 0.0 ], [ 115.280378030000065, -8.646243966999975, 0.0 ], [ 115.281182973000114, -8.645658024999932, 0.0 ], [ 115.282204006000029, -8.644916033999948, 0.0 ], [ 115.2825550230001, -8.644693970999981, 0.0 ], [ 115.283114009000087, -8.644322963999969, 0.0 ], [ 115.283802966000053, -8.643838008999978, 0.0 ], [ 115.284637019000115, -8.643372955999951, 0.0 ], [ 115.285082021000107, -8.643125005999934, 0.0 ], [ 115.285776978000058, -8.642736975999981, 0.0 ], [ 115.286017031000029, -8.64251703399998, 0.0 ], [ 115.28644896600008, -8.641943961999971, 0.0 ], [ 115.286621987000103, -8.641753006999977, 0.0 ], [ 115.286719037000012, -8.641645960999938, 0.0 ], [ 115.287433003000046, -8.641029040999967, 0.0 ], [ 115.287930969000058, -8.640598001999933, 0.0 ], [ 115.28907502900006, -8.639813960999959, 0.0 ], [ 115.290104004000113, -8.639264971999978, 0.0 ], [ 115.290448018, -8.638999025999965, 0.0 ], [ 115.290647016000094, -8.638777992999962, 0.0 ], [ 115.290927983000074, -8.638355019999949, 0.0 ], [ 115.29130000300006, -8.637741988999949, 0.0 ], [ 115.291813988000058, -8.637028979999968, 0.0 ], [ 115.29216102700002, -8.63670600599994, 0.0 ], [ 115.293080983000095, -8.635908023999946, 0.0 ], [ 115.293174996000062, -8.635826000999941, 0.0 ], [ 115.294597023000051, -8.634962994999967, 0.0 ], [ 115.294914007000102, -8.634709036999936, 0.0 ], [ 115.295092016000012, -8.634539974999939, 0.0 ], [ 115.295217970000067, -8.634334974999945, 0.0 ], [ 115.295493983000028, -8.633861985999943, 0.0 ], [ 115.295779012000025, -8.63355003199996, 0.0 ], [ 115.2960709890001, -8.633308977999945, 0.0 ], [ 115.29648700700011, -8.632955028999959, 0.0 ], [ 115.296523982000053, -8.632928977999939, 0.0 ], [ 115.297545001000117, -8.632560990999934, 0.0 ], [ 115.297818992000089, -8.632438003999937, 0.0 ], [ 115.298007014000063, -8.632273955999949, 0.0 ], [ 115.298244034000049, -8.631590981999977, 0.0 ], [ 115.2984019700001, -8.631135996999944, 0.0 ], [ 115.298572972000102, -8.630741001999979, 0.0 ], [ 115.298796999000047, -8.630533000999947, 0.0 ], [ 115.299293977000048, -8.630233010999973, 0.0 ], [ 115.299371010000073, -8.630195024999978, 0.0 ], [ 115.299518993000106, -8.630122007999944, 0.0 ], [ 115.299556037000116, -8.630114036999942, 0.0 ], [ 115.299596009000084, -8.630071004999934, 0.0 ], [ 115.299850980000087, -8.629727996999975, 0.0 ], [ 115.300320965000083, -8.628780017999929, 0.0 ], [ 115.300533991000066, -8.62856898299998, 0.0 ], [ 115.300830974000064, -8.628363019999938, 0.0 ], [ 115.301260025000033, -8.628091019999943, 0.0 ], [ 115.301563965000014, -8.627820002999954, 0.0 ], [ 115.301662999000087, -8.627653026999951, 0.0 ], [ 115.301694025000074, -8.627600011999959, 0.0 ], [ 115.301765994000107, -8.627354000999958, 0.0 ], [ 115.301854031000062, -8.626847991999966, 0.0 ], [ 115.302105997000012, -8.625852037999948, 0.0 ], [ 115.302292993000037, -8.62516196699994, 0.0 ], [ 115.302389006000112, -8.625000040999964, 0.0 ], [ 115.30247203600004, -8.62486002299994, 0.0 ], [ 115.302800983000111, -8.624457044999929, 0.0 ], [ 115.303451022000104, -8.623833020999939, 0.0 ], [ 115.303890978000027, -8.623550036999973, 0.0 ], [ 115.304463979000047, -8.623183028999961, 0.0 ], [ 115.304830964000075, -8.622900985999934, 0.0 ], [ 115.305021, -8.622754026999928, 0.0 ], [ 115.306731021000019, -8.621329966999951, 0.0 ], [ 115.307167020000065, -8.620942009999965, 0.0 ], [ 115.307563037000023, -8.620632972999942, 0.0 ], [ 115.307991972000082, -8.620401007999931, 0.0 ], [ 115.308515990000046, -8.620131042999958, 0.0 ], [ 115.309701018000055, -8.619494987999929, 0.0 ], [ 115.310497981000026, -8.619132027999967, 0.0 ], [ 115.311093006000078, -8.618830007999975, 0.0 ], [ 115.31132702900004, -8.618695984999931, 0.0 ], [ 115.311774035000099, -8.618493020999949, 0.0 ], [ 115.312296021000066, -8.618241029999979, 0.0 ], [ 115.312763032000021, -8.617936003999944, 0.0 ], [ 115.313145974, -8.617702021999946, 0.0 ], [ 115.313605013000029, -8.617504983999936, 0.0 ], [ 115.314769037000019, -8.617075013999965, 0.0 ], [ 115.315137037000113, -8.616966976999947, 0.0 ], [ 115.315506024000115, -8.616821970999979, 0.0 ], [ 115.316036022000048, -8.616519024999945, 0.0 ], [ 115.316159992000053, -8.616402956999934, 0.0 ], [ 115.316365995000069, -8.616268987999945, 0.0 ], [ 115.316435021000075, -8.616227978999973, 0.0 ], [ 115.316721035000114, -8.616059014999962, 0.0 ], [ 115.316833010000096, -8.615910983999981, 0.0 ], [ 115.317051974000037, -8.615607033999936, 0.0 ], [ 115.317305974000078, -8.615426991999925, 0.0 ], [ 115.317837997000083, -8.615105971999981, 0.0 ], [ 115.318137018000016, -8.61496002399997, 0.0 ], [ 115.318374029000097, -8.614843997999969, 0.0 ], [ 115.318672979000098, -8.614679969999941, 0.0 ], [ 115.319351005000044, -8.61430796999997, 0.0 ], [ 115.319897977000096, -8.613925993999942, 0.0 ], [ 115.321066984000026, -8.613110026999948, 0.0 ], [ 115.321722030000046, -8.612529013999961, 0.0 ], [ 115.322159036000016, -8.612145016999932, 0.0 ], [ 115.322376999000085, -8.612066960999925, 0.0 ], [ 115.322594996000021, -8.611946961999934, 0.0 ], [ 115.322705015000111, -8.611800003999974, 0.0 ], [ 115.322799977000045, -8.611534017999929, 0.0 ], [ 115.322947997000028, -8.611195041999963, 0.0 ], [ 115.323182007000014, -8.610789998999962, 0.0 ], [ 115.323422975000085, -8.610489032999965, 0.0 ], [ 115.32345100100008, -8.610452996999982, 0.0 ], [ 115.323794037000084, -8.610125988999926, 0.0 ], [ 115.324483986000018, -8.609561031999931, 0.0 ], [ 115.324646022000024, -8.609288014999947, 0.0 ], [ 115.324729026000114, -8.608998020999934, 0.0 ], [ 115.324977976000014, -8.608193033999953, 0.0 ], [ 115.325204019000012, -8.607742031999976, 0.0 ], [ 115.325581983, -8.607171010999934, 0.0 ], [ 115.325921991000087, -8.606781975999979, 0.0 ], [ 115.32652301600001, -8.606182002999958, 0.0 ], [ 115.327291975000094, -8.605568024999968, 0.0 ], [ 115.328179968000086, -8.604867960999968, 0.0 ], [ 115.328871025000012, -8.604319991999944, 0.0 ], [ 115.329433987000016, -8.60395903999995, 0.0 ], [ 115.329518987000029, -8.603913034999948, 0.0 ], [ 115.330828981000082, -8.603135968999936, 0.0 ], [ 115.331678036000085, -8.602617967999947, 0.0 ], [ 115.332093027000042, -8.602364031999969, 0.0 ], [ 115.332744019000074, -8.601948040999957, 0.0 ], [ 115.334075967000103, -8.601183983999931, 0.0 ], [ 115.33537096900011, -8.600593957999934, 0.0 ], [ 115.336510006000026, -8.600158012999941, 0.0 ], [ 115.33783298000003, -8.599405019999949, 0.0 ], [ 115.338300021, -8.599031975999935, 0.0 ], [ 115.339131034000047, -8.598300988999938, 0.0 ], [ 115.339451033000046, -8.597908957999948, 0.0 ], [ 115.339670006, -8.597716993999938, 0.0 ], [ 115.340300031000083, -8.597209955999972, 0.0 ], [ 115.340715980000027, -8.596940012999937, 0.0 ], [ 115.341311022000014, -8.596707993999928, 0.0 ], [ 115.341688022000085, -8.59652303699994, 0.0 ], [ 115.342040986000029, -8.596301002999951, 0.0 ], [ 115.342819023000061, -8.59594999199993, 0.0 ], [ 115.343946032000076, -8.59548504199995, 0.0 ], [ 115.344500989000039, -8.595374972999934, 0.0 ], [ 115.344949968000037, -8.595226027999956, 0.0 ], [ 115.34537803, -8.595011996999972, 0.0 ], [ 115.346160991000033, -8.594578013999978, 0.0 ], [ 115.34673503700003, -8.594194025999968, 0.0 ], [ 115.346947023000098, -8.593971019999969, 0.0 ], [ 115.347155029000078, -8.593629031999967, 0.0 ], [ 115.347597026000017, -8.59284301699995, 0.0 ], [ 115.347695034000026, -8.592732970999975, 0.0 ], [ 115.348509999000044, -8.591930021999929, 0.0 ], [ 115.348747005000064, -8.591809994999949, 0.0 ], [ 115.34895201900008, -8.591777968999963, 0.0 ], [ 115.349202969000089, -8.591724985999974, 0.0 ], [ 115.349400969000044, -8.5916, 0.0 ], [ 115.349542004000114, -8.591431016999934, 0.0 ], [ 115.349664035000046, -8.591170016999968, 0.0 ], [ 115.349976011000081, -8.590360027999964, 0.0 ], [ 115.350100965000024, -8.590116034999937, 0.0 ], [ 115.350300987000082, -8.589730980999946, 0.0 ], [ 115.350305031000062, -8.589557974999934, 0.0 ], [ 115.350290027000028, -8.588991022999949, 0.0 ], [ 115.350361988000031, -8.588684970999964, 0.0 ], [ 115.350563010000087, -8.588155011999959, 0.0 ], [ 115.351056999000093, -8.587000024999952, 0.0 ], [ 115.351541008000027, -8.586038989999963, 0.0 ], [ 115.351565010000058, -8.585996966999971, 0.0 ], [ 115.351682006000033, -8.58573901799997, 0.0 ], [ 115.351894009000034, -8.585354012999971, 0.0 ], [ 115.352092005000031, -8.585089991999951, 0.0 ], [ 115.353186035000022, -8.583873020999931, 0.0 ], [ 115.353560012000116, -8.58363804499993, 0.0 ], [ 115.354149007000046, -8.58320402499993, 0.0 ], [ 115.354380026000058, -8.582942040999967, 0.0 ], [ 115.354796976000102, -8.582433971999933, 0.0 ], [ 115.355576020000058, -8.58166601299996, 0.0 ], [ 115.356029019000061, -8.581326960999945, 0.0 ], [ 115.357724996000115, -8.580244970999956, 0.0 ], [ 115.357739969000022, -8.580212038999946, 0.0 ], [ 115.358105035000108, -8.579852992999975, 0.0 ], [ 115.358670029000109, -8.57947599299996, 0.0 ], [ 115.3591240290001, -8.579234027999973, 0.0 ], [ 115.359815008000055, -8.578962967999928, 0.0 ], [ 115.361919980000039, -8.578189959999975, 0.0 ], [ 115.362234999000066, -8.578059043999929, 0.0 ], [ 115.363749969000082, -8.57743303999996, 0.0 ], [ 115.364185011000018, -8.57713900899995, 0.0 ], [ 115.364448016000097, -8.57696203699993, 0.0 ], [ 115.365331008000112, -8.576507997999954, 0.0 ], [ 115.365967013000045, -8.576181005999956, 0.0 ], [ 115.36631198900011, -8.57612099499994, 0.0 ], [ 115.366443978, -8.57608503199998, 0.0 ], [ 115.367154963000075, -8.575863037999966, 0.0 ], [ 115.369314968000026, -8.575229973999967, 0.0 ], [ 115.369504034000101, -8.575124010999957, 0.0 ], [ 115.36953496600006, -8.57500201199997, 0.0 ], [ 115.369923989000085, -8.574906023999972, 0.0 ], [ 115.370258978000038, -8.574869018999948, 0.0 ], [ 115.370526004000112, -8.574890033999964, 0.0 ], [ 115.371054973000014, -8.57487698999995, 0.0 ], [ 115.371845025000084, -8.574856005999948, 0.0 ], [ 115.372323985000094, -8.574853957999949, 0.0 ], [ 115.372968030000038, -8.574800986999946, 0.0 ], [ 115.373783011000114, -8.574942009999972, 0.0 ], [ 115.37406497500001, -8.574991018999981, 0.0 ], [ 115.374418007000031, -8.574973974999978, 0.0 ], [ 115.374793998000087, -8.574895011999956, 0.0 ], [ 115.375000003000082, -8.574804032999964, 0.0 ], [ 115.375000977000013, -8.574804036999979, 0.0 ], [ 115.375194972000031, -8.574718974999939, 0.0 ], [ 115.375625995000064, -8.574539989999948, 0.0 ], [ 115.375969023000039, -8.574461971999938, 0.0 ], [ 115.376436027000068, -8.57445299799997, 0.0 ], [ 115.376476984000078, -8.574456966999946, 0.0 ], [ 115.376943985000025, -8.574501960999953, 0.0 ] ] ] ] } },
{ "type": "Feature", "properties": { "REMARK": "Pasir/Bukit Pasir Laut", "SHAPE_Leng": 0.13880090792, "SHAPE_Area": 0.00015777675 }, "geometry": { "type": "MultiPolygon", "coordinates": [ [ [ [ 115.504866972000059, -8.671683005999967, 0.0 ], [ 115.507923004000077, -8.672477955999966, 0.0 ], [ 115.51077801800011, -8.673595023999951, 0.0 ], [ 115.511933980000094, -8.674031033999938, 0.0 ], [ 115.514557033000074, -8.674614959999928, 0.0 ], [ 115.518023024000058, -8.675153957999953, 0.0 ], [ 115.520469036, -8.675412965999953, 0.0 ], [ 115.525083965000022, -8.675686042999928, 0.0 ], [ 115.527096010000037, -8.675786026999958, 0.0 ], [ 115.529346021000038, -8.675794974999974, 0.0 ], [ 115.53094301100009, -8.675859979999927, 0.0 ], [ 115.531833997000035, -8.675808984999946, 0.0 ], [ 115.531974973000047, -8.675782043999959, 0.0 ], [ 115.532071983000037, -8.675789015999953, 0.0 ], [ 115.533209979000048, -8.675786972999958, 0.0 ], [ 115.534734979000064, -8.675750972999936, 0.0 ], [ 115.53646303000005, -8.675873955999975, 0.0 ], [ 115.537551983000071, -8.676192019999974, 0.0 ], [ 115.536290019000035, -8.676355968999928, 0.0 ], [ 115.536280033000025, -8.676360992999946, 0.0 ], [ 115.535013033000041, -8.676490021999939, 0.0 ], [ 115.534373967000079, -8.676559982999947, 0.0 ], [ 115.534076006000078, -8.676548984999954, 0.0 ], [ 115.533986016000085, -8.676548005999962, 0.0 ], [ 115.531508013, -8.676993036999932, 0.0 ], [ 115.530550014000028, -8.677165006999928, 0.0 ], [ 115.530375965000076, -8.677198961999977, 0.0 ], [ 115.53017700700002, -8.677240956999981, 0.0 ], [ 115.529570002000014, -8.677294036999967, 0.0 ], [ 115.52947503300004, -8.677301988999943, 0.0 ], [ 115.527646025000081, -8.677243042999976, 0.0 ], [ 115.526199024000107, -8.677221996999947, 0.0 ], [ 115.5237910190001, -8.677163959999973, 0.0 ], [ 115.523556009000117, -8.677151026999979, 0.0 ], [ 115.522717994000118, -8.677088025999979, 0.0 ], [ 115.52244999900006, -8.677079032999927, 0.0 ], [ 115.52236596900002, -8.677087024999935, 0.0 ], [ 115.521796967000114, -8.677117998999961, 0.0 ], [ 115.518916977000117, -8.677174002999948, 0.0 ], [ 115.518749003000039, -8.677110970999934, 0.0 ], [ 115.518498035000107, -8.677040022999961, 0.0 ], [ 115.517928012000084, -8.677045041999975, 0.0 ], [ 115.517689008000048, -8.677018980999947, 0.0 ], [ 115.51760699700003, -8.677008988999944, 0.0 ], [ 115.516671010000096, -8.676899035999952, 0.0 ], [ 115.515908037000031, -8.676771038999959, 0.0 ], [ 115.5155780340001, -8.676677, 0.0 ], [ 115.5143530040001, -8.676232954999932, 0.0 ], [ 115.514268994000076, -8.676198002999968, 0.0 ], [ 115.512921034000101, -8.675841981999952, 0.0 ], [ 115.509233996000034, -8.674260974999981, 0.0 ], [ 115.508326007000051, -8.673932965999938, 0.0 ], [ 115.506894024000076, -8.673417032999964, 0.0 ], [ 115.505748973000095, -8.673123981999936, 0.0 ], [ 115.50370802000009, -8.672689006999974, 0.0 ], [ 115.501708018000045, -8.672434991999978, 0.0 ], [ 115.500922029000094, -8.672257968999929, 0.0 ], [ 115.500824984000019, -8.672222962999967, 0.0 ], [ 115.500001014000077, -8.67223301599995, 0.0 ], [ 115.499999965000029, -8.672233011999936, 0.0 ], [ 115.499172025, -8.67224295699998, 0.0 ], [ 115.498581963000106, -8.672240003999946, 0.0 ], [ 115.498580989000061, -8.67224, 0.0 ], [ 115.498434971000052, -8.672216010999932, 0.0 ], [ 115.496373977000076, -8.672247044999949, 0.0 ], [ 115.496164986000053, -8.672250017999943, 0.0 ], [ 115.495273979000103, -8.67225401099995, 0.0 ], [ 115.494377016000044, -8.672230043999946, 0.0 ], [ 115.493561035000084, -8.672323014999961, 0.0 ], [ 115.493050985000082, -8.672493040999939, 0.0 ], [ 115.491616036000096, -8.673086028999933, 0.0 ], [ 115.490371011000093, -8.673702995999975, 0.0 ], [ 115.489937017000102, -8.674002956999971, 0.0 ], [ 115.489377033000096, -8.674835981999934, 0.0 ], [ 115.488673022000057, -8.676869993999958, 0.0 ], [ 115.487553963000096, -8.676601037999944, 0.0 ], [ 115.487398978000101, -8.677281977999939, 0.0 ], [ 115.48765797100009, -8.677330014999939, 0.0 ], [ 115.487742986000057, -8.676982025999962, 0.0 ], [ 115.488564994000058, -8.677182995999942, 0.0 ], [ 115.488528994000035, -8.677285008999945, 0.0 ], [ 115.48808400900009, -8.678775993999977, 0.0 ], [ 115.487808984000026, -8.679718990999959, 0.0 ], [ 115.487420976000067, -8.681050997999932, 0.0 ], [ 115.487409036000031, -8.68109497699993, 0.0 ], [ 115.48705799600009, -8.682325968999976, 0.0 ], [ 115.486631966000118, -8.683440040999926, 0.0 ], [ 115.486474003000012, -8.683796960999928, 0.0 ], [ 115.486459015000037, -8.683815975999948, 0.0 ], [ 115.486011968000071, -8.683518038999978, 0.0 ], [ 115.485767022000118, -8.683366995999961, 0.0 ], [ 115.48517601900005, -8.683334001999981, 0.0 ], [ 115.484899969000026, -8.683352974999934, 0.0 ], [ 115.484055009000031, -8.683509992999973, 0.0 ], [ 115.482616026000073, -8.683975, 0.0 ], [ 115.481788012000038, -8.684314965999931, 0.0 ], [ 115.480953986000031, -8.684770983999954, 0.0 ], [ 115.479306004000023, -8.685777022999957, 0.0 ], [ 115.479287972000066, -8.68578897499998, 0.0 ], [ 115.479380029000026, -8.683491015999948, 0.0 ], [ 115.47963697900002, -8.68242799199993, 0.0 ], [ 115.480174980000015, -8.680791030999956, 0.0 ], [ 115.480714009000053, -8.679605005999974, 0.0 ], [ 115.481228028000032, -8.678861042999927, 0.0 ], [ 115.482166967000012, -8.677820979999979, 0.0 ], [ 115.484756036000022, -8.675113013999976, 0.0 ], [ 115.487085965, -8.671785995999926, 0.0 ], [ 115.488102010000034, -8.670830021999961, 0.0 ], [ 115.488981025000044, -8.670319013999972, 0.0 ], [ 115.490083018000064, -8.669903988999977, 0.0 ], [ 115.490824027000031, -8.669763988999932, 0.0 ], [ 115.492327985000088, -8.669693989999928, 0.0 ], [ 115.495018997000102, -8.669580027999928, 0.0 ], [ 115.498349010000084, -8.66942796799998, 0.0 ], [ 115.499274996000054, -8.669520022999961, 0.0 ], [ 115.499386964000109, -8.669552013999976, 0.0 ], [ 115.500000008000029, -8.669899043999976, 0.0 ], [ 115.500000979000106, -8.669900041999938, 0.0 ], [ 115.500486031000037, -8.670174967999969, 0.0 ], [ 115.50170899200009, -8.67060096199998, 0.0 ], [ 115.504866972000059, -8.671683005999967, 0.0 ] ] ] ] } },
{ "type": "Feature", "properties": { "REMARK": "Pasir/Bukit Pasir Laut", "SHAPE_Leng": 0.10557764275000001, "SHAPE_Area": 3.782751e-05 }, "geometry": { "type": "MultiPolygon", "coordinates": [ [ [ [ 115.585597012000107, -8.706436958999973, 0.0 ], [ 115.584854032000067, -8.70568697799996, 0.0 ], [ 115.584456025, -8.704791005999937, 0.0 ], [ 115.584194010000033, -8.70370197699998, 0.0 ], [ 115.584042035000039, -8.702087006999932, 0.0 ], [ 115.583945992000054, -8.701620960999946, 0.0 ], [ 115.583927010000025, -8.701586987999974, 0.0 ], [ 115.583878030000051, -8.701279962999934, 0.0 ], [ 115.583820975000094, -8.700110962999929, 0.0 ], [ 115.58350198800008, -8.698289965999948, 0.0 ], [ 115.583492007000018, -8.698233965999975, 0.0 ], [ 115.583377034000023, -8.697580977999962, 0.0 ], [ 115.58317403500007, -8.696981001999973, 0.0 ], [ 115.583123982000075, -8.696860031999961, 0.0 ], [ 115.582929993000107, -8.696115979999945, 0.0 ], [ 115.582433026000103, -8.694456962999936, 0.0 ], [ 115.581681977000017, -8.69155597799994, 0.0 ], [ 115.58105803400008, -8.689749033999931, 0.0 ], [ 115.580675027000098, -8.689134012999943, 0.0 ], [ 115.58041799700004, -8.68865597599995, 0.0 ], [ 115.580211023000061, -8.688278025999978, 0.0 ], [ 115.579207981000081, -8.685876956999948, 0.0 ], [ 115.578507031000072, -8.685201984999935, 0.0 ], [ 115.577727993000053, -8.684410004999961, 0.0 ], [ 115.576998989000117, -8.683624991999977, 0.0 ], [ 115.576513969000075, -8.683039963999931, 0.0 ], [ 115.575596976000043, -8.681754023999929, 0.0 ], [ 115.575596002000111, -8.681754019999971, 0.0 ], [ 115.575473975000023, -8.681604030999949, 0.0 ], [ 115.573515981000014, -8.679154002999951, 0.0 ], [ 115.572919992000038, -8.678311982999958, 0.0 ], [ 115.572694012000056, -8.677949960999968, 0.0 ], [ 115.572319036000067, -8.677536030999931, 0.0 ], [ 115.571694026000046, -8.676938993999954, 0.0 ], [ 115.570217970000044, -8.675935010999979, 0.0 ], [ 115.569207980000101, -8.675352982999925, 0.0 ], [ 115.569093028000111, -8.675274982999952, 0.0 ], [ 115.56896598000003, -8.675185997999961, 0.0 ], [ 115.566626985000084, -8.674032036999961, 0.0 ], [ 115.566547986000046, -8.673998018999953, 0.0 ], [ 115.566540012000019, -8.674006034999934, 0.0 ], [ 115.565849989000071, -8.673702026999933, 0.0 ], [ 115.565060030000041, -8.673174969999934, 0.0 ], [ 115.564420988000052, -8.672686991999967, 0.0 ], [ 115.563235973000019, -8.672164955999961, 0.0 ], [ 115.562004981000086, -8.671872013999973, 0.0 ], [ 115.560359994, -8.671637989999965, 0.0 ], [ 115.560089969000046, -8.671590954999942, 0.0 ], [ 115.559942994000039, -8.671599983999954, 0.0 ], [ 115.557848018000072, -8.671884, 0.0 ], [ 115.556495031000054, -8.672104992999948, 0.0 ], [ 115.555167022000091, -8.672181968999951, 0.0 ], [ 115.554234012000052, -8.672152037999979, 0.0 ], [ 115.554319018000115, -8.672103992999951, 0.0 ], [ 115.555018002000111, -8.671824027999946, 0.0 ], [ 115.556747026000039, -8.671378986999969, 0.0 ], [ 115.558279965000111, -8.671106958999928, 0.0 ], [ 115.559733032000054, -8.670931990999975, 0.0 ], [ 115.560993005000114, -8.670972, 0.0 ], [ 115.562016999000093, -8.671155043999931, 0.0 ], [ 115.563598009000088, -8.671621978999951, 0.0 ], [ 115.56455199200002, -8.672088991999942, 0.0 ], [ 115.564762033000079, -8.672185973999945, 0.0 ], [ 115.566394031000073, -8.673001970999962, 0.0 ], [ 115.570296990000088, -8.675132040999927, 0.0 ], [ 115.571859997000047, -8.676306042999954, 0.0 ], [ 115.572757968000019, -8.676968017999968, 0.0 ], [ 115.573581966, -8.677674013999933, 0.0 ], [ 115.576157991000059, -8.680268015999957, 0.0 ], [ 115.577332029000104, -8.681668012999978, 0.0 ], [ 115.578017004000117, -8.68262300899994, 0.0 ], [ 115.578897009000116, -8.684103001999972, 0.0 ], [ 115.579816015, -8.685973969999964, 0.0 ], [ 115.580466026000067, -8.687242997999931, 0.0 ], [ 115.580802037000012, -8.688040014999956, 0.0 ], [ 115.581979978000049, -8.691740975999949, 0.0 ], [ 115.583291037000095, -8.695478956999978, 0.0 ], [ 115.58346502500001, -8.695882007999955, 0.0 ], [ 115.584193991, -8.697823957999958, 0.0 ], [ 115.584418035000112, -8.698726966999971, 0.0 ], [ 115.584628995000116, -8.700180960999944, 0.0 ], [ 115.584720019000088, -8.702063039999928, 0.0 ], [ 115.584818037000105, -8.703399987999944, 0.0 ], [ 115.585022010000102, -8.704539970999974, 0.0 ], [ 115.585384976000114, -8.705787044999965, 0.0 ], [ 115.585597012000107, -8.706436958999973, 0.0 ] ] ] ] } },
{ "type": "Feature", "properties": { "REMARK": "Pasir/Bukit Pasir Laut", "SHAPE_Leng": 0.06757894504, "SHAPE_Area": 0.00010477454 }, "geometry": { "type": "MultiPolygon", "coordinates": [ [ [ [ 115.536023037000064, -8.797513036999931, 0.0 ], [ 115.534671989000117, -8.798571034999952, 0.0 ], [ 115.533927018000099, -8.799460975999978, 0.0 ], [ 115.532032974000117, -8.801392961999966, 0.0 ], [ 115.5309159950001, -8.802374016999977, 0.0 ], [ 115.529332968000062, -8.803875967999943, 0.0 ], [ 115.528494008000052, -8.804795992999971, 0.0 ], [ 115.527409033000026, -8.80546996399994, 0.0 ], [ 115.525272033000078, -8.806293044999961, 0.0 ], [ 115.524036010000032, -8.805888969999955, 0.0 ], [ 115.522832023000092, -8.804931017999934, 0.0 ], [ 115.521909010000059, -8.803758008999978, 0.0 ], [ 115.521545974000105, -8.801233029999935, 0.0 ], [ 115.522129977000077, -8.793727039999965, 0.0 ], [ 115.521948965000092, -8.79215699599996, 0.0 ], [ 115.52158, -8.791694031999953, 0.0 ], [ 115.52217302400004, -8.790033997999956, 0.0 ], [ 115.522948986000074, -8.789513958999976, 0.0 ], [ 115.523895025000115, -8.789294998999935, 0.0 ], [ 115.523839001000056, -8.789435991999937, 0.0 ], [ 115.523669967000046, -8.789987973999928, 0.0 ], [ 115.523698011000079, -8.790099009999949, 0.0 ], [ 115.523736034000081, -8.790244981999933, 0.0 ], [ 115.524000028000046, -8.79047103299996, 0.0 ], [ 115.523988034000013, -8.790584986999932, 0.0 ], [ 115.523756966000064, -8.790826998999933, 0.0 ], [ 115.523360986000057, -8.791280001999951, 0.0 ], [ 115.523403027000086, -8.791603996999982, 0.0 ], [ 115.523573979000048, -8.791836011999976, 0.0 ], [ 115.524417966000101, -8.792271995999954, 0.0 ], [ 115.525072992000105, -8.792633014999979, 0.0 ], [ 115.525474978000034, -8.792651042999978, 0.0 ], [ 115.525840987000038, -8.792555018999963, 0.0 ], [ 115.525866988000075, -8.792652033999957, 0.0 ], [ 115.525877028000082, -8.79269103799993, 0.0 ], [ 115.525978984000062, -8.792876043999968, 0.0 ], [ 115.526252998000018, -8.793051958999968, 0.0 ], [ 115.526516998000034, -8.793031022999969, 0.0 ], [ 115.526888037000049, -8.79300896899997, 0.0 ], [ 115.526977016000046, -8.793026041999951, 0.0 ], [ 115.526988027000016, -8.793027982999945, 0.0 ], [ 115.527253011000084, -8.793175022999947, 0.0 ], [ 115.527371017000064, -8.793395981999936, 0.0 ], [ 115.527676024000016, -8.794189029999927, 0.0 ], [ 115.527972026000043, -8.794435002999933, 0.0 ], [ 115.528072, -8.794495964999953, 0.0 ], [ 115.528052992000084, -8.79460202599995, 0.0 ], [ 115.528126993000114, -8.795393990999969, 0.0 ], [ 115.528369018000035, -8.795984014999931, 0.0 ], [ 115.528504994000059, -8.796494971999948, 0.0 ], [ 115.528490975000068, -8.796932024999933, 0.0 ], [ 115.528589964000048, -8.797090981999929, 0.0 ], [ 115.528800998000065, -8.797613984999941, 0.0 ], [ 115.528795983, -8.797764036999979, 0.0 ], [ 115.528682975000038, -8.798156042999949, 0.0 ], [ 115.528568005000011, -8.798893026999963, 0.0 ], [ 115.528558020000105, -8.798954010999978, 0.0 ], [ 115.528556965, -8.799201986999947, 0.0 ], [ 115.528741037000032, -8.799415971999963, 0.0 ], [ 115.52898003700011, -8.799425041999939, 0.0 ], [ 115.529417967000086, -8.79954898099993, 0.0 ], [ 115.529843968000023, -8.79954295999994, 0.0 ], [ 115.530820977000076, -8.79940303099994, 0.0 ], [ 115.532944030000067, -8.798168964999945, 0.0 ], [ 115.534031994000088, -8.798003963999975, 0.0 ], [ 115.534325004000038, -8.797830984999962, 0.0 ], [ 115.534958989000074, -8.797333963999961, 0.0 ], [ 115.536023037000064, -8.797513036999931, 0.0 ] ], [ [ 115.528302031000067, -8.799166003999972, 0.0 ], [ 115.528428021000082, -8.799074011999949, 0.0 ], [ 115.528371994000054, -8.798987998999962, 0.0 ], [ 115.528232003000085, -8.799056972999949, 0.0 ], [ 115.528302031000067, -8.799166003999972, 0.0 ] ], [ [ 115.527881026000045, -8.799102972999947, 0.0 ], [ 115.527982035000036, -8.799168006999935, 0.0 ], [ 115.528122002000032, -8.799161954999931, 0.0 ], [ 115.528153997000118, -8.799031987999967, 0.0 ], [ 115.528073980000045, -8.798966040999971, 0.0 ], [ 115.527913968, -8.79905600099994, 0.0 ], [ 115.527881026000045, -8.799102972999947, 0.0 ] ], [ [ 115.529037011000014, -8.799593959999982, 0.0 ], [ 115.528857972000083, -8.799567042999968, 0.0 ], [ 115.52872000800005, -8.799673000999974, 0.0 ], [ 115.528716978000034, -8.79975697499998, 0.0 ], [ 115.528824035000071, -8.799809014999937, 0.0 ], [ 115.529005008000013, -8.799726006999947, 0.0 ], [ 115.529037011000014, -8.799593959999982, 0.0 ] ], [ [ 115.527399990000049, -8.799360010999976, 0.0 ], [ 115.527371026000083, -8.79936803399994, 0.0 ], [ 115.52706196400004, -8.799504962999947, 0.0 ], [ 115.526866026000107, -8.799770980999938, 0.0 ], [ 115.526755998000112, -8.800091035999969, 0.0 ], [ 115.526776968000036, -8.800323005999928, 0.0 ], [ 115.527034018000109, -8.800582026999962, 0.0 ], [ 115.527258986000106, -8.800651976999973, 0.0 ], [ 115.527499972000101, -8.800557, 0.0 ], [ 115.528069030000097, -8.799952970999925, 0.0 ], [ 115.528061015000048, -8.799762004999934, 0.0 ], [ 115.527844989000073, -8.799515981999946, 0.0 ], [ 115.527490999000065, -8.799376006999978, 0.0 ], [ 115.527399990000049, -8.799360010999976, 0.0 ] ], [ [ 115.525465024000027, -8.802646965999941, 0.0 ], [ 115.525372975000096, -8.804237004999948, 0.0 ], [ 115.525388987000042, -8.804565959999934, 0.0 ], [ 115.525727026000027, -8.804456990999938, 0.0 ], [ 115.526242002000117, -8.804149009999946, 0.0 ], [ 115.526451984, -8.803934036999976, 0.0 ], [ 115.526512967000031, -8.803620028999944, 0.0 ], [ 115.526406037000015, -8.803213963999951, 0.0 ], [ 115.526036988000101, -8.802617021999936, 0.0 ], [ 115.525750974000061, -8.802460043999929, 0.0 ], [ 115.525465024000027, -8.802646965999941, 0.0 ] ] ] ] } },
{ "type": "Feature", "properties": { "REMARK": "Pasir/Bukit Pasir Laut", "SHAPE_Leng": 0.09339362705, "SHAPE_Area": 0.00013098407 }, "geometry": { "type": "MultiPolygon", "coordinates": [ [ [ [ 115.565366029000074, -8.807936003999941, 0.0 ], [ 115.565372003000107, -8.807941992999929, 0.0 ], [ 115.565591965000067, -8.808206004999931, 0.0 ], [ 115.565667033000068, -8.808275, 0.0 ], [ 115.565890978000084, -8.808478001999958, 0.0 ], [ 115.566837987000099, -8.809147002999964, 0.0 ], [ 115.567313991000105, -8.809767014999977, 0.0 ], [ 115.567793017000099, -8.810497966999947, 0.0 ], [ 115.568215023000107, -8.811339990999954, 0.0 ], [ 115.568184024000061, -8.811818031999962, 0.0 ], [ 115.56820403100005, -8.812442996999948, 0.0 ], [ 115.568341032000035, -8.812664019999943, 0.0 ], [ 115.568676013000072, -8.812941034999938, 0.0 ], [ 115.569131984000023, -8.81309998699993, 0.0 ], [ 115.569475028000056, -8.813112954999951, 0.0 ], [ 115.569818, -8.813125018999926, 0.0 ], [ 115.570500974000083, -8.813220011999931, 0.0 ], [ 115.571614968000063, -8.813471960999948, 0.0 ], [ 115.572445007000056, -8.813549970999929, 0.0 ], [ 115.572807993000083, -8.813445030999958, 0.0 ], [ 115.573199989000045, -8.813105957999937, 0.0 ], [ 115.573920018000081, -8.812451977999956, 0.0 ], [ 115.574312984000017, -8.812308998999981, 0.0 ], [ 115.574324007000087, -8.812307955999927, 0.0 ], [ 115.574335034000114, -8.81230600899994, 0.0 ], [ 115.574464979000027, -8.812374034999948, 0.0 ], [ 115.575137015000109, -8.812682970999958, 0.0 ], [ 115.575640974000066, -8.812722037999947, 0.0 ], [ 115.576188004000073, -8.812613000999932, 0.0 ], [ 115.576916020000112, -8.812515043999952, 0.0 ], [ 115.577397, -8.812623996999946, 0.0 ], [ 115.577981019000049, -8.812897968999948, 0.0 ], [ 115.579032009000116, -8.813455955999927, 0.0 ], [ 115.579432968000106, -8.813850017999926, 0.0 ], [ 115.579781027000081, -8.814729001999979, 0.0 ], [ 115.579977006000036, -8.815191991999939, 0.0 ], [ 115.580363992000116, -8.815947988999937, 0.0 ], [ 115.580556991000094, -8.816425974999959, 0.0 ], [ 115.580800031000081, -8.816539991999946, 0.0 ], [ 115.5814930250001, -8.816782005999926, 0.0 ], [ 115.582105018000107, -8.817192954999939, 0.0 ], [ 115.582356964000041, -8.817586, 0.0 ], [ 115.582476969000027, -8.818000968999968, 0.0 ], [ 115.582750021000038, -8.81822602699998, 0.0 ], [ 115.58309599800009, -8.818375960999958, 0.0 ], [ 115.584485007000012, -8.818641026999956, 0.0 ], [ 115.585117984000021, -8.818602004999946, 0.0 ], [ 115.585817012, -8.818679041999928, 0.0 ], [ 115.586264036000102, -8.818889021999951, 0.0 ], [ 115.586747997000089, -8.819321, 0.0 ], [ 115.58709202700004, -8.819490992999931, 0.0 ], [ 115.587720991000083, -8.819541997999977, 0.0 ], [ 115.58823802500001, -8.81945796399998, 0.0 ], [ 115.588254978, -8.819455044999927, 0.0 ], [ 115.588815005000015, -8.819241979999958, 0.0 ], [ 115.589519969000094, -8.818841954999925, 0.0 ], [ 115.590113996000014, -8.818499010999972, 0.0 ], [ 115.590512973000045, -8.81827403799997, 0.0 ], [ 115.590590993000092, -8.817862977999937, 0.0 ], [ 115.59052396800007, -8.817549013999951, 0.0 ], [ 115.590255035000041, -8.817205, 0.0 ], [ 115.589551971000105, -8.816650968999966, 0.0 ], [ 115.589621985, -8.816572034999979, 0.0 ], [ 115.589855008000086, -8.816560975999948, 0.0 ], [ 115.590468035000072, -8.816681980999931, 0.0 ], [ 115.59141003000002, -8.816794001999938, 0.0 ], [ 115.592038000000116, -8.816711010999938, 0.0 ], [ 115.592600032000064, -8.816461965999963, 0.0 ], [ 115.593063033000021, -8.81605596299994, 0.0 ], [ 115.594158005000054, -8.814943982999978, 0.0 ], [ 115.594450024000025, -8.815090992999956, 0.0 ], [ 115.594551975000059, -8.815011001999949, 0.0 ], [ 115.594513002000099, -8.814771005999944, 0.0 ], [ 115.594230978000041, -8.81433997399995, 0.0 ], [ 115.593784994000089, -8.81367598199995, 0.0 ], [ 115.593243027000085, -8.812843020999935, 0.0 ], [ 115.593133013000056, -8.81265700299997, 0.0 ], [ 115.593180978000078, -8.812620024999944, 0.0 ], [ 115.593267984000022, -8.812666005999972, 0.0 ], [ 115.593567033000113, -8.813034992999974, 0.0 ], [ 115.59365996400004, -8.812961024999936, 0.0 ], [ 115.593833994000079, -8.812830043999952, 0.0 ], [ 115.594183034000025, -8.812764989999948, 0.0 ], [ 115.596560977000081, -8.814048981999974, 0.0 ], [ 115.597201036000115, -8.815250986999956, 0.0 ], [ 115.596792981000021, -8.816850034999959, 0.0 ], [ 115.595661018000101, -8.818606036999938, 0.0 ], [ 115.593886021000117, -8.820280971999978, 0.0 ], [ 115.592111996000085, -8.821714963999966, 0.0 ], [ 115.587283981000041, -8.82217897299995, 0.0 ], [ 115.584630964000098, -8.821690006999972, 0.0 ], [ 115.581819006000046, -8.820560975999967, 0.0 ], [ 115.579248976000031, -8.819352016999972, 0.0 ], [ 115.577479992, -8.819106015999978, 0.0 ], [ 115.574990028000116, -8.818137002999947, 0.0 ], [ 115.572660035000013, -8.817249044999926, 0.0 ], [ 115.569849, -8.81596000899998, 0.0 ], [ 115.567923971000027, -8.81435302899996, 0.0 ], [ 115.566802003000021, -8.813388998999926, 0.0 ], [ 115.565198973000065, -8.811544020999975, 0.0 ], [ 115.56512396700009, -8.809943001999955, 0.0 ], [ 115.565366029000074, -8.807936003999941, 0.0 ] ], [ [ 115.5947449680001, -8.816288997999948, 0.0 ], [ 115.594616966000103, -8.815486967999959, 0.0 ], [ 115.594422023000106, -8.815418975999933, 0.0 ], [ 115.59430597000005, -8.815561023999976, 0.0 ], [ 115.594324026000095, -8.816674004999982, 0.0 ], [ 115.594445002000043, -8.816816035999977, 0.0 ], [ 115.594637024, -8.816724989999955, 0.0 ], [ 115.594734, -8.816553036999949, 0.0 ], [ 115.5947449680001, -8.816288997999948, 0.0 ] ] ] ] } },
{ "type": "Feature", "properties": { "REMARK": "Pasir/Bukit Pasir Laut", "SHAPE_Leng": 0.01729491288, "SHAPE_Area": 6.12446e-06 }, "geometry": { "type": "MultiPolygon", "coordinates": [ [ [ [ 114.907665030000089, -8.183049987999937, 0.0 ], [ 114.907268, -8.18277797099995, 0.0 ], [ 114.906764963000114, -8.182519955999965, 0.0 ], [ 114.906521994000059, -8.182472964999931, 0.0 ], [ 114.906396973000028, -8.182517957999949, 0.0 ], [ 114.90630102800003, -8.182625009999981, 0.0 ], [ 114.905908965000094, -8.183293039999967, 0.0 ], [ 114.905662006000057, -8.18353704499998, 0.0 ], [ 114.905260999, -8.183782961999952, 0.0 ], [ 114.905029963000061, -8.183972008999945, 0.0 ], [ 114.904719036000074, -8.184316994999961, 0.0 ], [ 114.904594001000078, -8.184578983999927, 0.0 ], [ 114.904449977000013, -8.185096011999974, 0.0 ], [ 114.90425902700008, -8.185873987999969, 0.0 ], [ 114.90413903000001, -8.186131031999935, 0.0 ], [ 114.903417988000115, -8.187445990999947, 0.0 ], [ 114.903271970000105, -8.187599958999954, 0.0 ], [ 114.903140998000026, -8.187680979999925, 0.0 ], [ 114.903134008000052, -8.187629970999978, 0.0 ], [ 114.903008998000018, -8.186829025999941, 0.0 ], [ 114.902983997000092, -8.18651700199996, 0.0 ], [ 114.903029013000037, -8.186321025999973, 0.0 ], [ 114.903656033000061, -8.185645996999938, 0.0 ], [ 114.90379701300003, -8.185467960999972, 0.0 ], [ 114.90402102500002, -8.184405014999982, 0.0 ], [ 114.904181002000087, -8.183812966999938, 0.0 ], [ 114.904435006000085, -8.18326596199995, 0.0 ], [ 114.904798024000115, -8.182644960999937, 0.0 ], [ 114.905078017000051, -8.182278032999932, 0.0 ], [ 114.905509983000115, -8.181833987999937, 0.0 ], [ 114.905746029000056, -8.181644965999965, 0.0 ], [ 114.905942029000016, -8.181546023999942, 0.0 ], [ 114.906161022000106, -8.181513990999974, 0.0 ], [ 114.906357006, -8.181547, 0.0 ], [ 114.906624975000113, -8.181706008999981, 0.0 ], [ 114.906937987000106, -8.181993044999956, 0.0 ], [ 114.90731297100001, -8.182503996999969, 0.0 ], [ 114.907626987000071, -8.182956971999943, 0.0 ], [ 114.907665030000089, -8.183049987999937, 0.0 ] ] ] ] } },
{ "type": "Feature", "properties": { "REMARK": "Pasir/Bukit Pasir Laut", "SHAPE_Leng": 0.01260825048, "SHAPE_Area": 4.92696e-06 }, "geometry": { "type": "MultiPolygon", "coordinates": [ [ [ [ 114.895849968000107, -8.188607, 0.0 ], [ 114.895422985000096, -8.188484029999927, 0.0 ], [ 114.89512000700006, -8.188395958999934, 0.0 ], [ 114.894001979000109, -8.188272996999956, 0.0 ], [ 114.893299035000041, -8.188217, 0.0 ], [ 114.892896037000014, -8.188228, 0.0 ], [ 114.892518983000059, -8.188312973999928, 0.0 ], [ 114.891854008000109, -8.188533997999969, 0.0 ], [ 114.891317034000053, -8.188713031999953, 0.0 ], [ 114.891096001000051, -8.188847984999938, 0.0 ], [ 114.890914968000061, -8.18902996199995, 0.0 ], [ 114.890743983000107, -8.189292968999951, 0.0 ], [ 114.890896967000117, -8.188441964999981, 0.0 ], [ 114.89199201100007, -8.187558012999943, 0.0 ], [ 114.892829963000054, -8.187235041999941, 0.0 ], [ 114.893067994000035, -8.187039984999956, 0.0 ], [ 114.893406002, -8.186868043999937, 0.0 ], [ 114.893652964000012, -8.186809954999944, 0.0 ], [ 114.89406202400005, -8.186841010999956, 0.0 ], [ 114.894297010000059, -8.186897998999939, 0.0 ], [ 114.894581005000077, -8.187039022999954, 0.0 ], [ 114.895051017000014, -8.187430006999932, 0.0 ], [ 114.895690990000048, -8.188236979999942, 0.0 ], [ 114.895814014000052, -8.18841602599997, 0.0 ], [ 114.895849968000107, -8.188607, 0.0 ] ] ] ] } },
{ "type": "Feature", "properties": { "REMARK": "Pasir/Bukit Pasir Laut", "SHAPE_Leng": 0.04806181935, "SHAPE_Area": 1.865019e-05 }, "geometry": { "type": "MultiPolygon", "coordinates": [ [ [ [ 114.887409020000064, -8.190691006999941, 0.0 ], [ 114.886231999000074, -8.190972962999979, 0.0 ], [ 114.885913990000063, -8.190955028999952, 0.0 ], [ 114.885576008000044, -8.19087996199994, 0.0 ], [ 114.885330023000051, -8.19086601999993, 0.0 ], [ 114.885092027000042, -8.19092595799998, 0.0 ], [ 114.884766029000048, -8.19107499699993, 0.0 ], [ 114.883961013000089, -8.191533956999933, 0.0 ], [ 114.883743987000116, -8.19173101399997, 0.0 ], [ 114.883413989000019, -8.192127030999927, 0.0 ], [ 114.883294034000073, -8.192245969999931, 0.0 ], [ 114.88307098100006, -8.19246495699997, 0.0 ], [ 114.882803011000078, -8.192633006999927, 0.0 ], [ 114.881878999000037, -8.193085008999958, 0.0 ], [ 114.881510979000041, -8.193201017999968, 0.0 ], [ 114.88091298400002, -8.193316992999939, 0.0 ], [ 114.880421007000109, -8.193502028999944, 0.0 ], [ 114.878879003000065, -8.194158008999977, 0.0 ], [ 114.878053, -8.19457996899996, 0.0 ], [ 114.877554002000011, -8.194692030999931, 0.0 ], [ 114.877077005000046, -8.194830958999944, 0.0 ], [ 114.875576963000071, -8.195331967999948, 0.0 ], [ 114.875488011000016, -8.195345958999951, 0.0 ], [ 114.875472963000107, -8.195347958999946, 0.0 ], [ 114.875001001000101, -8.195411988999979, 0.0 ], [ 114.875000029000034, -8.195411982999929, 0.0 ], [ 114.874157033000074, -8.195525028999953, 0.0 ], [ 114.873867973000074, -8.19556399399994, 0.0 ], [ 114.87205102300004, -8.195599957999946, 0.0 ], [ 114.871065028000089, -8.195747036999933, 0.0 ], [ 114.870682975000022, -8.19577204199993, 0.0 ], [ 114.870645997000111, -8.195776003999981, 0.0 ], [ 114.870599031000097, -8.195786962999932, 0.0 ], [ 114.868899032000058, -8.196171025999945, 0.0 ], [ 114.86778997600004, -8.196302985999978, 0.0 ], [ 114.867197035000117, -8.196298041999967, 0.0 ], [ 114.866744016000098, -8.196247022999955, 0.0 ], [ 114.866126011, -8.196060018999958, 0.0 ], [ 114.865689985000017, -8.195922960999951, 0.0 ], [ 114.865379977000089, -8.195905955999933, 0.0 ], [ 114.864941970000018, -8.195944034999968, 0.0 ], [ 114.864972995000016, -8.195793994999974, 0.0 ], [ 114.865118021000058, -8.195506012999942, 0.0 ], [ 114.865273971000079, -8.195288038999934, 0.0 ], [ 114.865541974000053, -8.195059, 0.0 ], [ 114.865898966000032, -8.194851036999978, 0.0 ], [ 114.866299014000106, -8.194706021999934, 0.0 ], [ 114.866666022000118, -8.194654008999976, 0.0 ], [ 114.868066003000081, -8.195058975999927, 0.0 ], [ 114.868380025000079, -8.195137003999946, 0.0 ], [ 114.869243028000028, -8.195129996999981, 0.0 ], [ 114.869898014000114, -8.195144030999927, 0.0 ], [ 114.870497970000088, -8.195165997999936, 0.0 ], [ 114.871000963000029, -8.195146963999946, 0.0 ], [ 114.871037028000046, -8.19514597999995, 0.0 ], [ 114.871073964000061, -8.195135961999938, 0.0 ], [ 114.872120025000072, -8.194976004999944, 0.0 ], [ 114.874023973000021, -8.194701994999946, 0.0 ], [ 114.874888978000058, -8.194473021999954, 0.0 ], [ 114.875000021, -8.194440980999957, 0.0 ], [ 114.875000994000061, -8.19444098699995, 0.0 ], [ 114.876350984000055, -8.194062009999925, 0.0 ], [ 114.877106975000061, -8.19396196699995, 0.0 ], [ 114.878378968000106, -8.193773989999954, 0.0 ], [ 114.878653018000023, -8.193645018999973, 0.0 ], [ 114.879032997000081, -8.193389985999943, 0.0 ], [ 114.879515035000054, -8.193104038999934, 0.0 ], [ 114.879937031000054, -8.192952978999926, 0.0 ], [ 114.880593, -8.192710963999957, 0.0 ], [ 114.881307037000056, -8.192451989999938, 0.0 ], [ 114.882013999000037, -8.192187012999966, 0.0 ], [ 114.88265396700001, -8.191857967999965, 0.0 ], [ 114.883197979000101, -8.19149497799998, 0.0 ], [ 114.88329800200006, -8.191381989999968, 0.0 ], [ 114.883392004000029, -8.191276018999929, 0.0 ], [ 114.883943004000116, -8.190637957999968, 0.0 ], [ 114.884247002000052, -8.190503986999943, 0.0 ], [ 114.884646002000068, -8.19038596799993, 0.0 ], [ 114.885050024000066, -8.190323014999933, 0.0 ], [ 114.885457036000048, -8.190317013999959, 0.0 ], [ 114.88587498600009, -8.190379033999932, 0.0 ], [ 114.886548017000109, -8.190461006999953, 0.0 ], [ 114.887047998000071, -8.190502035999941, 0.0 ], [ 114.887409020000064, -8.190691006999941, 0.0 ] ] ] ] } },
{ "type": "Feature", "properties": { "REMARK": "Pasir/Bukit Pasir Laut", "SHAPE_Leng": 0.03809421061, "SHAPE_Area": 1.477115e-05 }, "geometry": { "type": "MultiPolygon", "coordinates": [ [ [ [ 114.959065991000102, -8.182579958999952, 0.0 ], [ 114.959123036000051, -8.182513997999934, 0.0 ], [ 114.959475026000064, -8.18225195499997, 0.0 ], [ 114.960589006000077, -8.181621027999938, 0.0 ], [ 114.96090696400006, -8.181503962999955, 0.0 ], [ 114.961291023000058, -8.181482040999981, 0.0 ], [ 114.9618860060001, -8.181558975999963, 0.0 ], [ 114.962865027000021, -8.181736, 0.0 ], [ 114.963564003000101, -8.181798001999937, 0.0 ], [ 114.96457599200005, -8.181789002999949, 0.0 ], [ 114.966810974000055, -8.18169198399994, 0.0 ], [ 114.967627007000033, -8.181642041999964, 0.0 ], [ 114.968981992000067, -8.181388016999961, 0.0 ], [ 114.969914985000059, -8.181155997999952, 0.0 ], [ 114.970955977000017, -8.180886016999978, 0.0 ], [ 114.97186900600002, -8.180681006999976, 0.0 ], [ 114.973675014000037, -8.18024096399995, 0.0 ], [ 114.974182972000108, -8.18015900499995, 0.0 ], [ 114.975062969000078, -8.180139012999973, 0.0 ], [ 114.975564979000069, -8.180183014999955, 0.0 ], [ 114.976076985000077, -8.180306962999964, 0.0 ], [ 114.976831977000074, -8.180641, 0.0 ], [ 114.977326002000041, -8.180874037999956, 0.0 ], [ 114.977606025000114, -8.180965008999976, 0.0 ], [ 114.977642029000094, -8.181006041999979, 0.0 ], [ 114.977245968000034, -8.18100396799997, 0.0 ], [ 114.976059980000059, -8.180919033999942, 0.0 ], [ 114.975213002000032, -8.180889030999936, 0.0 ], [ 114.974538997000082, -8.180918007999935, 0.0 ], [ 114.974172986000099, -8.181024991999948, 0.0 ], [ 114.973927977000017, -8.181170994999945, 0.0 ], [ 114.973314034000055, -8.181498983999973, 0.0 ], [ 114.972697037000103, -8.181691020999949, 0.0 ], [ 114.972312021000107, -8.181738978999931, 0.0 ], [ 114.971546988000114, -8.181807984999978, 0.0 ], [ 114.971092006000049, -8.18184402199995, 0.0 ], [ 114.970042030000059, -8.181892974999926, 0.0 ], [ 114.969649965000031, -8.181958970999972, 0.0 ], [ 114.967952014000048, -8.182244984999954, 0.0 ], [ 114.966505035000068, -8.182537044999947, 0.0 ], [ 114.966408963000049, -8.182539001999942, 0.0 ], [ 114.96610497000006, -8.182542983999952, 0.0 ], [ 114.964376020000032, -8.182480044999977, 0.0 ], [ 114.963496027000019, -8.182455000999937, 0.0 ], [ 114.963362007000114, -8.182475022999938, 0.0 ], [ 114.963174005000042, -8.182502995999926, 0.0 ], [ 114.962002994000045, -8.182726023999976, 0.0 ], [ 114.961572980000028, -8.182721955999966, 0.0 ], [ 114.960581004, -8.182649975999936, 0.0 ], [ 114.960357988000055, -8.182634026999949, 0.0 ], [ 114.959632989000056, -8.182599001999961, 0.0 ], [ 114.959065991000102, -8.182579958999952, 0.0 ] ] ] ] } },
{ "type": "Feature", "properties": { "REMARK": "Pasir/Bukit Pasir Laut", "SHAPE_Leng": 0.01007995831, "SHAPE_Area": 4.81833e-06 }, "geometry": { "type": "MultiPolygon", "coordinates": [ [ [ [ 114.930900985000108, -8.181950040999936, 0.0 ], [ 114.93013200300004, -8.181540026999926, 0.0 ], [ 114.929911016, -8.181422033999979, 0.0 ], [ 114.929384019000054, -8.181222033999973, 0.0 ], [ 114.928672980000101, -8.180949961999943, 0.0 ], [ 114.928308031000029, -8.180880034999973, 0.0 ], [ 114.927932987000077, -8.180837982999947, 0.0 ], [ 114.927614021000068, -8.180860025999948, 0.0 ], [ 114.92734401000007, -8.180949019999957, 0.0 ], [ 114.927205986000104, -8.180976961999932, 0.0 ], [ 114.927278996000041, -8.180355979999945, 0.0 ], [ 114.927335966000101, -8.180203982999956, 0.0 ], [ 114.927715005000096, -8.179907043999947, 0.0 ], [ 114.927976012000045, -8.179765040999939, 0.0 ], [ 114.928290006000111, -8.179647982999938, 0.0 ], [ 114.928984985000056, -8.179538029999947, 0.0 ], [ 114.929546025000036, -8.179534036999939, 0.0 ], [ 114.929804034000085, -8.179566991999934, 0.0 ], [ 114.929961006000099, -8.179679956999962, 0.0 ], [ 114.930317026000012, -8.180045015999951, 0.0 ], [ 114.930568985000036, -8.180568969999968, 0.0 ], [ 114.930782980000117, -8.181201004999934, 0.0 ], [ 114.930873999000028, -8.181569043999957, 0.0 ], [ 114.930900985000108, -8.181950040999936, 0.0 ] ] ] ] } },
{ "type": "Feature", "properties": { "REMARK": "Pasir/Bukit Pasir Laut", "SHAPE_Leng": 0.01427059388, "SHAPE_Area": 1.045241e-05 }, "geometry": { "type": "MultiPolygon", "coordinates": [ [ [ [ 114.860005988000012, -8.196418998999945, 0.0 ], [ 114.859253979000073, -8.196292005999965, 0.0 ], [ 114.858705012000087, -8.196080955999946, 0.0 ], [ 114.858039986000108, -8.195678959999952, 0.0 ], [ 114.857096972000022, -8.195582036999951, 0.0 ], [ 114.85679300400011, -8.195583042999942, 0.0 ], [ 114.856169990000012, -8.195536982999954, 0.0 ], [ 114.855484968000042, -8.195433023999954, 0.0 ], [ 114.856120008000062, -8.194797990999973, 0.0 ], [ 114.856527016000086, -8.194471008999926, 0.0 ], [ 114.857110019000061, -8.194151015999978, 0.0 ], [ 114.857773010000074, -8.193884044999947, 0.0 ], [ 114.858800020000103, -8.193634007999947, 0.0 ], [ 114.859203968000088, -8.193542974999957, 0.0 ], [ 114.859595027000069, -8.193343965999929, 0.0 ], [ 114.859935005000011, -8.193155981999951, 0.0 ], [ 114.860209971000018, -8.193065980999961, 0.0 ], [ 114.860409019000031, -8.193042996999964, 0.0 ], [ 114.860608013000046, -8.193099994999955, 0.0 ], [ 114.860805015000096, -8.193249977999926, 0.0 ], [ 114.860948034000103, -8.193436005999956, 0.0 ], [ 114.861042965000024, -8.193661001999942, 0.0 ], [ 114.861091989000101, -8.193993029999945, 0.0 ], [ 114.861077016000081, -8.194358970999929, 0.0 ], [ 114.860987974000068, -8.194725965999965, 0.0 ], [ 114.860804994000091, -8.195129966999957, 0.0 ], [ 114.860401979000017, -8.195675955999945, 0.0 ], [ 114.860204980000049, -8.195945041999948, 0.0 ], [ 114.860052025000073, -8.19624599399998, 0.0 ], [ 114.860005988000012, -8.196418998999945, 0.0 ] ] ] ] } },
{ "type": "Feature", "properties": { "REMARK": "Pasir/Bukit Pasir Laut", "SHAPE_Leng": 0.00300448969, "SHAPE_Area": 5.3225e-07 }, "geometry": { "type": "MultiPolygon", "coordinates": [ [ [ [ 114.833251982000093, -8.188162976999934, 0.0 ], [ 114.833071037000082, -8.188352964999979, 0.0 ], [ 114.832816030000117, -8.18869501599994, 0.0 ], [ 114.832729021000091, -8.188862011999959, 0.0 ], [ 114.832201029000089, -8.188540969999963, 0.0 ], [ 114.832234976000109, -8.188474997999947, 0.0 ], [ 114.83255302200007, -8.187874997999927, 0.0 ], [ 114.833251982000093, -8.188162976999934, 0.0 ] ] ] ] } },
{ "type": "Feature", "properties": { "REMARK": "Pasir/Bukit Pasir Laut", "SHAPE_Leng": 0.0310552819, "SHAPE_Area": 3.752924e-05 }, "geometry": { "type": "MultiPolygon", "coordinates": [ [ [ [ 114.833410988000082, -8.188031974999944, 0.0 ], [ 114.832713009000031, -8.187686975999952, 0.0 ], [ 114.83259203700004, -8.187522026999943, 0.0 ], [ 114.832405985000037, -8.187370012999963, 0.0 ], [ 114.832224025000073, -8.187318967999943, 0.0 ], [ 114.832018035000033, -8.187340003999964, 0.0 ], [ 114.831921963000013, -8.18742597499994, 0.0 ], [ 114.831790004000027, -8.187673974999939, 0.0 ], [ 114.83158999200009, -8.188179986999955, 0.0 ], [ 114.831284982000057, -8.188872960999959, 0.0 ], [ 114.83116102800011, -8.188940978999938, 0.0 ], [ 114.831000972000083, -8.189017026999977, 0.0 ], [ 114.830750987000101, -8.189135969999938, 0.0 ], [ 114.830318996000074, -8.189446972999974, 0.0 ], [ 114.830208971000047, -8.189540008999927, 0.0 ], [ 114.828642963000107, -8.191157043999965, 0.0 ], [ 114.828488975000027, -8.191258969999978, 0.0 ], [ 114.827980971000102, -8.19159802799993, 0.0 ], [ 114.827910021000093, -8.191630992999933, 0.0 ], [ 114.827625032000014, -8.191762036999933, 0.0 ], [ 114.826040995000085, -8.19228697799997, 0.0 ], [ 114.825845966000088, -8.192341957999929, 0.0 ], [ 114.825772972000095, -8.192351956999971, 0.0 ], [ 114.826337998000099, -8.191142009999965, 0.0 ], [ 114.826514004000046, -8.191008030999967, 0.0 ], [ 114.826764027000081, -8.190661981999938, 0.0 ], [ 114.827074997000068, -8.189933981999957, 0.0 ], [ 114.827692021000075, -8.189218020999931, 0.0 ], [ 114.828046996000012, -8.188624008999966, 0.0 ], [ 114.828445971000065, -8.188013965999971, 0.0 ], [ 114.828946027000029, -8.187345993999941, 0.0 ], [ 114.829402033000065, -8.186330025999951, 0.0 ], [ 114.829606035000097, -8.185846990999949, 0.0 ], [ 114.829965979, -8.185259960999929, 0.0 ], [ 114.830257032000077, -8.184685031999948, 0.0 ], [ 114.830461028000059, -8.184258027999931, 0.0 ], [ 114.83071398300001, -8.183879997999952, 0.0 ], [ 114.83116303700001, -8.183276001999957, 0.0 ], [ 114.831374972000049, -8.182998969999971, 0.0 ], [ 114.831560007, -8.182826988999977, 0.0 ], [ 114.831779027000039, -8.182719986999928, 0.0 ], [ 114.832117026000105, -8.182675981999978, 0.0 ], [ 114.832457025000053, -8.182691001999956, 0.0 ], [ 114.833132978000094, -8.182902036999963, 0.0 ], [ 114.83377499300002, -8.18316404199993, 0.0 ], [ 114.83475197000007, -8.183708994999961, 0.0 ], [ 114.835571998000091, -8.184226986999931, 0.0 ], [ 114.835832978000099, -8.184440040999959, 0.0 ], [ 114.835987978000048, -8.184634995999943, 0.0 ], [ 114.836087995000071, -8.184884963999934, 0.0 ], [ 114.83613802800005, -8.185317038999926, 0.0 ], [ 114.836104017000025, -8.185686034999947, 0.0 ], [ 114.836026025000024, -8.185943001999931, 0.0 ], [ 114.835503020000033, -8.186707020999961, 0.0 ], [ 114.835246996000024, -8.18704400799993, 0.0 ], [ 114.834876016000067, -8.187389957999926, 0.0 ], [ 114.834657033000099, -8.187545039999975, 0.0 ], [ 114.834134984000116, -8.187632973999939, 0.0 ], [ 114.833958965000079, -8.187672968999948, 0.0 ], [ 114.833448033000082, -8.187973972999941, 0.0 ], [ 114.833410988000082, -8.188031974999944, 0.0 ] ] ] ] } },
{ "type": "Feature", "properties": { "REMARK": "Pasir/Bukit Pasir Laut", "SHAPE_Leng": 0.11060100659, "SHAPE_Area": 4.741083e-05 }, "geometry": { "type": "MultiPolygon", "coordinates": [ [ [ [ 114.758413018000056, -8.169995995999955, 0.0 ], [ 114.759219964000067, -8.169745986999942, 0.0 ], [ 114.759676032000016, -8.169787010999926, 0.0 ], [ 114.760151026000017, -8.169801027999938, 0.0 ], [ 114.760912988000086, -8.169824043999938, 0.0 ], [ 114.761269002000063, -8.169939970999962, 0.0 ], [ 114.761891967000111, -8.170233957999926, 0.0 ], [ 114.762441, -8.170438971999943, 0.0 ], [ 114.763540978000037, -8.170815030999961, 0.0 ], [ 114.764150965000113, -8.171223983999937, 0.0 ], [ 114.764748998000073, -8.171590034999952, 0.0 ], [ 114.765122997000049, -8.171741031999943, 0.0 ], [ 114.765506002000052, -8.171832975999962, 0.0 ], [ 114.766364993000025, -8.172044036999978, 0.0 ], [ 114.766672001000074, -8.172243010999978, 0.0 ], [ 114.767174004000026, -8.172579971999937, 0.0 ], [ 114.767489004000026, -8.172714012999961, 0.0 ], [ 114.767947022000044, -8.172836010999958, 0.0 ], [ 114.768281034000097, -8.172874002999947, 0.0 ], [ 114.769824982000046, -8.172833993999973, 0.0 ], [ 114.770155966000061, -8.172663031999946, 0.0 ], [ 114.770971017000079, -8.172261040999956, 0.0 ], [ 114.771348035000074, -8.172151963999966, 0.0 ], [ 114.771748997000032, -8.172108987999934, 0.0 ], [ 114.772109967, -8.172141973999942, 0.0 ], [ 114.772426023000094, -8.172248002999936, 0.0 ], [ 114.773065980000069, -8.172462000999928, 0.0 ], [ 114.773458972000071, -8.172493987999928, 0.0 ], [ 114.774352989000022, -8.172555029999955, 0.0 ], [ 114.774719035000089, -8.172671001999959, 0.0 ], [ 114.775562004000108, -8.173035044999949, 0.0 ], [ 114.776470022000012, -8.173378025999966, 0.0 ], [ 114.77680499600001, -8.173432011999978, 0.0 ], [ 114.77729897800009, -8.173422979999941, 0.0 ], [ 114.777838985000017, -8.173342987999945, 0.0 ], [ 114.778268967000031, -8.173192986999936, 0.0 ], [ 114.778942019000056, -8.172943013999941, 0.0 ], [ 114.779769967000107, -8.172696963999954, 0.0 ], [ 114.780262991000086, -8.172672016999968, 0.0 ], [ 114.7808680280001, -8.172708956999941, 0.0 ], [ 114.781137993000016, -8.172817979999934, 0.0 ], [ 114.781375967000031, -8.172989995999956, 0.0 ], [ 114.781718986000101, -8.173321008999949, 0.0 ], [ 114.782668987000079, -8.174203993999981, 0.0 ], [ 114.783045018000053, -8.17447698899997, 0.0 ], [ 114.783265968000023, -8.174548960999971, 0.0 ], [ 114.783458014000075, -8.174545043999956, 0.0 ], [ 114.783751009000071, -8.174479955999971, 0.0 ], [ 114.784041994000063, -8.174453987999925, 0.0 ], [ 114.78427199500004, -8.174498988999972, 0.0 ], [ 114.784569972000099, -8.174629038999967, 0.0 ], [ 114.784812990000091, -8.174823041999957, 0.0 ], [ 114.785536004000051, -8.175414958999966, 0.0 ], [ 114.785800037000058, -8.175460957999974, 0.0 ], [ 114.786755022000079, -8.175605992999976, 0.0 ], [ 114.787112035000064, -8.175761036999972, 0.0 ], [ 114.787470019000011, -8.17598404499995, 0.0 ], [ 114.787948992000111, -8.176364960999933, 0.0 ], [ 114.788737032000085, -8.176981990999934, 0.0 ], [ 114.789280016000021, -8.177285987999937, 0.0 ], [ 114.789657985000076, -8.177425962999962, 0.0 ], [ 114.790044029000114, -8.177499015999956, 0.0 ], [ 114.790299015000073, -8.177462996999964, 0.0 ], [ 114.791526968000085, -8.177228959999979, 0.0 ], [ 114.79184199000008, -8.177267010999969, 0.0 ], [ 114.792145966000021, -8.17738199799993, 0.0 ], [ 114.792542999000034, -8.177606028999946, 0.0 ], [ 114.792962012000089, -8.177818973999933, 0.0 ], [ 114.793492023000113, -8.177980018999961, 0.0 ], [ 114.794038993000072, -8.178158958999973, 0.0 ], [ 114.794324975000109, -8.178336021999939, 0.0 ], [ 114.79452698800003, -8.178546967999978, 0.0 ], [ 114.795314031000089, -8.179430037999964, 0.0 ], [ 114.795694011000023, -8.179422983999928, 0.0 ], [ 114.796688009000036, -8.179292034999946, 0.0 ], [ 114.797672987000055, -8.17927797599998, 0.0 ], [ 114.797993971000096, -8.179347955999958, 0.0 ], [ 114.798399012000118, -8.179517983999972, 0.0 ], [ 114.798737971000037, -8.179734012999972, 0.0 ], [ 114.799906032000081, -8.180559958999936, 0.0 ], [ 114.80034197100008, -8.180689034999943, 0.0 ], [ 114.800600967000037, -8.180700024999965, 0.0 ], [ 114.801027013000066, -8.180627967999953, 0.0 ], [ 114.801768982000112, -8.180526, 0.0 ], [ 114.802001968000013, -8.180601011999954, 0.0 ], [ 114.802312976000053, -8.180771970999956, 0.0 ], [ 114.802504969000097, -8.18095601899995, 0.0 ], [ 114.802866003000076, -8.181349022999939, 0.0 ], [ 114.803001994000056, -8.181295991999946, 0.0 ], [ 114.803439010000034, -8.181105965999961, 0.0 ], [ 114.804058022000049, -8.180945034999979, 0.0 ], [ 114.804400019000013, -8.180975994999926, 0.0 ], [ 114.804812967000089, -8.181082979999928, 0.0 ], [ 114.804983966, -8.181235011999945, 0.0 ], [ 114.805713984000022, -8.181923006999966, 0.0 ], [ 114.805969966000021, -8.181992989999969, 0.0 ], [ 114.806442967000066, -8.182075990999977, 0.0 ], [ 114.806699029000015, -8.182144979999975, 0.0 ], [ 114.806909036000093, -8.182263965999937, 0.0 ], [ 114.807204976000094, -8.182496021999953, 0.0 ], [ 114.807482973000106, -8.182821968999974, 0.0 ], [ 114.807616013000029, -8.183076004999975, 0.0 ], [ 114.807742004000033, -8.183511017999933, 0.0 ], [ 114.807783033000078, -8.183792027999971, 0.0 ], [ 114.807836974000111, -8.184433964999926, 0.0 ], [ 114.807881020000082, -8.184682998999961, 0.0 ], [ 114.807985963000078, -8.185122959999944, 0.0 ], [ 114.808029993000105, -8.185293007999974, 0.0 ], [ 114.80815102300005, -8.185622982999973, 0.0 ], [ 114.808083984000064, -8.185584029999973, 0.0 ], [ 114.807745004000026, -8.185314957999935, 0.0 ], [ 114.807190031, -8.18476302199997, 0.0 ], [ 114.807123974000092, -8.184694973999967, 0.0 ], [ 114.806631008000068, -8.184186030999967, 0.0 ], [ 114.805678967000063, -8.183373019999976, 0.0 ], [ 114.805176015000029, -8.183007983999971, 0.0 ], [ 114.803948004000063, -8.182169973999976, 0.0 ], [ 114.803718010000011, -8.182040033999954, 0.0 ], [ 114.803460975, -8.181984954999962, 0.0 ], [ 114.803436011000031, -8.181981022999935, 0.0 ], [ 114.802785976000109, -8.181933023999932, 0.0 ], [ 114.802736999000103, -8.181928961999972, 0.0 ], [ 114.802381020000098, -8.181883013999936, 0.0 ], [ 114.802107024000065, -8.181755995999936, 0.0 ], [ 114.801835013000073, -8.181539972999929, 0.0 ], [ 114.801576002000047, -8.181368030999977, 0.0 ], [ 114.801370037000083, -8.181331031999946, 0.0 ], [ 114.800661036000065, -8.181232009999974, 0.0 ], [ 114.7999109860001, -8.180966026999954, 0.0 ], [ 114.799884035000105, -8.180956029999948, 0.0 ], [ 114.799406015000045, -8.180807022999943, 0.0 ], [ 114.798919991000048, -8.180548983999927, 0.0 ], [ 114.79886096700011, -8.180522002999965, 0.0 ], [ 114.798349998000049, -8.180283979999956, 0.0 ], [ 114.797812012, -8.180089006999935, 0.0 ], [ 114.797607004000042, -8.180054993999931, 0.0 ], [ 114.797378982000055, -8.18002998299994, 0.0 ], [ 114.797283002000086, -8.180016988999967, 0.0 ], [ 114.797111971000049, -8.179994004999969, 0.0 ], [ 114.795506967000051, -8.179782003999946, 0.0 ], [ 114.795169999000109, -8.179762, 0.0 ], [ 114.794616992000101, -8.179633002999935, 0.0 ], [ 114.794159978000039, -8.179406024999935, 0.0 ], [ 114.793813988000011, -8.179272011999956, 0.0 ], [ 114.792818024000098, -8.178971960999945, 0.0 ], [ 114.792614965000098, -8.178828967999948, 0.0 ], [ 114.791925014000071, -8.178288029999976, 0.0 ], [ 114.791716005000012, -8.178234019999934, 0.0 ], [ 114.79122097100003, -8.178201039999976, 0.0 ], [ 114.790349024000079, -8.178202959999965, 0.0 ], [ 114.789819977000093, -8.178193016999955, 0.0 ], [ 114.789278979000073, -8.178084955999964, 0.0 ], [ 114.788655021000068, -8.177882000999944, 0.0 ], [ 114.788150022000082, -8.177608032999956, 0.0 ], [ 114.788070966000078, -8.177565035999976, 0.0 ], [ 114.787387035000052, -8.17712796099994, 0.0 ], [ 114.786518026000067, -8.176693034999971, 0.0 ], [ 114.786505999000042, -8.176689986999975, 0.0 ], [ 114.785937035000075, -8.176540016999979, 0.0 ], [ 114.785098997000091, -8.176417038999944, 0.0 ], [ 114.784447031000013, -8.176275015999977, 0.0 ], [ 114.783955037000055, -8.176071965999938, 0.0 ], [ 114.783628983000085, -8.175918987999978, 0.0 ], [ 114.782886014000042, -8.175567977999947, 0.0 ], [ 114.782381007000026, -8.175418987999933, 0.0 ], [ 114.78125298100008, -8.175129031999973, 0.0 ], [ 114.780974978000017, -8.174998998999968, 0.0 ], [ 114.780770028, -8.174834030999932, 0.0 ], [ 114.780422012000031, -8.174567965999927, 0.0 ], [ 114.779800013000113, -8.174215989999936, 0.0 ], [ 114.779455970000072, -8.174110987999939, 0.0 ], [ 114.778974023000046, -8.17404001999995, 0.0 ], [ 114.778619999000057, -8.174076029999981, 0.0 ], [ 114.777642022, -8.174208017999945, 0.0 ], [ 114.777133970000023, -8.174164014999974, 0.0 ], [ 114.776625995000018, -8.174025032999964, 0.0 ], [ 114.776283006000085, -8.173972990999971, 0.0 ], [ 114.775824976000081, -8.173879015999944, 0.0 ], [ 114.775258963000056, -8.173724982999943, 0.0 ], [ 114.773661010000069, -8.173290992999966, 0.0 ], [ 114.773207010000078, -8.173252976999947, 0.0 ], [ 114.773090978000027, -8.173254957999973, 0.0 ], [ 114.773054008000031, -8.173258007999948, 0.0 ], [ 114.772912970000107, -8.173209966999934, 0.0 ], [ 114.772061977000021, -8.172850032999975, 0.0 ], [ 114.771793030000026, -8.172828035999942, 0.0 ], [ 114.771356036000043, -8.172880030999977, 0.0 ], [ 114.771137015000022, -8.172986996999953, 0.0 ], [ 114.770272012000078, -8.173399013999926, 0.0 ], [ 114.769896972000083, -8.173448004999955, 0.0 ], [ 114.769104963000018, -8.17343197699995, 0.0 ], [ 114.768319983000083, -8.173376042999962, 0.0 ], [ 114.767937975000109, -8.173332996999932, 0.0 ], [ 114.76736999700006, -8.173224036999954, 0.0 ], [ 114.766608004000091, -8.173003029999961, 0.0 ], [ 114.765229012000077, -8.172423006999963, 0.0 ], [ 114.764826029, -8.172211030999961, 0.0 ], [ 114.764400963000071, -8.171908019999933, 0.0 ], [ 114.763682008000046, -8.171454996999955, 0.0 ], [ 114.763253969000061, -8.171310025999958, 0.0 ], [ 114.762703969000086, -8.17114395599998, 0.0 ], [ 114.762000019000084, -8.170885036999948, 0.0 ], [ 114.761535976, -8.170731008999951, 0.0 ], [ 114.761248993000095, -8.17064402099993, 0.0 ], [ 114.761173003000067, -8.170628959999931, 0.0 ], [ 114.760451003000071, -8.170522031999951, 0.0 ], [ 114.759651009000095, -8.170357013999933, 0.0 ], [ 114.75961699000004, -8.170354023999948, 0.0 ], [ 114.759278964000032, -8.170299013999966, 0.0 ], [ 114.758413018000056, -8.169995995999955, 0.0 ] ] ] ] } },
{ "type": "Feature", "properties": { "REMARK": "Pasir/Bukit Pasir Laut", "SHAPE_Leng": 0.04077302171, "SHAPE_Area": 3.550246e-05 }, "geometry": { "type": "MultiPolygon", "coordinates": [ [ [ [ 114.832640975000118, -8.189013004999936, 0.0 ], [ 114.832598986000107, -8.189085982999927, 0.0 ], [ 114.832481972000096, -8.189806988999976, 0.0 ], [ 114.83246598900007, -8.18996803899995, 0.0 ], [ 114.832596029000115, -8.190227025999945, 0.0 ], [ 114.832886024000118, -8.190553025999975, 0.0 ], [ 114.833078982000075, -8.190701009999941, 0.0 ], [ 114.833721972000035, -8.190922986999965, 0.0 ], [ 114.834057979000022, -8.190985974999933, 0.0 ], [ 114.834963004000087, -8.190949982999939, 0.0 ], [ 114.835360026000103, -8.190894002999926, 0.0 ], [ 114.835872033000101, -8.190727027999969, 0.0 ], [ 114.83627698500004, -8.190574027999958, 0.0 ], [ 114.836592988, -8.190517972999942, 0.0 ], [ 114.836895989000027, -8.190556018999928, 0.0 ], [ 114.837764994000054, -8.190997996999954, 0.0 ], [ 114.838070993000088, -8.191146042999947, 0.0 ], [ 114.838317982000035, -8.191208007999933, 0.0 ], [ 114.838515028000074, -8.191208972999959, 0.0 ], [ 114.838719996, -8.191142018999926, 0.0 ], [ 114.839342035000072, -8.190631031999942, 0.0 ], [ 114.839460012000018, -8.190298001999963, 0.0 ], [ 114.839547033000031, -8.190072983999926, 0.0 ], [ 114.83976498100003, -8.189791008999975, 0.0 ], [ 114.840214015000015, -8.189439958999969, 0.0 ], [ 114.840907996000055, -8.188918959999967, 0.0 ], [ 114.842058966000081, -8.188097015999972, 0.0 ], [ 114.842497982000054, -8.187647039999945, 0.0 ], [ 114.842653973000097, -8.187491977999969, 0.0 ], [ 114.842894983000065, -8.187371982999935, 0.0 ], [ 114.843173995000029, -8.187321960999952, 0.0 ], [ 114.843432009000026, -8.187336985999934, 0.0 ], [ 114.843610001000116, -8.187403006999943, 0.0 ], [ 114.844095976000062, -8.188027017999957, 0.0 ], [ 114.844312982000019, -8.188392024999928, 0.0 ], [ 114.844515007000041, -8.188982977999956, 0.0 ], [ 114.844749996000019, -8.189592995999931, 0.0 ], [ 114.845087964000072, -8.19058503499997, 0.0 ], [ 114.84525003400006, -8.191246989999968, 0.0 ], [ 114.845437027000116, -8.192462983999974, 0.0 ], [ 114.84548600100004, -8.193038027999933, 0.0 ], [ 114.844833034000089, -8.19260995999997, 0.0 ], [ 114.844253012000081, -8.192070035999961, 0.0 ], [ 114.843933006000043, -8.191743971999927, 0.0 ], [ 114.843678993000026, -8.191554996999969, 0.0 ], [ 114.842483004000087, -8.190789005999932, 0.0 ], [ 114.842097017000015, -8.190699006999978, 0.0 ], [ 114.841828977000091, -8.190670008999973, 0.0 ], [ 114.841227016000062, -8.190606960999958, 0.0 ], [ 114.840933031000077, -8.190630963999979, 0.0 ], [ 114.840691025000069, -8.190727000999971, 0.0 ], [ 114.840028025000038, -8.191078984999933, 0.0 ], [ 114.839783006000062, -8.191262035999955, 0.0 ], [ 114.839663973000029, -8.191430036999975, 0.0 ], [ 114.839600006000069, -8.191624992999948, 0.0 ], [ 114.839603991000104, -8.191967984999962, 0.0 ], [ 114.839597981000111, -8.192651994999949, 0.0 ], [ 114.839594978000036, -8.193069958999956, 0.0 ], [ 114.839450968000051, -8.193346997999981, 0.0 ], [ 114.839318998000067, -8.193416963999937, 0.0 ], [ 114.839010002, -8.193491041999948, 0.0 ], [ 114.838228015000027, -8.193668954999964, 0.0 ], [ 114.837900984000044, -8.19374401999994, 0.0 ], [ 114.837221023000097, -8.193911, 0.0 ], [ 114.836784012000066, -8.193945980999956, 0.0 ], [ 114.836139020000019, -8.193926975999943, 0.0 ], [ 114.835795984000015, -8.193862957999954, 0.0 ], [ 114.835425016000045, -8.193720977999931, 0.0 ], [ 114.83513103700011, -8.19353603199994, 0.0 ], [ 114.834628033000058, -8.193240971999955, 0.0 ], [ 114.834318017000101, -8.193171978999942, 0.0 ], [ 114.834019024000099, -8.193097983999962, 0.0 ], [ 114.833657967000022, -8.192935991999946, 0.0 ], [ 114.833279015000016, -8.192680005999932, 0.0 ], [ 114.832973973000094, -8.192383025999959, 0.0 ], [ 114.832597982000038, -8.191911965999964, 0.0 ], [ 114.832446988000015, -8.191599003999954, 0.0 ], [ 114.83208899300007, -8.190913040999931, 0.0 ], [ 114.831966993000037, -8.190620025999976, 0.0 ], [ 114.831812990000117, -8.190020020999953, 0.0 ], [ 114.831780981000065, -8.189576022999972, 0.0 ], [ 114.831822975000023, -8.18936396099997, 0.0 ], [ 114.831943002000116, -8.18905399099998, 0.0 ], [ 114.832113992000018, -8.188713025999959, 0.0 ], [ 114.832640975000118, -8.189013004999936, 0.0 ] ] ] ] } },
{ "type": "Feature", "properties": { "REMARK": "Pasir/Bukit Pasir Laut", "SHAPE_Leng": 0.10287719982, "SHAPE_Area": 3.146098e-05 }, "geometry": { "type": "MultiPolygon", "coordinates": [ [ [ [ 114.625000023000098, -8.118236993999972, 0.0 ], [ 114.625000018000037, -8.121748984999954, 0.0 ], [ 114.624814019000041, -8.121635036999976, 0.0 ], [ 114.624216006000097, -8.121193019999964, 0.0 ], [ 114.623957973000074, -8.121425006999971, 0.0 ], [ 114.623864994000087, -8.121479041999976, 0.0 ], [ 114.623756035000042, -8.121478043999957, 0.0 ], [ 114.623658993000049, -8.121421994999935, 0.0 ], [ 114.623421009000026, -8.121296990999952, 0.0 ], [ 114.622380968000016, -8.121026966999978, 0.0 ], [ 114.622339032000014, -8.120921992999968, 0.0 ], [ 114.622351018000018, -8.120727966999937, 0.0 ], [ 114.622412968000049, -8.120571009999935, 0.0 ], [ 114.62251397600005, -8.120487021999963, 0.0 ], [ 114.622661005000055, -8.12044902599996, 0.0 ], [ 114.622853986000109, -8.120469038999943, 0.0 ], [ 114.623199973000055, -8.120071030999952, 0.0 ], [ 114.623147009000036, -8.120009998999933, 0.0 ], [ 114.622703987000023, -8.119689970999957, 0.0 ], [ 114.62237303400002, -8.119515988999979, 0.0 ], [ 114.622128995000025, -8.119467031999932, 0.0 ], [ 114.621861004000039, -8.119484983999939, 0.0 ], [ 114.62148800500006, -8.119568013999981, 0.0 ], [ 114.621262024000089, -8.119691029999956, 0.0 ], [ 114.621078013000101, -8.119875013999945, 0.0 ], [ 114.620956997, -8.120092980999971, 0.0 ], [ 114.620925988000067, -8.120266021999953, 0.0 ], [ 114.620861981000076, -8.120822995999958, 0.0 ], [ 114.620726987000012, -8.12119196499998, 0.0 ], [ 114.620566037000117, -8.121384034999949, 0.0 ], [ 114.620182018000037, -8.121724979999954, 0.0 ], [ 114.619948015000091, -8.121851019999951, 0.0 ], [ 114.61974203300008, -8.121866982999961, 0.0 ], [ 114.619517980000069, -8.121814978999964, 0.0 ], [ 114.619174988000054, -8.121666044999927, 0.0 ], [ 114.618889031000094, -8.121484009999961, 0.0 ], [ 114.618510990000118, -8.121165984999948, 0.0 ], [ 114.617905036000025, -8.120562980999978, 0.0 ], [ 114.617300985000043, -8.120018, 0.0 ], [ 114.6168929910001, -8.119744978999961, 0.0 ], [ 114.615322996000032, -8.118809037999938, 0.0 ], [ 114.614831017000029, -8.118447963999927, 0.0 ], [ 114.614765989000034, -8.118404028999976, 0.0 ], [ 114.614641986000038, -8.118228001999967, 0.0 ], [ 114.614283036000074, -8.117591021999942, 0.0 ], [ 114.614130003000014, -8.11723997699994, 0.0 ], [ 114.613605999000015, -8.116058960999965, 0.0 ], [ 114.613063968, -8.115373015999978, 0.0 ], [ 114.612751990000106, -8.115089983999951, 0.0 ], [ 114.612325023000039, -8.114802029999964, 0.0 ], [ 114.611818984000024, -8.114530961999947, 0.0 ], [ 114.611465972000019, -8.114408981999929, 0.0 ], [ 114.611109012000043, -8.114373001999979, 0.0 ], [ 114.610742035000044, -8.114387022999949, 0.0 ], [ 114.610523987000079, -8.114559958999962, 0.0 ], [ 114.610270009000033, -8.114650002999952, 0.0 ], [ 114.610031037000113, -8.113998003999939, 0.0 ], [ 114.609979981000038, -8.113855024999964, 0.0 ], [ 114.609982966000075, -8.113755012999945, 0.0 ], [ 114.610086986000056, -8.113642040999935, 0.0 ], [ 114.61033503200008, -8.113517985999977, 0.0 ], [ 114.610569984000108, -8.113471021999942, 0.0 ], [ 114.610797983000111, -8.113486997999928, 0.0 ], [ 114.611362986000017, -8.11371395599997, 0.0 ], [ 114.612204026000086, -8.114130030999945, 0.0 ], [ 114.612811030000103, -8.114564972999972, 0.0 ], [ 114.613481003000061, -8.115151998999977, 0.0 ], [ 114.613842005000038, -8.115517004999958, 0.0 ], [ 114.61431299100002, -8.116709998999966, 0.0 ], [ 114.615040976000046, -8.117871968999964, 0.0 ], [ 114.615201025000033, -8.118085977999954, 0.0 ], [ 114.615363004000073, -8.118213974999946, 0.0 ], [ 114.615667005000091, -8.118315966999944, 0.0 ], [ 114.616293024000015, -8.118444964999981, 0.0 ], [ 114.616685007000115, -8.118592019999937, 0.0 ], [ 114.617353031000107, -8.118941020999955, 0.0 ], [ 114.618163972000048, -8.119417001999977, 0.0 ], [ 114.618505991, -8.119666954999957, 0.0 ], [ 114.619064967000099, -8.120233989999974, 0.0 ], [ 114.619309980000025, -8.120472982999956, 0.0 ], [ 114.619587010000032, -8.120647012999939, 0.0 ], [ 114.619844983, -8.120730028999958, 0.0 ], [ 114.620020966000084, -8.120740997999974, 0.0 ], [ 114.620189971000059, -8.120666986999936, 0.0 ], [ 114.620411001000093, -8.120444996999936, 0.0 ], [ 114.620778015000042, -8.119969042999969, 0.0 ], [ 114.621120031000032, -8.119585018999942, 0.0 ], [ 114.621291972000108, -8.119443976999946, 0.0 ], [ 114.62152599500007, -8.119365013999925, 0.0 ], [ 114.621850000000109, -8.119347027999936, 0.0 ], [ 114.622180980000053, -8.119402004999927, 0.0 ], [ 114.623235966000038, -8.11986404299995, 0.0 ], [ 114.623807021000061, -8.120158974999981, 0.0 ], [ 114.624101996000036, -8.120258016999969, 0.0 ], [ 114.624282995000044, -8.120268019999969, 0.0 ], [ 114.62445901000001, -8.12021004199994, 0.0 ], [ 114.624631997000051, -8.120030960999941, 0.0 ], [ 114.624779992000072, -8.119778, 0.0 ], [ 114.624818035000089, -8.119641956999942, 0.0 ], [ 114.624763999000038, -8.119458026999951, 0.0 ], [ 114.623669979000056, -8.118269981999958, 0.0 ], [ 114.622638012000039, -8.11750600299996, 0.0 ], [ 114.62223903000006, -8.117276954999966, 0.0 ], [ 114.62103199, -8.116590021999968, 0.0 ], [ 114.620790032000059, -8.116479993999974, 0.0 ], [ 114.620599001000073, -8.116433966999978, 0.0 ], [ 114.62047300200004, -8.116406031999929, 0.0 ], [ 114.619729026000073, -8.116001019999942, 0.0 ], [ 114.618706037000038, -8.115314977999958, 0.0 ], [ 114.61676800500004, -8.114130026999931, 0.0 ], [ 114.615123012000026, -8.11328401399993, 0.0 ], [ 114.614076018000105, -8.11290495999998, 0.0 ], [ 114.613566973000047, -8.112763001999951, 0.0 ], [ 114.612693971000112, -8.11269399899993, 0.0 ], [ 114.610434964000092, -8.112552978999929, 0.0 ], [ 114.608277003000012, -8.112473983999962, 0.0 ], [ 114.606911036000042, -8.112314965999929, 0.0 ], [ 114.606197019000092, -8.112247968999952, 0.0 ], [ 114.605226992000098, -8.112324040999965, 0.0 ], [ 114.604762016000109, -8.112406967999959, 0.0 ], [ 114.60422096800005, -8.112619022999979, 0.0 ], [ 114.603068025000084, -8.113085001999934, 0.0 ], [ 114.602442033000102, -8.113357998999959, 0.0 ], [ 114.601523003000011, -8.114039954999953, 0.0 ], [ 114.601053979000085, -8.114452033999953, 0.0 ], [ 114.600133017000076, -8.11544598699993, 0.0 ], [ 114.599950030000059, -8.115670988999966, 0.0 ], [ 114.59987702300009, -8.115824983999971, 0.0 ], [ 114.599869012000113, -8.115964993999967, 0.0 ], [ 114.599787978000109, -8.115758043999961, 0.0 ], [ 114.599942973000111, -8.115285019999931, 0.0 ], [ 114.600186970000095, -8.114734991999967, 0.0 ], [ 114.600386014000037, -8.114374995999981, 0.0 ], [ 114.600503983000067, -8.11421801399996, 0.0 ], [ 114.600747979000062, -8.114008008999974, 0.0 ], [ 114.600968014000046, -8.113865994999969, 0.0 ], [ 114.601678000000106, -8.113540995999927, 0.0 ], [ 114.602030990000117, -8.113362987999949, 0.0 ], [ 114.602774997000097, -8.112861984999938, 0.0 ], [ 114.603085977000092, -8.112668004999932, 0.0 ], [ 114.603323016000104, -8.11255898099995, 0.0 ], [ 114.60393702600004, -8.112339042999963, 0.0 ], [ 114.604806011000051, -8.112074971999959, 0.0 ], [ 114.605363999000019, -8.111970001999964, 0.0 ], [ 114.606250976000069, -8.111849977999952, 0.0 ], [ 114.608253003000073, -8.111688971999968, 0.0 ], [ 114.609168998000087, -8.111670043999936, 0.0 ], [ 114.611444033000112, -8.11190703699998, 0.0 ], [ 114.612987990000079, -8.112269039999944, 0.0 ], [ 114.61434397700009, -8.112511020999932, 0.0 ], [ 114.615073019000079, -8.112668994999979, 0.0 ], [ 114.615498014000082, -8.112872988999925, 0.0 ], [ 114.616127970000093, -8.113132037999947, 0.0 ], [ 114.616482978000022, -8.113271012999974, 0.0 ], [ 114.617162963000055, -8.113593967999975, 0.0 ], [ 114.617840024000088, -8.113905970999951, 0.0 ], [ 114.619279023000104, -8.114492970999947, 0.0 ], [ 114.620205971000019, -8.115042003999974, 0.0 ], [ 114.62076601900003, -8.115414041999941, 0.0 ], [ 114.621575995000057, -8.11592696799994, 0.0 ], [ 114.621997969000063, -8.116239010999948, 0.0 ], [ 114.622450965000098, -8.116591988999971, 0.0 ], [ 114.622617036000065, -8.116851030999953, 0.0 ], [ 114.62260001300001, -8.116897015999939, 0.0 ], [ 114.622636023000041, -8.116916021999941, 0.0 ], [ 114.6229559840001, -8.117064004999975, 0.0 ], [ 114.624487030000068, -8.117771980999976, 0.0 ], [ 114.624778991000085, -8.117989016999957, 0.0 ], [ 114.625000023000098, -8.118236993999972, 0.0 ] ] ] ] } },
{ "type": "Feature", "properties": { "REMARK": "Pasir/Bukit Pasir Laut", "SHAPE_Leng": 0.1293524684, "SHAPE_Area": 7.592339e-05 }, "geometry": { "type": "MultiPolygon", "coordinates": [ [ [ [ 114.51988201100005, -8.091510002999939, 0.0 ], [ 114.521824013000014, -8.091876982999963, 0.0 ], [ 114.523693970000068, -8.09200597399996, 0.0 ], [ 114.525847965000025, -8.092019035999954, 0.0 ], [ 114.526710992000062, -8.092050017999952, 0.0 ], [ 114.527349030000096, -8.092127974999926, 0.0 ], [ 114.527538021000055, -8.092221010999936, 0.0 ], [ 114.527700987000117, -8.092387980999945, 0.0 ], [ 114.528104005000046, -8.092797020999967, 0.0 ], [ 114.528263977000051, -8.092989000999978, 0.0 ], [ 114.528642033000096, -8.093629018999934, 0.0 ], [ 114.528772974000049, -8.094057011999951, 0.0 ], [ 114.528877028000011, -8.094626971999958, 0.0 ], [ 114.528834024000048, -8.094897957999933, 0.0 ], [ 114.528658033000056, -8.095431976999976, 0.0 ], [ 114.528503017000048, -8.095738968999967, 0.0 ], [ 114.528288002000068, -8.095977017999928, 0.0 ], [ 114.527801002000047, -8.09638997299993, 0.0 ], [ 114.526878965000037, -8.097179961999927, 0.0 ], [ 114.526211036000063, -8.09767295599994, 0.0 ], [ 114.525216030000024, -8.098276004999946, 0.0 ], [ 114.52435901900003, -8.098727006999979, 0.0 ], [ 114.523152994000043, -8.099279975999934, 0.0 ], [ 114.522312994000117, -8.099651020999943, 0.0 ], [ 114.521600975000069, -8.099967001999971, 0.0 ], [ 114.520814980000068, -8.10033502899995, 0.0 ], [ 114.520189020000089, -8.100578974999962, 0.0 ], [ 114.519887972000106, -8.10080998899997, 0.0 ], [ 114.519586002000096, -8.100983981999946, 0.0 ], [ 114.519337010000072, -8.10102999399993, 0.0 ], [ 114.518955034000101, -8.101019989999941, 0.0 ], [ 114.518132006000087, -8.100938991999953, 0.0 ], [ 114.516678999000078, -8.100659984999936, 0.0 ], [ 114.515841007000063, -8.100385985999935, 0.0 ], [ 114.515309973000058, -8.100222008999935, 0.0 ], [ 114.514806032000024, -8.10003000699993, 0.0 ], [ 114.514523001000043, -8.099822996999933, 0.0 ], [ 114.513613993000035, -8.099144043999956, 0.0 ], [ 114.513222011000039, -8.098985973999959, 0.0 ], [ 114.512585973000114, -8.098789007999926, 0.0 ], [ 114.512343011000098, -8.098779032999971, 0.0 ], [ 114.511951036000028, -8.098826968999958, 0.0 ], [ 114.511156, -8.098987013999931, 0.0 ], [ 114.510445023000102, -8.099133023999968, 0.0 ], [ 114.509944979000011, -8.099123013999929, 0.0 ], [ 114.509668999000041, -8.09907100199996, 0.0 ], [ 114.509414014000072, -8.098949001999927, 0.0 ], [ 114.509069983000018, -8.098691018999943, 0.0 ], [ 114.50792897000008, -8.097828033999974, 0.0 ], [ 114.507763013000044, -8.097784011999977, 0.0 ], [ 114.507510988000035, -8.097727987999974, 0.0 ], [ 114.506836975000056, -8.097494008999945, 0.0 ], [ 114.506449018000012, -8.097254005999957, 0.0 ], [ 114.50636698400001, -8.097193961999949, 0.0 ], [ 114.506274977000089, -8.097174966999944, 0.0 ], [ 114.506009033000055, -8.097060036999949, 0.0 ], [ 114.504566003000036, -8.096647962999953, 0.0 ], [ 114.504154030000109, -8.096543975999964, 0.0 ], [ 114.503320966000047, -8.09637199499997, 0.0 ], [ 114.503322014000105, -8.096201955999959, 0.0 ], [ 114.503324033000013, -8.096019994999949, 0.0 ], [ 114.503324036000095, -8.095983040999954, 0.0 ], [ 114.503969990000087, -8.09596404399997, 0.0 ], [ 114.504969988000084, -8.09592398999996, 0.0 ], [ 114.505784007000102, -8.095970981999926, 0.0 ], [ 114.506935972000065, -8.096121955999934, 0.0 ], [ 114.507176996000112, -8.096239985999944, 0.0 ], [ 114.507753996000019, -8.096527041999934, 0.0 ], [ 114.508265001000041, -8.09665096699996, 0.0 ], [ 114.508784981000076, -8.096810996999977, 0.0 ], [ 114.50911, -8.097011037999948, 0.0 ], [ 114.509508976, -8.097319955999978, 0.0 ], [ 114.509681003000082, -8.097531982999953, 0.0 ], [ 114.509745008000095, -8.097702961999971, 0.0 ], [ 114.509779977000107, -8.097767958999952, 0.0 ], [ 114.510060986000099, -8.097974959999931, 0.0 ], [ 114.510307008000041, -8.09807097199996, 0.0 ], [ 114.51066903200001, -8.098138958999925, 0.0 ], [ 114.511181029000113, -8.098174972999971, 0.0 ], [ 114.512718988000074, -8.098230976999957, 0.0 ], [ 114.513382964000016, -8.098334957999953, 0.0 ], [ 114.513598017000049, -8.098494027999948, 0.0 ], [ 114.514307987000052, -8.099035963999938, 0.0 ], [ 114.515066993, -8.099398031999954, 0.0 ], [ 114.515858037000044, -8.099681956999973, 0.0 ], [ 114.516494999000088, -8.099924010999928, 0.0 ], [ 114.516832975000057, -8.099999978999961, 0.0 ], [ 114.517351971000039, -8.100114997999981, 0.0 ], [ 114.517613983000047, -8.100177040999938, 0.0 ], [ 114.517868013000111, -8.100162955999963, 0.0 ], [ 114.519471016000011, -8.100016034999953, 0.0 ], [ 114.519514979000064, -8.100017024999943, 0.0 ], [ 114.519838013000026, -8.099981040999978, 0.0 ], [ 114.520499988000097, -8.09971698399994, 0.0 ], [ 114.5209450320001, -8.099550996999938, 0.0 ], [ 114.521217987000114, -8.09954795799996, 0.0 ], [ 114.521506973000101, -8.099516011999981, 0.0 ], [ 114.521819, -8.099409029999947, 0.0 ], [ 114.522395970000048, -8.099142012999948, 0.0 ], [ 114.522799980000059, -8.099033963999943, 0.0 ], [ 114.52313398900003, -8.098963978999961, 0.0 ], [ 114.523866015000067, -8.098640977999935, 0.0 ], [ 114.524925023000037, -8.098076, 0.0 ], [ 114.525037005000058, -8.09789795699993, 0.0 ], [ 114.525313991000075, -8.097430964999944, 0.0 ], [ 114.525580017000038, -8.097179041999937, 0.0 ], [ 114.525834989000032, -8.097035026999947, 0.0 ], [ 114.526215002000072, -8.096852012999932, 0.0 ], [ 114.526382019000039, -8.096674031999953, 0.0 ], [ 114.526688984000089, -8.096366968999973, 0.0 ], [ 114.526958, -8.096225024999967, 0.0 ], [ 114.527321978000032, -8.096132990999934, 0.0 ], [ 114.527597984000067, -8.096120025999937, 0.0 ], [ 114.527818030000049, -8.096087023999928, 0.0 ], [ 114.527956012000118, -8.095986029999949, 0.0 ], [ 114.528186022000114, -8.095716989999971, 0.0 ], [ 114.528369006000048, -8.095422003999943, 0.0 ], [ 114.528444010000044, -8.095164041999965, 0.0 ], [ 114.528468024000063, -8.094868001999941, 0.0 ], [ 114.528424986, -8.094457979999959, 0.0 ], [ 114.528320031000021, -8.094133961999944, 0.0 ], [ 114.528025022000065, -8.093449991999933, 0.0 ], [ 114.527317009000058, -8.092706957999951, 0.0 ], [ 114.526981973000034, -8.092516988999932, 0.0 ], [ 114.526692015000094, -8.092415027999948, 0.0 ], [ 114.5265210230001, -8.092436038999949, 0.0 ], [ 114.526157998000031, -8.092543981999938, 0.0 ], [ 114.525598027000115, -8.092710996999926, 0.0 ], [ 114.525097974, -8.092874037999934, 0.0 ], [ 114.524821971000051, -8.092935973999943, 0.0 ], [ 114.524531990000014, -8.092898976999948, 0.0 ], [ 114.523716017000083, -8.092779004999954, 0.0 ], [ 114.522516037000059, -8.092799009999965, 0.0 ], [ 114.521927970000093, -8.092827966999948, 0.0 ], [ 114.520407997, -8.092766961999928, 0.0 ], [ 114.519455991000086, -8.092638023999939, 0.0 ], [ 114.518974989000071, -8.092694010999935, 0.0 ], [ 114.518237001000102, -8.092759006999927, 0.0 ], [ 114.517136995000101, -8.092548024999928, 0.0 ], [ 114.516471016000082, -8.09235702999996, 0.0 ], [ 114.515731001000063, -8.092130976999954, 0.0 ], [ 114.515033032000019, -8.09193797699993, 0.0 ], [ 114.514551009000115, -8.091868, 0.0 ], [ 114.514322992000075, -8.091908986999954, 0.0 ], [ 114.514025978000063, -8.092043974999967, 0.0 ], [ 114.513680021000027, -8.092149027999938, 0.0 ], [ 114.51325603500004, -8.092187013999933, 0.0 ], [ 114.511812027000019, -8.092251039999951, 0.0 ], [ 114.510886012000014, -8.092493957999977, 0.0 ], [ 114.509885999000062, -8.092731994999951, 0.0 ], [ 114.509417037000048, -8.092849033999926, 0.0 ], [ 114.508776968, -8.093017974999952, 0.0 ], [ 114.507896988000084, -8.093337966999968, 0.0 ], [ 114.506877016000089, -8.093513980999944, 0.0 ], [ 114.504772020000019, -8.093574030999946, 0.0 ], [ 114.504480983, -8.093660978999935, 0.0 ], [ 114.503818002000116, -8.093858954999973, 0.0 ], [ 114.503354035000029, -8.093953969999973, 0.0 ], [ 114.502563971000086, -8.094121981999933, 0.0 ], [ 114.502333001000011, -8.094277964999947, 0.0 ], [ 114.502295988000014, -8.094386975999953, 0.0 ], [ 114.502335021000022, -8.094471965999958, 0.0 ], [ 114.502457016000108, -8.094550958999946, 0.0 ], [ 114.502654975000041, -8.094703964999951, 0.0 ], [ 114.502819006000095, -8.094951001999959, 0.0 ], [ 114.502794029000029, -8.095108967999977, 0.0 ], [ 114.502686971000117, -8.095688021999933, 0.0 ], [ 114.502720001000057, -8.09592196899996, 0.0 ], [ 114.502807979000067, -8.095988013999943, 0.0 ], [ 114.503026978000094, -8.095990980999943, 0.0 ], [ 114.50320901300006, -8.095986040999946, 0.0 ], [ 114.503206995000028, -8.096180017999927, 0.0 ], [ 114.503206028000022, -8.096348973999966, 0.0 ], [ 114.503076982000039, -8.096321981999949, 0.0 ], [ 114.500000981000085, -8.095806017999962, 0.0 ], [ 114.500001004000069, -8.09576599199994, 0.0 ], [ 114.500000031000013, -8.095765985999947, 0.0 ], [ 114.499493987000051, -8.095639009999957, 0.0 ], [ 114.499391973000115, -8.095606037999971, 0.0 ], [ 114.499320985000054, -8.095585995999954, 0.0 ], [ 114.499168029000089, -8.095544037999957, 0.0 ], [ 114.49901796600011, -8.095505982999953, 0.0 ], [ 114.498885008000116, -8.095483031999947, 0.0 ], [ 114.49866, -8.09543602399998, 0.0 ], [ 114.498413005000089, -8.095340993999969, 0.0 ], [ 114.498307032000071, -8.095149968999976, 0.0 ], [ 114.498301989000083, -8.095009980999976, 0.0 ], [ 114.498470030000021, -8.093891984999971, 0.0 ], [ 114.498603004000074, -8.093040043999963, 0.0 ], [ 114.498775028000068, -8.092391005999957, 0.0 ], [ 114.49881196900003, -8.092317954999942, 0.0 ], [ 114.498859017000086, -8.092254995999951, 0.0 ], [ 114.498903006000091, -8.092203041999937, 0.0 ], [ 114.498950029000071, -8.092143967999959, 0.0 ], [ 114.499042999000039, -8.092030962999957, 0.0 ], [ 114.499120971000025, -8.091949037999939, 0.0 ], [ 114.499200987000108, -8.091862969999966, 0.0 ], [ 114.499260970000023, -8.091787982999961, 0.0 ], [ 114.49934802700011, -8.091699969999979, 0.0 ], [ 114.499430033000067, -8.091643006999959, 0.0 ], [ 114.49948000400002, -8.091603015999965, 0.0 ], [ 114.499599028000034, -8.091508963999956, 0.0 ], [ 114.499658981000039, -8.09146297999996, 0.0 ], [ 114.499766969, -8.091375997999933, 0.0 ], [ 114.49983902300005, -8.091319968999926, 0.0 ], [ 114.499921983000036, -8.091278010999929, 0.0 ], [ 114.500000033000106, -8.091243973999951, 0.0 ], [ 114.500001005000058, -8.091243979999945, 0.0 ], [ 114.500000963000048, -8.091178020999962, 0.0 ], [ 114.500133989, -8.091117033999979, 0.0 ], [ 114.500411978000102, -8.091047989999936, 0.0 ], [ 114.500895978000017, -8.091001980999977, 0.0 ], [ 114.501490001000093, -8.09101203299997, 0.0 ], [ 114.502018987000042, -8.091091979999931, 0.0 ], [ 114.502451993000022, -8.091240008999932, 0.0 ], [ 114.503758013000038, -8.09171295799996, 0.0 ], [ 114.505067004000011, -8.091959042999974, 0.0 ], [ 114.505716966000023, -8.092016956999942, 0.0 ], [ 114.506327006000106, -8.092025020999927, 0.0 ], [ 114.50639697500003, -8.092004034999945, 0.0 ], [ 114.50673903500001, -8.091949020999948, 0.0 ], [ 114.507378981000102, -8.091884982999943, 0.0 ], [ 114.507772990000035, -8.091808961999959, 0.0 ], [ 114.508584991000021, -8.091587039999979, 0.0 ], [ 114.509157034000054, -8.091390034999961, 0.0 ], [ 114.509696003000045, -8.091196983999964, 0.0 ], [ 114.51041103700004, -8.091020997999976, 0.0 ], [ 114.511057999000059, -8.090837006999948, 0.0 ], [ 114.512301991000072, -8.09039299799997, 0.0 ], [ 114.513701995000019, -8.090089984999963, 0.0 ], [ 114.514398982000102, -8.090113022999958, 0.0 ], [ 114.514757996000071, -8.090170956999941, 0.0 ], [ 114.515224024000076, -8.09032495699995, 0.0 ], [ 114.516188965000083, -8.09059900099993, 0.0 ], [ 114.516748025000084, -8.090787989999967, 0.0 ], [ 114.517242034000105, -8.090952006999942, 0.0 ], [ 114.517679004000115, -8.09101601499998, 0.0 ], [ 114.51857799600009, -8.091156018999925, 0.0 ], [ 114.51988201100005, -8.091510002999939, 0.0 ] ] ] ] } },
{ "type": "Feature", "properties": { "REMARK": "Pasir/Bukit Pasir Laut", "SHAPE_Leng": 0.06549543722, "SHAPE_Area": 3.483566e-05 }, "geometry": { "type": "MultiPolygon", "coordinates": [ [ [ [ 114.613547, -8.12537499299998, 0.0 ], [ 114.614139013000113, -8.125488978999954, 0.0 ], [ 114.614509997000027, -8.125456998999937, 0.0 ], [ 114.614717025000118, -8.125377973999946, 0.0 ], [ 114.614974972000027, -8.125187017999963, 0.0 ], [ 114.615153995000014, -8.125000027999931, 0.0 ], [ 114.615281021000101, -8.124867037999934, 0.0 ], [ 114.615546986000027, -8.12449603999994, 0.0 ], [ 114.615977990000033, -8.123887004999972, 0.0 ], [ 114.616290973000105, -8.123621009999965, 0.0 ], [ 114.616586991000077, -8.123466962999942, 0.0 ], [ 114.616854971000066, -8.123375009999961, 0.0 ], [ 114.616882983000096, -8.123596015999965, 0.0 ], [ 114.616735985000105, -8.124071988999958, 0.0 ], [ 114.616436983000085, -8.124630022999952, 0.0 ], [ 114.616309007000041, -8.125000023999974, 0.0 ], [ 114.616163983000092, -8.125419983999961, 0.0 ], [ 114.615999988000112, -8.125708990999954, 0.0 ], [ 114.615494974000057, -8.126186025999971, 0.0 ], [ 114.6151680050001, -8.126515009999935, 0.0 ], [ 114.614886003000038, -8.12682799199996, 0.0 ], [ 114.614671990000033, -8.127012969999953, 0.0 ], [ 114.613836030000016, -8.12732703699993, 0.0 ], [ 114.612801009, -8.127421982999977, 0.0 ], [ 114.612498027000015, -8.127463033999959, 0.0 ], [ 114.612268008000115, -8.127546982999945, 0.0 ], [ 114.612117981000097, -8.12767396199996, 0.0 ], [ 114.612026036000088, -8.127831010999955, 0.0 ], [ 114.612000997000109, -8.128056042999958, 0.0 ], [ 114.612541997000108, -8.129612972999951, 0.0 ], [ 114.612316015000033, -8.12955797099994, 0.0 ], [ 114.612119018000044, -8.129558981999935, 0.0 ], [ 114.61188603700009, -8.129625021999971, 0.0 ], [ 114.611642034000056, -8.129759038999964, 0.0 ], [ 114.61083300100006, -8.130222982999953, 0.0 ], [ 114.610540968, -8.130309005999948, 0.0 ], [ 114.610419965, -8.130358986999966, 0.0 ], [ 114.61024700300004, -8.130430980999961, 0.0 ], [ 114.609998001, -8.130461955999976, 0.0 ], [ 114.609666984000114, -8.130425038999931, 0.0 ], [ 114.609471003000067, -8.130343012999958, 0.0 ], [ 114.609367017000068, -8.130222040999968, 0.0 ], [ 114.609348026000021, -8.130094972999927, 0.0 ], [ 114.609376972000064, -8.129804001999958, 0.0 ], [ 114.609468007000032, -8.128891986999975, 0.0 ], [ 114.609459970000103, -8.126663016999942, 0.0 ], [ 114.609357011000043, -8.126293017999956, 0.0 ], [ 114.609180025000114, -8.125883004999935, 0.0 ], [ 114.608987027000012, -8.125625968999941, 0.0 ], [ 114.608781025000098, -8.125480993999929, 0.0 ], [ 114.608464972000093, -8.125367991999951, 0.0 ], [ 114.608135001000051, -8.125306954999928, 0.0 ], [ 114.607977966000021, -8.125341993999939, 0.0 ], [ 114.607798035000087, -8.125505029999943, 0.0 ], [ 114.607481024000094, -8.125881954999954, 0.0 ], [ 114.60737498200001, -8.127722965999965, 0.0 ], [ 114.607302019000031, -8.128210030999981, 0.0 ], [ 114.607475968000017, -8.128639995999947, 0.0 ], [ 114.607521003000102, -8.12899103999996, 0.0 ], [ 114.607484002000092, -8.12940403999994, 0.0 ], [ 114.60739903000001, -8.12954504399994, 0.0 ], [ 114.60727101000009, -8.129618023999967, 0.0 ], [ 114.607063967000045, -8.129635960999963, 0.0 ], [ 114.60655900200004, -8.129598017999967, 0.0 ], [ 114.605880031000083, -8.129467965999936, 0.0 ], [ 114.60366801300006, -8.128994993999981, 0.0 ], [ 114.603440994000039, -8.128901035999945, 0.0 ], [ 114.603305035000062, -8.128787012999965, 0.0 ], [ 114.60321297400003, -8.128623008999966, 0.0 ], [ 114.603207983000061, -8.128518974999963, 0.0 ], [ 114.603298977, -8.128447042999937, 0.0 ], [ 114.603989983000019, -8.127997960999949, 0.0 ], [ 114.60403498300002, -8.127838017999977, 0.0 ], [ 114.604038996000099, -8.127476961999946, 0.0 ], [ 114.604146968, -8.127492959999927, 0.0 ], [ 114.604502977000038, -8.127551984999968, 0.0 ], [ 114.604550015000086, -8.127539972999955, 0.0 ], [ 114.604872027000056, -8.127682019999952, 0.0 ], [ 114.60525102500003, -8.127773980999962, 0.0 ], [ 114.605720992000101, -8.127748014999952, 0.0 ], [ 114.606131976000029, -8.127743025999962, 0.0 ], [ 114.606645966000087, -8.12777198699996, 0.0 ], [ 114.606836971, -8.127746996999974, 0.0 ], [ 114.606977976000053, -8.127665960999934, 0.0 ], [ 114.607065018000071, -8.127529034999952, 0.0 ], [ 114.60708503, -8.127243975999932, 0.0 ], [ 114.607054035000033, -8.127010030999941, 0.0 ], [ 114.606803992000096, -8.126561003999939, 0.0 ], [ 114.606676990000096, -8.12641197499994, 0.0 ], [ 114.606484985000066, -8.126303044999929, 0.0 ], [ 114.605975976000082, -8.12622902399994, 0.0 ], [ 114.605319012000109, -8.126209973999948, 0.0 ], [ 114.604717033000043, -8.126226035999935, 0.0 ], [ 114.604351010000073, -8.126165957999945, 0.0 ], [ 114.60416297800009, -8.126106025999945, 0.0 ], [ 114.603887974000031, -8.125452998999947, 0.0 ], [ 114.603843014000063, -8.125241019999976, 0.0 ], [ 114.603861991000031, -8.125093030999949, 0.0 ], [ 114.603927003000081, -8.125000975999967, 0.0 ], [ 114.603927981000083, -8.124999987999956, 0.0 ], [ 114.603962001000014, -8.124951031999956, 0.0 ], [ 114.604550029000052, -8.124601007999956, 0.0 ], [ 114.604890997000098, -8.124446964999947, 0.0 ], [ 114.606153989000063, -8.124485034999964, 0.0 ], [ 114.607370026000012, -8.124735983999926, 0.0 ], [ 114.608112032, -8.124891974999969, 0.0 ], [ 114.608662001000084, -8.124994967999953, 0.0 ], [ 114.608677004000015, -8.125000025999952, 0.0 ], [ 114.608926988, -8.125093030999949, 0.0 ], [ 114.609140018000062, -8.125250968999978, 0.0 ], [ 114.609500988000036, -8.125710044999948, 0.0 ], [ 114.609970033000081, -8.126572040999974, 0.0 ], [ 114.610155963000011, -8.126961955999946, 0.0 ], [ 114.610268974000064, -8.127124997999942, 0.0 ], [ 114.610383021000075, -8.127214040999945, 0.0 ], [ 114.610533982000106, -8.127245018999929, 0.0 ], [ 114.610657974000105, -8.127207976999955, 0.0 ], [ 114.611582969000096, -8.126243029999955, 0.0 ], [ 114.611732990000064, -8.126040961999934, 0.0 ], [ 114.611855986000023, -8.125654036999947, 0.0 ], [ 114.611931027000082, -8.125079964999941, 0.0 ], [ 114.611933968000017, -8.125000012999976, 0.0 ], [ 114.611952020000103, -8.124540001999947, 0.0 ], [ 114.611754975000053, -8.123614002999943, 0.0 ], [ 114.611696017000099, -8.123276972999975, 0.0 ], [ 114.611713965000035, -8.12296099699995, 0.0 ], [ 114.61186701500003, -8.122373014999937, 0.0 ], [ 114.612017028000082, -8.120616018999954, 0.0 ], [ 114.612023985000064, -8.120097027999975, 0.0 ], [ 114.611707968000019, -8.118940995999935, 0.0 ], [ 114.611957, -8.119409983999958, 0.0 ], [ 114.612111006000077, -8.119633988999965, 0.0 ], [ 114.612244989000033, -8.119956006999928, 0.0 ], [ 114.612330006000093, -8.120338008999965, 0.0 ], [ 114.612406018000115, -8.121028991999935, 0.0 ], [ 114.612400031000107, -8.121851961999937, 0.0 ], [ 114.612296989000015, -8.12296297499995, 0.0 ], [ 114.612150974000087, -8.124372014999949, 0.0 ], [ 114.612243001000024, -8.124593035999965, 0.0 ], [ 114.612385975000052, -8.124748030999967, 0.0 ], [ 114.612721025000042, -8.125000025999952, 0.0 ], [ 114.612775004000014, -8.125041005999947, 0.0 ], [ 114.613139978000049, -8.125241037999956, 0.0 ], [ 114.613547, -8.12537499299998, 0.0 ] ] ] ] } },
{ "type": "Feature", "properties": { "REMARK": "Pasir/Bukit Pasir Laut", "SHAPE_Leng": 0.04028599089, "SHAPE_Area": 3.824263e-05 }, "geometry": { "type": "MultiPolygon", "coordinates": [ [ [ [ 114.600405983000087, -8.137801016999958, 0.0 ], [ 114.600442998000062, -8.137738977999959, 0.0 ], [ 114.60065, -8.137113012999976, 0.0 ], [ 114.600800024000023, -8.136861975999977, 0.0 ], [ 114.601019963000113, -8.136638008999967, 0.0 ], [ 114.601254032000043, -8.136503038999933, 0.0 ], [ 114.601617999000041, -8.136382027999957, 0.0 ], [ 114.601907028000028, -8.136235996999972, 0.0 ], [ 114.602505979000057, -8.135825955999962, 0.0 ], [ 114.602713018000031, -8.135607964999963, 0.0 ], [ 114.602767035000056, -8.135441026999956, 0.0 ], [ 114.602735028000097, -8.135251985999957, 0.0 ], [ 114.602642999000068, -8.134617024999955, 0.0 ], [ 114.602674014000058, -8.134343958999978, 0.0 ], [ 114.602759987000013, -8.134097963999977, 0.0 ], [ 114.602936975000034, -8.13382702499996, 0.0 ], [ 114.60314298500009, -8.133630984999968, 0.0 ], [ 114.60342300800005, -8.13345200699996, 0.0 ], [ 114.603923982000083, -8.133218038999928, 0.0 ], [ 114.604149968000115, -8.13322199199996, 0.0 ], [ 114.60453497900005, -8.133208991999936, 0.0 ], [ 114.604673983000112, -8.133074994999959, 0.0 ], [ 114.60486499000001, -8.132772962999979, 0.0 ], [ 114.604821037000079, -8.132680987999947, 0.0 ], [ 114.604651966, -8.132550955999932, 0.0 ], [ 114.604244964000031, -8.132338016999938, 0.0 ], [ 114.60353099800011, -8.131979955999952, 0.0 ], [ 114.603218010000091, -8.131741003999934, 0.0 ], [ 114.602828978000048, -8.131335973999967, 0.0 ], [ 114.602648995000095, -8.131053981999969, 0.0 ], [ 114.602380972000105, -8.130485029999932, 0.0 ], [ 114.602428031000045, -8.130394043999956, 0.0 ], [ 114.602558976000068, -8.130281956999966, 0.0 ], [ 114.602804992000074, -8.130161964999957, 0.0 ], [ 114.603120967000109, -8.130074010999977, 0.0 ], [ 114.603712974000018, -8.129975033999926, 0.0 ], [ 114.60407602500004, -8.129981963999967, 0.0 ], [ 114.604356984000106, -8.130047956999931, 0.0 ], [ 114.604902001000028, -8.130292973999929, 0.0 ], [ 114.605404964000058, -8.130479007999952, 0.0 ], [ 114.605943020000041, -8.130612026999927, 0.0 ], [ 114.606262032000018, -8.130592038999964, 0.0 ], [ 114.607011004000015, -8.130546029999948, 0.0 ], [ 114.607478986000046, -8.130577971999969, 0.0 ], [ 114.607601980000027, -8.130659026999979, 0.0 ], [ 114.607776027000114, -8.130858030999946, 0.0 ], [ 114.607979977000014, -8.131033988999945, 0.0 ], [ 114.608241017000068, -8.131154981999941, 0.0 ], [ 114.608927974000039, -8.131376974999966, 0.0 ], [ 114.609209029000112, -8.131363990999944, 0.0 ], [ 114.610023977000083, -8.13125303399994, 0.0 ], [ 114.610439985000085, -8.131133041999931, 0.0 ], [ 114.61087098400003, -8.131057956999939, 0.0 ], [ 114.611677037000049, -8.130921010999941, 0.0 ], [ 114.612345963000053, -8.130575969999938, 0.0 ], [ 114.612634972000023, -8.130369024999936, 0.0 ], [ 114.612760026000046, -8.130279037999969, 0.0 ], [ 114.612760981000065, -8.130282024999929, 0.0 ], [ 114.612870993000115, -8.130812998999943, 0.0 ], [ 114.613012991, -8.13120897999994, 0.0 ], [ 114.613122013000066, -8.131464979999976, 0.0 ], [ 114.613134968000054, -8.131613970999979, 0.0 ], [ 114.612688024000022, -8.132019955999965, 0.0 ], [ 114.612287994000098, -8.132257963999962, 0.0 ], [ 114.611892021000017, -8.132417020999981, 0.0 ], [ 114.611083973000063, -8.132663019999939, 0.0 ], [ 114.610797013000024, -8.132750969999961, 0.0 ], [ 114.610507988000109, -8.132770955999945, 0.0 ], [ 114.610122967000052, -8.132734986999935, 0.0 ], [ 114.609745008000118, -8.132680985999968, 0.0 ], [ 114.609579016000112, -8.13266202799997, 0.0 ], [ 114.608510998000042, -8.133136006999962, 0.0 ], [ 114.608182981000027, -8.133274043999961, 0.0 ], [ 114.607794033, -8.13335795699993, 0.0 ], [ 114.607407028000011, -8.133417031999954, 0.0 ], [ 114.607251975000054, -8.133482985999933, 0.0 ], [ 114.607027, -8.13421601899995, 0.0 ], [ 114.606945018000033, -8.134483001999968, 0.0 ], [ 114.606403977000014, -8.134763996999936, 0.0 ], [ 114.606125003000102, -8.134866989999978, 0.0 ], [ 114.605291006000016, -8.135098996999943, 0.0 ], [ 114.605019995000021, -8.135195981999971, 0.0 ], [ 114.604880979000086, -8.135294015999932, 0.0 ], [ 114.60492002, -8.136427000999959, 0.0 ], [ 114.604918001000101, -8.136728972999947, 0.0 ], [ 114.604869963000056, -8.136947, 0.0 ], [ 114.604730023000116, -8.137187977999929, 0.0 ], [ 114.604241965000028, -8.137689036999973, 0.0 ], [ 114.603891030000113, -8.138033044999929, 0.0 ], [ 114.60360799800003, -8.138252033999947, 0.0 ], [ 114.603367996000088, -8.138366005999956, 0.0 ], [ 114.603137983000011, -8.138410008999927, 0.0 ], [ 114.602937013000087, -8.13838695499993, 0.0 ], [ 114.602653967000037, -8.138231038999947, 0.0 ], [ 114.602382011000032, -8.138059013999964, 0.0 ], [ 114.601949984000044, -8.137916042999962, 0.0 ], [ 114.601601981000044, -8.137854981999965, 0.0 ], [ 114.601385029000085, -8.137865988999977, 0.0 ], [ 114.600966998000104, -8.138136043999964, 0.0 ], [ 114.600813023000114, -8.138233987999968, 0.0 ], [ 114.600405983000087, -8.137801016999958, 0.0 ] ] ] ] } },
{ "type": "Feature", "properties": { "REMARK": "Pasir/Bukit Pasir Laut", "SHAPE_Leng": 0.01512069154, "SHAPE_Area": 1.46495e-05 }, "geometry": { "type": "MultiPolygon", "coordinates": [ [ [ [ 114.528474033000066, -8.141371018999962, 0.0 ], [ 114.528487975000075, -8.141438960999949, 0.0 ], [ 114.528728029000035, -8.141428044999941, 0.0 ], [ 114.529280971000048, -8.141212028999973, 0.0 ], [ 114.52957996400005, -8.141089972999964, 0.0 ], [ 114.530594999000073, -8.141058020999935, 0.0 ], [ 114.530669018000026, -8.141121990999977, 0.0 ], [ 114.530752967000012, -8.141323000999932, 0.0 ], [ 114.53079303700008, -8.141655028999935, 0.0 ], [ 114.530753017000052, -8.14210800799998, 0.0 ], [ 114.530511026000113, -8.142874013999972, 0.0 ], [ 114.530344981000098, -8.143279962999941, 0.0 ], [ 114.530096997000101, -8.143657041999973, 0.0 ], [ 114.528818964000038, -8.145037024999965, 0.0 ], [ 114.528508018000025, -8.145326977999957, 0.0 ], [ 114.52794097900005, -8.14568196099998, 0.0 ], [ 114.527489004000017, -8.145907984999951, 0.0 ], [ 114.527280032000021, -8.145972036999979, 0.0 ], [ 114.527156024000078, -8.145973991999938, 0.0 ], [ 114.527008979000016, -8.145867017999933, 0.0 ], [ 114.526551966000056, -8.145440013999973, 0.0 ], [ 114.526347016000045, -8.145251005999967, 0.0 ], [ 114.526204966000023, -8.145036991999973, 0.0 ], [ 114.526154979000012, -8.144847031999973, 0.0 ], [ 114.526312967000081, -8.144389985999965, 0.0 ], [ 114.526388983000061, -8.144201968999937, 0.0 ], [ 114.526382997000042, -8.144031973999972, 0.0 ], [ 114.526239965000059, -8.143648990999964, 0.0 ], [ 114.526191024000013, -8.143374012999971, 0.0 ], [ 114.526234034000026, -8.14305604499998, 0.0 ], [ 114.526302004000058, -8.142875025999956, 0.0 ], [ 114.526488993000044, -8.142664011999955, 0.0 ], [ 114.527045012000031, -8.142202976999954, 0.0 ], [ 114.528059012000085, -8.141571970999962, 0.0 ], [ 114.528474033000066, -8.141371018999962, 0.0 ] ] ] ] } },
{ "type": "Feature", "properties": { "REMARK": "Pasir/Bukit Pasir Laut", "SHAPE_Leng": 0.45530561588000001, "SHAPE_Area": 0.00032648357 }, "geometry": { "type": "MultiPolygon", "coordinates": [ [ [ [ 114.522955003000106, -8.131979040999965, 0.0 ], [ 114.523146008000026, -8.132062969999936, 0.0 ], [ 114.523294022000073, -8.132047969999974, 0.0 ], [ 114.523987006000084, -8.131882959999928, 0.0 ], [ 114.524465966000093, -8.131729022999934, 0.0 ], [ 114.524998028000027, -8.131562035999934, 0.0 ], [ 114.525613972000087, -8.131520971999976, 0.0 ], [ 114.526510976000054, -8.131463998999948, 0.0 ], [ 114.527723013000013, -8.131179981999935, 0.0 ], [ 114.528397995000091, -8.130987023999978, 0.0 ], [ 114.52872797100008, -8.13098198299997, 0.0 ], [ 114.528925024000046, -8.131030979999935, 0.0 ], [ 114.529045020000012, -8.131146008999963, 0.0 ], [ 114.529226992000076, -8.131422970999949, 0.0 ], [ 114.529229987, -8.131569002999981, 0.0 ], [ 114.529164998000056, -8.13166700499994, 0.0 ], [ 114.529028972000106, -8.131775958999981, 0.0 ], [ 114.528607971000042, -8.132015007999939, 0.0 ], [ 114.526860027000112, -8.133007040999928, 0.0 ], [ 114.526547977000064, -8.13329599399998, 0.0 ], [ 114.526013964000072, -8.133743974999959, 0.0 ], [ 114.525769981000053, -8.133994036999979, 0.0 ], [ 114.525470031000054, -8.134407028999931, 0.0 ], [ 114.525211986000045, -8.134839973999931, 0.0 ], [ 114.525190965000093, -8.13503600699994, 0.0 ], [ 114.525141004000034, -8.135438956999963, 0.0 ], [ 114.525117009000041, -8.135814958999958, 0.0 ], [ 114.525206006000076, -8.136058013999957, 0.0 ], [ 114.525421021000056, -8.136373036999942, 0.0 ], [ 114.526083988000096, -8.137383993999947, 0.0 ], [ 114.526308005000033, -8.137914026999965, 0.0 ], [ 114.526290034000112, -8.138063996999961, 0.0 ], [ 114.526192020000053, -8.138242031999937, 0.0 ], [ 114.525993990000075, -8.138436985999931, 0.0 ], [ 114.525665981000088, -8.13866900599993, 0.0 ], [ 114.525040017000038, -8.13904901799998, 0.0 ], [ 114.524527029000069, -8.139237983999976, 0.0 ], [ 114.523977032000062, -8.139400971999976, 0.0 ], [ 114.52300797700002, -8.139618958999961, 0.0 ], [ 114.522809015, -8.139734030999932, 0.0 ], [ 114.522686986000053, -8.13988896799998, 0.0 ], [ 114.522648989000118, -8.140048030999935, 0.0 ], [ 114.522651987000017, -8.14041199899998, 0.0 ], [ 114.522634985000082, -8.141000014999975, 0.0 ], [ 114.522513996000043, -8.141459994999934, 0.0 ], [ 114.522339966000118, -8.14186200499995, 0.0 ], [ 114.521695965000049, -8.143239957999981, 0.0 ], [ 114.521421033000024, -8.144021020999958, 0.0 ], [ 114.520912013000043, -8.145252968999955, 0.0 ], [ 114.520143008000105, -8.146585968999943, 0.0 ], [ 114.519862974000034, -8.146955974999969, 0.0 ], [ 114.518661998000084, -8.148312980999947, 0.0 ], [ 114.518327026000065, -8.148714001999963, 0.0 ], [ 114.518235032, -8.148981972999934, 0.0 ], [ 114.51818597700003, -8.149332970999978, 0.0 ], [ 114.518195025000068, -8.149794014999941, 0.0 ], [ 114.51827103100004, -8.150335974999962, 0.0 ], [ 114.518424035000066, -8.150762029999953, 0.0 ], [ 114.518635014000097, -8.151125010999976, 0.0 ], [ 114.518909031000021, -8.15147699299996, 0.0 ], [ 114.519433028000094, -8.151991968999937, 0.0 ], [ 114.519881006000105, -8.152331009999955, 0.0 ], [ 114.521345979000102, -8.153197981999938, 0.0 ], [ 114.521863009000072, -8.153387997999971, 0.0 ], [ 114.522784033000107, -8.15361599299996, 0.0 ], [ 114.523641013000088, -8.153581023999948, 0.0 ], [ 114.523788024000055, -8.15347503299995, 0.0 ], [ 114.523977001000048, -8.153245962999961, 0.0 ], [ 114.52441998900008, -8.15274403799998, 0.0 ], [ 114.524638011000093, -8.152631973999974, 0.0 ], [ 114.524902029000032, -8.152555971999959, 0.0 ], [ 114.525347027000066, -8.152493001999972, 0.0 ], [ 114.526184005, -8.152427002999957, 0.0 ], [ 114.52683296500004, -8.152336994999928, 0.0 ], [ 114.527165008000111, -8.152193006999937, 0.0 ], [ 114.528143002000093, -8.151754968999967, 0.0 ], [ 114.528668031000052, -8.151507976999937, 0.0 ], [ 114.529192996, -8.151125, 0.0 ], [ 114.52999301300008, -8.150513020999938, 0.0 ], [ 114.5305319900001, -8.150101031999952, 0.0 ], [ 114.531086974000118, -8.149530023999944, 0.0 ], [ 114.531428008000034, -8.149138963999974, 0.0 ], [ 114.532287019000023, -8.14816203099997, 0.0 ], [ 114.532926018000012, -8.147451026999931, 0.0 ], [ 114.533336979000069, -8.146863956999937, 0.0 ], [ 114.533788979000065, -8.146242981999933, 0.0 ], [ 114.534147035000046, -8.145916987999954, 0.0 ], [ 114.534704015000102, -8.145408961999976, 0.0 ], [ 114.534841973000084, -8.14514397399995, 0.0 ], [ 114.534950990000084, -8.144780954999931, 0.0 ], [ 114.535147031000065, -8.144178028999931, 0.0 ], [ 114.535344972000075, -8.143961022999974, 0.0 ], [ 114.535685993000016, -8.14370503899994, 0.0 ], [ 114.535862028000111, -8.143658038999945, 0.0 ], [ 114.536224005, -8.143643972999939, 0.0 ], [ 114.536569967000105, -8.143595022999932, 0.0 ], [ 114.537089971000114, -8.143458038999938, 0.0 ], [ 114.538161001000049, -8.143162028999939, 0.0 ], [ 114.538430969000046, -8.14296795599995, 0.0 ], [ 114.538626975000057, -8.142749038999966, 0.0 ], [ 114.538642013000072, -8.142637991999948, 0.0 ], [ 114.538586987000031, -8.142524983999976, 0.0 ], [ 114.538414001000092, -8.142330030999972, 0.0 ], [ 114.537930991000053, -8.141883994999944, 0.0 ], [ 114.537523032000081, -8.14145603399993, 0.0 ], [ 114.537631985000075, -8.14132296899993, 0.0 ], [ 114.537870025000075, -8.141139996999925, 0.0 ], [ 114.539383990000033, -8.140025965999939, 0.0 ], [ 114.539534036000077, -8.139788967999948, 0.0 ], [ 114.539603982000017, -8.139565038999933, 0.0 ], [ 114.539691021000067, -8.13897897499993, 0.0 ], [ 114.539697986000078, -8.138572957999941, 0.0 ], [ 114.539712967000014, -8.138078981999968, 0.0 ], [ 114.539802977000022, -8.137875955999959, 0.0 ], [ 114.53997696600004, -8.137649041999964, 0.0 ], [ 114.540198967000038, -8.137459012999955, 0.0 ], [ 114.540339008000046, -8.137452000999929, 0.0 ], [ 114.540523034000103, -8.137529014999927, 0.0 ], [ 114.540789008000047, -8.137719018999974, 0.0 ], [ 114.541195992000098, -8.138012971999956, 0.0 ], [ 114.54147097200007, -8.137965031999954, 0.0 ], [ 114.542238975000032, -8.137861978999979, 0.0 ], [ 114.543257017000087, -8.137716974999933, 0.0 ], [ 114.54354403100001, -8.137621036999974, 0.0 ], [ 114.54450999300002, -8.137136968999926, 0.0 ], [ 114.545345994000058, -8.13660097099995, 0.0 ], [ 114.546154975000036, -8.135884003999934, 0.0 ], [ 114.547347979000051, -8.134846961999926, 0.0 ], [ 114.548177967000015, -8.134166981999954, 0.0 ], [ 114.548931964000076, -8.133525031999966, 0.0 ], [ 114.549627982000061, -8.132997030999945, 0.0 ], [ 114.550462003, -8.132366040999955, 0.0 ], [ 114.551311023000039, -8.131702971999971, 0.0 ], [ 114.551703975, -8.13151296999996, 0.0 ], [ 114.552245008000114, -8.131333980999955, 0.0 ], [ 114.552802002000021, -8.131124997999962, 0.0 ], [ 114.554218991000084, -8.130514043999938, 0.0 ], [ 114.555019995000066, -8.130232974999956, 0.0 ], [ 114.555580017000011, -8.130067015999941, 0.0 ], [ 114.55616300600002, -8.129986038999959, 0.0 ], [ 114.556784034000088, -8.129958960999943, 0.0 ], [ 114.557420997, -8.130004987999939, 0.0 ], [ 114.557830995000018, -8.130086966999954, 0.0 ], [ 114.558004968000091, -8.130181983999933, 0.0 ], [ 114.558293965000075, -8.130436991999943, 0.0 ], [ 114.55854500800001, -8.130759990999934, 0.0 ], [ 114.559013014000016, -8.131489004999935, 0.0 ], [ 114.559076981000089, -8.131769044999942, 0.0 ], [ 114.559074992000092, -8.132072993999941, 0.0 ], [ 114.559017030000064, -8.13274101899998, 0.0 ], [ 114.558947035000074, -8.133703986999933, 0.0 ], [ 114.558729966000101, -8.135255018999942, 0.0 ], [ 114.55860498200002, -8.136220998999931, 0.0 ], [ 114.558548021000092, -8.136933032999934, 0.0 ], [ 114.558571002, -8.137374023999939, 0.0 ], [ 114.558668010000019, -8.137681008999948, 0.0 ], [ 114.558833019000076, -8.137960029999931, 0.0 ], [ 114.55917498000008, -8.138386042999969, 0.0 ], [ 114.559604027000091, -8.138818993999962, 0.0 ], [ 114.559904006000011, -8.139014974999952, 0.0 ], [ 114.560878990000106, -8.139609964999977, 0.0 ], [ 114.561272006000081, -8.139917011999955, 0.0 ], [ 114.561596035000093, -8.140131027999928, 0.0 ], [ 114.561995030000048, -8.140401966999946, 0.0 ], [ 114.562257002000024, -8.140674974999968, 0.0 ], [ 114.562504017000037, -8.14104701399998, 0.0 ], [ 114.562711003000118, -8.141483960999949, 0.0 ], [ 114.563008020000098, -8.142058972999962, 0.0 ], [ 114.563223005000054, -8.142273958999965, 0.0 ], [ 114.563437036000096, -8.142387016999976, 0.0 ], [ 114.563573984000072, -8.142385037999929, 0.0 ], [ 114.563784017000103, -8.142305971999974, 0.0 ], [ 114.564800963000039, -8.141727010999944, 0.0 ], [ 114.565190972000096, -8.141456019999964, 0.0 ], [ 114.565419988000031, -8.141218036999931, 0.0 ], [ 114.565577024000049, -8.140961007999977, 0.0 ], [ 114.566017980000083, -8.140228954999941, 0.0 ], [ 114.566243001000089, -8.140057991999981, 0.0 ], [ 114.566527999000073, -8.139911966999932, 0.0 ], [ 114.566927014000044, -8.139783972999965, 0.0 ], [ 114.567312021000021, -8.139635021999936, 0.0 ], [ 114.568381030000069, -8.139040005999959, 0.0 ], [ 114.568642998000087, -8.138793994999958, 0.0 ], [ 114.568734977000076, -8.138621962999935, 0.0 ], [ 114.5687300190001, -8.138451969999949, 0.0 ], [ 114.568653994000101, -8.138310013999956, 0.0 ], [ 114.568475996000075, -8.138162025999975, 0.0 ], [ 114.568229014000053, -8.138043984999968, 0.0 ], [ 114.567818002000081, -8.137942038999938, 0.0 ], [ 114.567279019000011, -8.137878991999969, 0.0 ], [ 114.566098021000016, -8.137773964999951, 0.0 ], [ 114.565267979000055, -8.137573001999954, 0.0 ], [ 114.564743019000048, -8.137405040999965, 0.0 ], [ 114.563519009000061, -8.137030031999927, 0.0 ], [ 114.562992018000045, -8.13695096899994, 0.0 ], [ 114.562220018000062, -8.136897992999934, 0.0 ], [ 114.561487966000072, -8.13690498099993, 0.0 ], [ 114.560609028000044, -8.136912983999935, 0.0 ], [ 114.560422001, -8.136848970999949, 0.0 ], [ 114.560409998000068, -8.136743993999971, 0.0 ], [ 114.560479995000037, -8.135730966999972, 0.0 ], [ 114.560652006000055, -8.134148035999942, 0.0 ], [ 114.560695011, -8.133109003999948, 0.0 ], [ 114.560747978000109, -8.132536998999967, 0.0 ], [ 114.560681999000053, -8.132169028999954, 0.0 ], [ 114.560486973000025, -8.131535988999929, 0.0 ], [ 114.560224972000015, -8.130539038999927, 0.0 ], [ 114.56018499400011, -8.130137973999979, 0.0 ], [ 114.560260972000037, -8.129915970999946, 0.0 ], [ 114.560411009000063, -8.129715012999952, 0.0 ], [ 114.56075403300008, -8.12937100399995, 0.0 ], [ 114.561297966000097, -8.128922029999956, 0.0 ], [ 114.561732994000067, -8.128648959999964, 0.0 ], [ 114.562230007000039, -8.128415023999935, 0.0 ], [ 114.563507015000027, -8.127835989999937, 0.0 ], [ 114.564184997000098, -8.127430010999944, 0.0 ], [ 114.564830972000095, -8.127098022999974, 0.0 ], [ 114.566587027000082, -8.126248965999935, 0.0 ], [ 114.567179030000034, -8.12594999199996, 0.0 ], [ 114.567855019000035, -8.125488964999931, 0.0 ], [ 114.568536014000074, -8.125040977999959, 0.0 ], [ 114.568618972000081, -8.125, 0.0 ], [ 114.569111971000098, -8.124760968999965, 0.0 ], [ 114.569675992000043, -8.124450979999949, 0.0 ], [ 114.570010971000102, -8.124186967999947, 0.0 ], [ 114.571051993000083, -8.12342496399998, 0.0 ], [ 114.571995977000029, -8.122768998999959, 0.0 ], [ 114.572432996000089, -8.122362013999975, 0.0 ], [ 114.572822029, -8.122049979999929, 0.0 ], [ 114.573338013000011, -8.121731021999949, 0.0 ], [ 114.57376702800002, -8.121547985999939, 0.0 ], [ 114.57478797300007, -8.121101017999933, 0.0 ], [ 114.575526027000024, -8.120700973999931, 0.0 ], [ 114.575926014000061, -8.120556976999978, 0.0 ], [ 114.577201993000017, -8.120131038999943, 0.0 ], [ 114.578012963000106, -8.119830003999937, 0.0 ], [ 114.580064016000051, -8.119226957999956, 0.0 ], [ 114.58127102100002, -8.118804027999943, 0.0 ], [ 114.581652014000042, -8.118672018999973, 0.0 ], [ 114.582368003000056, -8.118496007999966, 0.0 ], [ 114.58324996500005, -8.118277970999941, 0.0 ], [ 114.583930033000115, -8.118105990999936, 0.0 ], [ 114.584681, -8.117995963999931, 0.0 ], [ 114.586536037000087, -8.117767970999978, 0.0 ], [ 114.586946981000096, -8.117691975999946, 0.0 ], [ 114.587692963000109, -8.117464989999974, 0.0 ], [ 114.588418029000081, -8.117283959999952, 0.0 ], [ 114.588881982000089, -8.117134995999947, 0.0 ], [ 114.589499028000091, -8.116908957999954, 0.0 ], [ 114.589956963000077, -8.116815979999956, 0.0 ], [ 114.590792011000076, -8.116639030999977, 0.0 ], [ 114.591181016000064, -8.11655503999998, 0.0 ], [ 114.591616008000074, -8.116522012999951, 0.0 ], [ 114.592366029000118, -8.116532956999947, 0.0 ], [ 114.593024030000038, -8.116600009999956, 0.0 ], [ 114.593324033000044, -8.11673099799998, 0.0 ], [ 114.593680010000071, -8.116969031999929, 0.0 ], [ 114.593951982000021, -8.117236025999944, 0.0 ], [ 114.594350964000114, -8.11763696099996, 0.0 ], [ 114.594950031000053, -8.118170008999925, 0.0 ], [ 114.595020036000051, -8.118370026999969, 0.0 ], [ 114.595093015000089, -8.118774004999977, 0.0 ], [ 114.595214002000034, -8.119367026999953, 0.0 ], [ 114.595263993000117, -8.119625027999973, 0.0 ], [ 114.595281972000066, -8.120310963999941, 0.0 ], [ 114.595393014000024, -8.121267986999953, 0.0 ], [ 114.595472974000018, -8.121567007999943, 0.0 ], [ 114.595555970000078, -8.121933996999928, 0.0 ], [ 114.595560035000062, -8.122319042999948, 0.0 ], [ 114.595486009000069, -8.123032988999967, 0.0 ], [ 114.594986990000052, -8.124999967999941, 0.0 ], [ 114.594937965000099, -8.125195034999933, 0.0 ], [ 114.594733991000112, -8.127033006999966, 0.0 ], [ 114.594698013000084, -8.127899974999934, 0.0 ], [ 114.594661989000087, -8.129225968999947, 0.0 ], [ 114.594589996000082, -8.131441971999948, 0.0 ], [ 114.594619035000051, -8.132078003999936, 0.0 ], [ 114.594732024000109, -8.132418966999978, 0.0 ], [ 114.594930029000011, -8.132762963999937, 0.0 ], [ 114.595191005000061, -8.133245040999952, 0.0 ], [ 114.595339968000076, -8.133724015999974, 0.0 ], [ 114.595389998000087, -8.13403803999995, 0.0 ], [ 114.595354995000093, -8.134214033999967, 0.0 ], [ 114.595219970000016, -8.134482957999978, 0.0 ], [ 114.594472994000057, -8.135786036999946, 0.0 ], [ 114.59432399100001, -8.136254028999929, 0.0 ], [ 114.594353001000059, -8.136506032999932, 0.0 ], [ 114.594472991000089, -8.136852007999948, 0.0 ], [ 114.594657993000055, -8.137207041999943, 0.0 ], [ 114.594869971000094, -8.137478020999936, 0.0 ], [ 114.595050985000057, -8.137624029999927, 0.0 ], [ 114.595253989000071, -8.13770700799995, 0.0 ], [ 114.595454012, -8.137712981999925, 0.0 ], [ 114.595737998000118, -8.137647978999951, 0.0 ], [ 114.596001020000017, -8.137524026999927, 0.0 ], [ 114.596254013000021, -8.137326010999971, 0.0 ], [ 114.596599997000112, -8.136934994999933, 0.0 ], [ 114.596918985000116, -8.136442976999945, 0.0 ], [ 114.597350024000093, -8.135659036999925, 0.0 ], [ 114.597778974000107, -8.134760959999937, 0.0 ], [ 114.597831980000024, -8.134400014999926, 0.0 ], [ 114.59783402100004, -8.13398202299993, 0.0 ], [ 114.59783596300008, -8.132123966999927, 0.0 ], [ 114.597908975000109, -8.130889993999972, 0.0 ], [ 114.598003021000068, -8.130267970999967, 0.0 ], [ 114.5981209790001, -8.129913011999975, 0.0 ], [ 114.598294983000073, -8.129666002999954, 0.0 ], [ 114.598399022000081, -8.129614028999981, 0.0 ], [ 114.598512972000094, -8.129655996999929, 0.0 ], [ 114.598745975000043, -8.129824990999964, 0.0 ], [ 114.599179032000052, -8.130207964999954, 0.0 ], [ 114.599448994000113, -8.130538017999982, 0.0 ], [ 114.599683035000112, -8.130934995999951, 0.0 ], [ 114.600122006000106, -8.131707003999963, 0.0 ], [ 114.600159036000036, -8.131743004999976, 0.0 ], [ 114.600279012000101, -8.131979010999942, 0.0 ], [ 114.600486007000086, -8.132333992999975, 0.0 ], [ 114.600712015000113, -8.132509993999975, 0.0 ], [ 114.6008669900001, -8.132671026999958, 0.0 ], [ 114.600887996000097, -8.132835966999949, 0.0 ], [ 114.600864004000073, -8.133613010999966, 0.0 ], [ 114.600808981000114, -8.134678029999975, 0.0 ], [ 114.600631023, -8.13565196199994, 0.0 ], [ 114.600491995000084, -8.136041043999967, 0.0 ], [ 114.600247999000089, -8.136486972999933, 0.0 ], [ 114.599527976000104, -8.136002996999935, 0.0 ], [ 114.599346989000082, -8.135915000999944, 0.0 ], [ 114.599193990000117, -8.135912017999942, 0.0 ], [ 114.598937004000049, -8.13606501299995, 0.0 ], [ 114.598367967000058, -8.136776031999943, 0.0 ], [ 114.597935004000078, -8.137317978999931, 0.0 ], [ 114.597144037000021, -8.138171985999975, 0.0 ], [ 114.596625017000065, -8.138659023999935, 0.0 ], [ 114.596273032000113, -8.138940036999941, 0.0 ], [ 114.595997007000051, -8.13908704399995, 0.0 ], [ 114.595640992000085, -8.139191016999973, 0.0 ], [ 114.595141033000118, -8.139227993999953, 0.0 ], [ 114.594551033000016, -8.139088957999945, 0.0 ], [ 114.594295009, -8.139005032999933, 0.0 ], [ 114.594084017000114, -8.138857038999959, 0.0 ], [ 114.593817966000074, -8.138511010999935, 0.0 ], [ 114.593582969000067, -8.138087006999967, 0.0 ], [ 114.593521994000071, -8.137978033999957, 0.0 ], [ 114.593285987000058, -8.137334991999978, 0.0 ], [ 114.593081015000053, -8.136253981999971, 0.0 ], [ 114.593000984000014, -8.135466024999971, 0.0 ], [ 114.59303000400007, -8.133272992999935, 0.0 ], [ 114.592940999, -8.132347003999939, 0.0 ], [ 114.59263103100011, -8.131076972999949, 0.0 ], [ 114.592539994000049, -8.130616955999926, 0.0 ], [ 114.592539971000065, -8.130370003999928, 0.0 ], [ 114.592608983000105, -8.130096984999966, 0.0 ], [ 114.592696981000017, -8.129926003999969, 0.0 ], [ 114.592984025000078, -8.129623011999968, 0.0 ], [ 114.593285998000056, -8.129399986999942, 0.0 ], [ 114.593637982000018, -8.129192978999981, 0.0 ], [ 114.59393800600003, -8.12893298399996, 0.0 ], [ 114.594085987000085, -8.128761002999966, 0.0 ], [ 114.594207027000039, -8.128315975999953, 0.0 ], [ 114.59430403500005, -8.126382042999978, 0.0 ], [ 114.594325965000053, -8.125964981999971, 0.0 ], [ 114.594556970000099, -8.125000043999933, 0.0 ], [ 114.594672003000028, -8.124521005999952, 0.0 ], [ 114.59487897300005, -8.123661012999946, 0.0 ], [ 114.594892996000112, -8.123503960999926, 0.0 ], [ 114.594794990000082, -8.123258957999951, 0.0 ], [ 114.594764964000092, -8.12321495599997, 0.0 ], [ 114.594213980000063, -8.123146005999956, 0.0 ], [ 114.593915022000033, -8.123064991999968, 0.0 ], [ 114.593526988, -8.122896975999936, 0.0 ], [ 114.593208998000023, -8.122269987999971, 0.0 ], [ 114.593096016000118, -8.122066009999969, 0.0 ], [ 114.592698971000118, -8.121640958999933, 0.0 ], [ 114.592089017000035, -8.121065011999974, 0.0 ], [ 114.591430030000083, -8.120421997999927, 0.0 ], [ 114.591251973000112, -8.120370974999958, 0.0 ], [ 114.590965967000102, -8.120338016999938, 0.0 ], [ 114.590418997000029, -8.120550013999946, 0.0 ], [ 114.590100019000033, -8.120729022999967, 0.0 ], [ 114.589786027000059, -8.120912037999972, 0.0 ], [ 114.58955400100001, -8.120981956999969, 0.0 ], [ 114.589180010000064, -8.120967993999955, 0.0 ], [ 114.588458979000052, -8.120784988999958, 0.0 ], [ 114.588091018000114, -8.120613022999976, 0.0 ], [ 114.587377023000045, -8.120278977999931, 0.0 ], [ 114.586721002000104, -8.119829977999927, 0.0 ], [ 114.586396035, -8.119672, 0.0 ], [ 114.586239007000017, -8.119631038999955, 0.0 ], [ 114.585891015000016, -8.11974698399996, 0.0 ], [ 114.585593015000086, -8.11985698899997, 0.0 ], [ 114.585231964000059, -8.119892977999939, 0.0 ], [ 114.584539977000077, -8.119894019999947, 0.0 ], [ 114.583855963000019, -8.120075012999962, 0.0 ], [ 114.583322992000035, -8.12027199299996, 0.0 ], [ 114.582941998000024, -8.120453970999961, 0.0 ], [ 114.582396011000014, -8.12073897099998, 0.0 ], [ 114.581602021000094, -8.120751960999939, 0.0 ], [ 114.581202014000041, -8.120786991999978, 0.0 ], [ 114.580711995000115, -8.120916994999959, 0.0 ], [ 114.580207011000084, -8.12101103699996, 0.0 ], [ 114.57917498300003, -8.121260971999959, 0.0 ], [ 114.57880198700002, -8.121381006999968, 0.0 ], [ 114.577528987000051, -8.121907987999975, 0.0 ], [ 114.576748019000092, -8.122230975999969, 0.0 ], [ 114.576191969000092, -8.12245997399998, 0.0 ], [ 114.575614017000021, -8.122687032999977, 0.0 ], [ 114.575309978000064, -8.122868014999938, 0.0 ], [ 114.57477696300009, -8.123358012999972, 0.0 ], [ 114.574468970000112, -8.123611979999964, 0.0 ], [ 114.573572003000095, -8.124084984999968, 0.0 ], [ 114.573436966000031, -8.124168031999943, 0.0 ], [ 114.57330102100002, -8.124365013999977, 0.0 ], [ 114.573164980000115, -8.124726990999932, 0.0 ], [ 114.573121983000078, -8.124999976999959, 0.0 ], [ 114.573014016000116, -8.125693011999942, 0.0 ], [ 114.572949968000103, -8.126083970999957, 0.0 ], [ 114.572864032000098, -8.126334020999934, 0.0 ], [ 114.572621986000058, -8.126626962999978, 0.0 ], [ 114.572500018000028, -8.126799992999963, 0.0 ], [ 114.572460994000039, -8.127009029999954, 0.0 ], [ 114.57244102300001, -8.127220980999937, 0.0 ], [ 114.57237800200005, -8.12735397299997, 0.0 ], [ 114.570522019, -8.127608987999963, 0.0 ], [ 114.570325997000054, -8.127648025999974, 0.0 ], [ 114.570047972000111, -8.127805031999969, 0.0 ], [ 114.568868998000085, -8.128857969999956, 0.0 ], [ 114.568820007000113, -8.129243956999971, 0.0 ], [ 114.568793026000094, -8.12947700899997, 0.0 ], [ 114.568753969000113, -8.129504966999946, 0.0 ], [ 114.568062990000044, -8.129448966999973, 0.0 ], [ 114.567833990000054, -8.129474974999937, 0.0 ], [ 114.5676460090001, -8.129556978999972, 0.0 ], [ 114.567499973000054, -8.129715043999965, 0.0 ], [ 114.567265025000097, -8.130342979999966, 0.0 ], [ 114.567109979000065, -8.130544000999976, 0.0 ], [ 114.566839032000075, -8.130518975999962, 0.0 ], [ 114.56640597, -8.130403976999958, 0.0 ], [ 114.565969030000019, -8.130188024999939, 0.0 ], [ 114.565731021000033, -8.130071031999933, 0.0 ], [ 114.565505037000094, -8.130031004999978, 0.0 ], [ 114.565246998000021, -8.130073010999979, 0.0 ], [ 114.564809975000117, -8.130280021999965, 0.0 ], [ 114.563486986000044, -8.130991968999979, 0.0 ], [ 114.562845001000028, -8.131244010999978, 0.0 ], [ 114.562506003000067, -8.131367031999957, 0.0 ], [ 114.562180968, -8.131568023999932, 0.0 ], [ 114.561877013000071, -8.131856969999944, 0.0 ], [ 114.561673032000044, -8.132136034999974, 0.0 ], [ 114.561535018000086, -8.132413958999962, 0.0 ], [ 114.561227967000036, -8.134030958999972, 0.0 ], [ 114.56109502400011, -8.135053005999964, 0.0 ], [ 114.561154008000017, -8.135885008999935, 0.0 ], [ 114.561190990000114, -8.136088986999937, 0.0 ], [ 114.56131799800005, -8.13623395999997, 0.0 ], [ 114.561563967000097, -8.136357961999977, 0.0 ], [ 114.562067028000115, -8.136448990999952, 0.0 ], [ 114.562584978000018, -8.136439992999954, 0.0 ], [ 114.56319003200008, -8.136410011999942, 0.0 ], [ 114.564083037000046, -8.136437959999967, 0.0 ], [ 114.565425975000039, -8.13632701399996, 0.0 ], [ 114.565834988, -8.136288985999954, 0.0 ], [ 114.566761, -8.136473986999931, 0.0 ], [ 114.567120035000016, -8.136550954999962, 0.0 ], [ 114.568399972000066, -8.136990984999954, 0.0 ], [ 114.568632031000107, -8.137090954999962, 0.0 ], [ 114.568766002000075, -8.137260003999927, 0.0 ], [ 114.568955036000034, -8.137500041999942, 0.0 ], [ 114.569197024, -8.137789009999949, 0.0 ], [ 114.569607999000027, -8.138195008999958, 0.0 ], [ 114.569718005000027, -8.138381984999967, 0.0 ], [ 114.569780999000045, -8.138589010999965, 0.0 ], [ 114.569771011000057, -8.13869503199993, 0.0 ], [ 114.569605976000048, -8.13889002999997, 0.0 ], [ 114.568899968000096, -8.139301989999979, 0.0 ], [ 114.568535965000024, -8.139515041999971, 0.0 ], [ 114.568294008000066, -8.139729004999936, 0.0 ], [ 114.568147995000118, -8.139931977999936, 0.0 ], [ 114.568078002000107, -8.140128989999937, 0.0 ], [ 114.568072025000106, -8.140413038999952, 0.0 ], [ 114.568111015000113, -8.140668984999934, 0.0 ], [ 114.568093, -8.140779023999926, 0.0 ], [ 114.568008022000072, -8.140868962999946, 0.0 ], [ 114.56781296500003, -8.140908002999936, 0.0 ], [ 114.567296028000101, -8.140748042999974, 0.0 ], [ 114.566748014000041, -8.140347002999931, 0.0 ], [ 114.566582014, -8.140230981999935, 0.0 ], [ 114.566484980000041, -8.140211966999971, 0.0 ], [ 114.5663589830001, -8.140282955999965, 0.0 ], [ 114.566202966000105, -8.140582007999967, 0.0 ], [ 114.565975974000025, -8.141141043999937, 0.0 ], [ 114.565836971000067, -8.141409024999973, 0.0 ], [ 114.565559973000063, -8.141716024999937, 0.0 ], [ 114.565122, -8.142052959999944, 0.0 ], [ 114.564194984000096, -8.142762033999929, 0.0 ], [ 114.563949999000101, -8.142931970999939, 0.0 ], [ 114.563615008000056, -8.143009022999934, 0.0 ], [ 114.563443036000081, -8.143051993999961, 0.0 ], [ 114.563071003, -8.143416971999955, 0.0 ], [ 114.56301699100004, -8.143468964999954, 0.0 ], [ 114.56293800900005, -8.143544028999941, 0.0 ], [ 114.562812031000021, -8.143587004999972, 0.0 ], [ 114.56267497500005, -8.143582024999944, 0.0 ], [ 114.562573023000027, -8.14352304199997, 0.0 ], [ 114.562540007000052, -8.142886003999934, 0.0 ], [ 114.562562983000021, -8.142253007999955, 0.0 ], [ 114.562488988000041, -8.141850020999925, 0.0 ], [ 114.561963007000031, -8.140873982999949, 0.0 ], [ 114.561709989000065, -8.140530007999928, 0.0 ], [ 114.561431036000045, -8.14027, 0.0 ], [ 114.560881006000045, -8.139906981999957, 0.0 ], [ 114.560546976000069, -8.13972696999997, 0.0 ], [ 114.56011401100011, -8.139632022999933, 0.0 ], [ 114.559899979000079, -8.139605977999963, 0.0 ], [ 114.559631999000089, -8.139572018999957, 0.0 ], [ 114.559386967000023, -8.13950295799998, 0.0 ], [ 114.559117012000115, -8.139326041999936, 0.0 ], [ 114.558813972000053, -8.139017998999975, 0.0 ], [ 114.558567963000087, -8.138530035999963, 0.0 ], [ 114.55844700800003, -8.138311998999939, 0.0 ], [ 114.558215965000045, -8.138044958999956, 0.0 ], [ 114.558108031000074, -8.137838024999951, 0.0 ], [ 114.558238978000077, -8.136715039999956, 0.0 ], [ 114.558390013, -8.13578201699994, 0.0 ], [ 114.55835098600005, -8.134853993999968, 0.0 ], [ 114.558381032000057, -8.134510997999939, 0.0 ], [ 114.558470978000059, -8.134069962999945, 0.0 ], [ 114.558533033000117, -8.133800981999968, 0.0 ], [ 114.55851800500011, -8.133577979999927, 0.0 ], [ 114.558448018000036, -8.133402988999933, 0.0 ], [ 114.558280996, -8.133221993999939, 0.0 ], [ 114.558243997000091, -8.133194031999949, 0.0 ], [ 114.558206036000115, -8.133189013999981, 0.0 ], [ 114.557984022000028, -8.133110965999947, 0.0 ], [ 114.557730983000056, -8.132993968999926, 0.0 ], [ 114.556641033, -8.132307024999932, 0.0 ], [ 114.556358019000072, -8.132150991999936, 0.0 ], [ 114.556047002000014, -8.131914011999982, 0.0 ], [ 114.555887013000074, -8.131744985999944, 0.0 ], [ 114.555733995000082, -8.131338993999975, 0.0 ], [ 114.555671998000093, -8.13119097799995, 0.0 ], [ 114.5555690220001, -8.131103976999952, 0.0 ], [ 114.555441016000032, -8.131075014999965, 0.0 ], [ 114.555112015000077, -8.131239020999942, 0.0 ], [ 114.554807975000017, -8.131479980999927, 0.0 ], [ 114.554271969000069, -8.131902967999963, 0.0 ], [ 114.553858007000031, -8.132190972999979, 0.0 ], [ 114.553184000000101, -8.132382987999961, 0.0 ], [ 114.552232981000088, -8.132638027999974, 0.0 ], [ 114.551380965000021, -8.132931973999973, 0.0 ], [ 114.550553028000081, -8.13326301799998, 0.0 ], [ 114.55025902400007, -8.133390002999931, 0.0 ], [ 114.54937299300002, -8.134100011999976, 0.0 ], [ 114.549012984000115, -8.134430983999948, 0.0 ], [ 114.547626005000097, -8.136178959999938, 0.0 ], [ 114.547343968000064, -8.136501997999972, 0.0 ], [ 114.546770020000054, -8.136963955999931, 0.0 ], [ 114.546235976000048, -8.137393987999928, 0.0 ], [ 114.545564981000098, -8.138269007999952, 0.0 ], [ 114.545235011000045, -8.13882396899993, 0.0 ], [ 114.54511697800001, -8.139036044999955, 0.0 ], [ 114.545018964000064, -8.139117042999942, 0.0 ], [ 114.544317987000113, -8.139142981999953, 0.0 ], [ 114.543830035000042, -8.139101988999926, 0.0 ], [ 114.54352601700009, -8.139005997999959, 0.0 ], [ 114.543319966000013, -8.138934995999932, 0.0 ], [ 114.543162006000102, -8.138937021999936, 0.0 ], [ 114.54291498900011, -8.139071963999982, 0.0 ], [ 114.542676015000097, -8.139334989999952, 0.0 ], [ 114.542532032000054, -8.139510041999927, 0.0 ], [ 114.541989031000071, -8.139837998999951, 0.0 ], [ 114.541226018000089, -8.140054026999962, 0.0 ], [ 114.540859019000095, -8.140143965999926, 0.0 ], [ 114.540539970000054, -8.140293017999966, 0.0 ], [ 114.54018798200002, -8.140569993999975, 0.0 ], [ 114.539987982000071, -8.140794038999957, 0.0 ], [ 114.539899995000042, -8.140971958999955, 0.0 ], [ 114.539886002000117, -8.141205985999932, 0.0 ], [ 114.539982964000046, -8.141615976999958, 0.0 ], [ 114.540035976000013, -8.141826013999946, 0.0 ], [ 114.540024964000054, -8.141976028999977, 0.0 ], [ 114.539726963000021, -8.142596954999931, 0.0 ], [ 114.539473027000099, -8.14295801399993, 0.0 ], [ 114.539010992000044, -8.14342397799993, 0.0 ], [ 114.53852203200006, -8.14382896799998, 0.0 ], [ 114.537696010000104, -8.144514995999941, 0.0 ], [ 114.537284030000023, -8.145050020999975, 0.0 ], [ 114.536625020000088, -8.145512977999942, 0.0 ], [ 114.535714968000093, -8.146192977999931, 0.0 ], [ 114.53542398400009, -8.146460016999981, 0.0 ], [ 114.535183994000022, -8.146753027999978, 0.0 ], [ 114.534775986000113, -8.147529954999925, 0.0 ], [ 114.534609019000072, -8.147830004999946, 0.0 ], [ 114.534251008000069, -8.148233975999972, 0.0 ], [ 114.533876975000112, -8.148554992999948, 0.0 ], [ 114.533566011000062, -8.148737968999967, 0.0 ], [ 114.532732979000116, -8.14912504299997, 0.0 ], [ 114.53232996700001, -8.149341972999935, 0.0 ], [ 114.531942985000114, -8.149628030999963, 0.0 ], [ 114.531746969000096, -8.14983501699993, 0.0 ], [ 114.53151402200001, -8.150296036999976, 0.0 ], [ 114.531397025000047, -8.150569010999959, 0.0 ], [ 114.53117696400011, -8.150891955999953, 0.0 ], [ 114.530964975000074, -8.151105980999944, 0.0 ], [ 114.530288021000047, -8.151528965999944, 0.0 ], [ 114.530039014000067, -8.151632983999946, 0.0 ], [ 114.529481998000051, -8.151779035999937, 0.0 ], [ 114.529304030000048, -8.151859993999949, 0.0 ], [ 114.529076027000087, -8.152123976999974, 0.0 ], [ 114.528685984000049, -8.152517986999953, 0.0 ], [ 114.528302983000117, -8.152860987999929, 0.0 ], [ 114.528079007000088, -8.153005002999976, 0.0 ], [ 114.527799971000036, -8.153102962999981, 0.0 ], [ 114.527270980000026, -8.153178975999936, 0.0 ], [ 114.526920030000042, -8.153223005999962, 0.0 ], [ 114.526405974000113, -8.153473042999963, 0.0 ], [ 114.526195966000046, -8.153570970999965, 0.0 ], [ 114.526041027000019, -8.153591980999977, 0.0 ], [ 114.525786991000018, -8.153503959999966, 0.0 ], [ 114.525052977000087, -8.153280998999946, 0.0 ], [ 114.524881993, -8.153259985999966, 0.0 ], [ 114.524737975000107, -8.153317023999932, 0.0 ], [ 114.524494990000107, -8.153548021999939, 0.0 ], [ 114.524299015000111, -8.153857012999936, 0.0 ], [ 114.524047979000102, -8.154350984999951, 0.0 ], [ 114.523887011000056, -8.154598025999974, 0.0 ], [ 114.523779978000107, -8.154685015999974, 0.0 ], [ 114.523142021000012, -8.1547, 0.0 ], [ 114.522732008000048, -8.154668036999965, 0.0 ], [ 114.521967015000087, -8.154448042999945, 0.0 ], [ 114.521763008000107, -8.154360958999973, 0.0 ], [ 114.521013010000047, -8.154037959999926, 0.0 ], [ 114.519742011000062, -8.15329595999998, 0.0 ], [ 114.51929197700008, -8.152974975999939, 0.0 ], [ 114.518847023000035, -8.152569992999929, 0.0 ], [ 114.518613976000097, -8.152207961999977, 0.0 ], [ 114.51830996800004, -8.151734991999945, 0.0 ], [ 114.51824000900001, -8.151606982999965, 0.0 ], [ 114.517621968000071, -8.150480000999949, 0.0 ], [ 114.517464024000105, -8.15007903399993, 0.0 ], [ 114.517412037000099, -8.149813977999941, 0.0 ], [ 114.517457011000033, -8.149555025999973, 0.0 ], [ 114.517660963000026, -8.149226028999976, 0.0 ], [ 114.517921001000104, -8.148849035999945, 0.0 ], [ 114.518563031000099, -8.148049985999933, 0.0 ], [ 114.518705966000084, -8.147865000999957, 0.0 ], [ 114.519086999000024, -8.146761031999972, 0.0 ], [ 114.519212015000107, -8.146303969999963, 0.0 ], [ 114.519290017000117, -8.145696992999945, 0.0 ], [ 114.519300025, -8.145420026999943, 0.0 ], [ 114.519274017000043, -8.145320025999979, 0.0 ], [ 114.51917296900001, -8.145237004999956, 0.0 ], [ 114.518700015000036, -8.145190017999937, 0.0 ], [ 114.518071020000093, -8.145306973999936, 0.0 ], [ 114.517725022000036, -8.145361959999946, 0.0 ], [ 114.517410011000038, -8.145339973999967, 0.0 ], [ 114.51719102900006, -8.145280986999978, 0.0 ], [ 114.517021003000082, -8.145166008999979, 0.0 ], [ 114.516915981000011, -8.145012034999979, 0.0 ], [ 114.516870001000029, -8.144827971999973, 0.0 ], [ 114.516905976000089, -8.144596974999956, 0.0 ], [ 114.517083026000023, -8.144252001999973, 0.0 ], [ 114.517285992000097, -8.143961037999929, 0.0 ], [ 114.517865986000061, -8.143373035999957, 0.0 ], [ 114.518470967000098, -8.142917012999931, 0.0 ], [ 114.518819969000106, -8.142556012999933, 0.0 ], [ 114.519406006000054, -8.141981959999953, 0.0 ], [ 114.519648008000104, -8.141702977999955, 0.0 ], [ 114.520679009000105, -8.140777, 0.0 ], [ 114.521069, -8.140462959999979, 0.0 ], [ 114.521405984000012, -8.140122031999965, 0.0 ], [ 114.522136035000017, -8.139391995999972, 0.0 ], [ 114.522620988000085, -8.138933965999968, 0.0 ], [ 114.522869999000022, -8.138609033999955, 0.0 ], [ 114.523051026000076, -8.138296967999963, 0.0 ], [ 114.523133978000033, -8.138050985999939, 0.0 ], [ 114.523152002000074, -8.137844002999941, 0.0 ], [ 114.522961969000107, -8.137272974999973, 0.0 ], [ 114.522861980000016, -8.136896036999929, 0.0 ], [ 114.522842014000048, -8.136482, 0.0 ], [ 114.522814966000055, -8.135966992999954, 0.0 ], [ 114.522865974000069, -8.134760975999939, 0.0 ], [ 114.522883988000103, -8.13438502899993, 0.0 ], [ 114.522842969000067, -8.134025979999933, 0.0 ], [ 114.522747981000066, -8.133748010999966, 0.0 ], [ 114.522502024, -8.133332955999947, 0.0 ], [ 114.522102982000092, -8.132869983999967, 0.0 ], [ 114.521590031000073, -8.132250995999925, 0.0 ], [ 114.521242031000043, -8.131733036999947, 0.0 ], [ 114.520754975000045, -8.131014002999962, 0.0 ], [ 114.520245036, -8.130441023999936, 0.0 ], [ 114.519801966000045, -8.130000008999957, 0.0 ], [ 114.519783979000067, -8.129982008999946, 0.0 ], [ 114.519350999000039, -8.129530031999934, 0.0 ], [ 114.518887008000092, -8.128916039999979, 0.0 ], [ 114.518270967000035, -8.127843021999979, 0.0 ], [ 114.51785699900006, -8.127267013999926, 0.0 ], [ 114.517180974000098, -8.126329974999976, 0.0 ], [ 114.516319012000054, -8.125154979999934, 0.0 ], [ 114.516191036, -8.125000956999941, 0.0 ], [ 114.516189995000104, -8.124999956999943, 0.0 ], [ 114.515899003000072, -8.124650042999974, 0.0 ], [ 114.515253034000011, -8.123775982999973, 0.0 ], [ 114.514934010000047, -8.123290998999948, 0.0 ], [ 114.514639037000052, -8.12282296799998, 0.0 ], [ 114.514250010000069, -8.12214500999994, 0.0 ], [ 114.513916037000058, -8.121561990999965, 0.0 ], [ 114.513660966000089, -8.12100204199993, 0.0 ], [ 114.513617965000094, -8.120892991999938, 0.0 ], [ 114.513245011000095, -8.119937022999977, 0.0 ], [ 114.512584023000045, -8.118577035999976, 0.0 ], [ 114.512022992000084, -8.117597960999944, 0.0 ], [ 114.511596031000067, -8.116876039999966, 0.0 ], [ 114.511077972000066, -8.116083989999936, 0.0 ], [ 114.510716990000105, -8.115637962999926, 0.0 ], [ 114.510492031000013, -8.115422989999956, 0.0 ], [ 114.510078004000093, -8.115199992999976, 0.0 ], [ 114.508800027, -8.114555990999975, 0.0 ], [ 114.508301025000037, -8.114191972999947, 0.0 ], [ 114.507987996000111, -8.113974019999944, 0.0 ], [ 114.507947994, -8.113949017999971, 0.0 ], [ 114.507712988000094, -8.113762986999973, 0.0 ], [ 114.506909972000017, -8.113102009999977, 0.0 ], [ 114.506530029000032, -8.112761036999927, 0.0 ], [ 114.506338967000033, -8.11254301799994, 0.0 ], [ 114.506175007000024, -8.112320013999977, 0.0 ], [ 114.505818997, -8.111930034999943, 0.0 ], [ 114.505371023000066, -8.111441006999939, 0.0 ], [ 114.504850978000036, -8.110768027999939, 0.0 ], [ 114.504690003000064, -8.110436978999928, 0.0 ], [ 114.504383990000065, -8.109810036999932, 0.0 ], [ 114.504103967000106, -8.109345980999933, 0.0 ], [ 114.503926026000045, -8.109037958999977, 0.0 ], [ 114.503447987000072, -8.107980963999978, 0.0 ], [ 114.503107980000095, -8.107385978999957, 0.0 ], [ 114.502662023000084, -8.106329, 0.0 ], [ 114.502463012000021, -8.105848995999963, 0.0 ], [ 114.501934024000093, -8.104893968999932, 0.0 ], [ 114.501675030000115, -8.104537020999942, 0.0 ], [ 114.50099702600005, -8.103665017999958, 0.0 ], [ 114.500258978000033, -8.103011031999927, 0.0 ], [ 114.500028987000064, -8.102849966999941, 0.0 ], [ 114.500001001000101, -8.102841030999969, 0.0 ], [ 114.500000988000011, -8.101619993999975, 0.0 ], [ 114.500231014000065, -8.101956976999929, 0.0 ], [ 114.500667016000079, -8.102360006999959, 0.0 ], [ 114.501894991000086, -8.103451956999947, 0.0 ], [ 114.502036033000081, -8.10366804399996, 0.0 ], [ 114.502362972000014, -8.104296017999957, 0.0 ], [ 114.503277019000052, -8.105937019999942, 0.0 ], [ 114.503493967000054, -8.106527996999944, 0.0 ], [ 114.503883995000024, -8.107632972999966, 0.0 ], [ 114.504404969, -8.108760977999964, 0.0 ], [ 114.504688966000117, -8.10919903599995, 0.0 ], [ 114.505823968000072, -8.110724021999943, 0.0 ], [ 114.506917981000015, -8.111887973999956, 0.0 ], [ 114.507261031000098, -8.112209022999934, 0.0 ], [ 114.508129, -8.113081011999952, 0.0 ], [ 114.50820197500002, -8.113118954999948, 0.0 ], [ 114.508301980000056, -8.113126975999933, 0.0 ], [ 114.508702966000101, -8.113330015999964, 0.0 ], [ 114.51067903, -8.114321993999965, 0.0 ], [ 114.511729968000054, -8.11488301299994, 0.0 ], [ 114.512004977000061, -8.11514301699998, 0.0 ], [ 114.512612025000067, -8.115850043999956, 0.0 ], [ 114.512922026000069, -8.116342019999934, 0.0 ], [ 114.513256033000062, -8.11700400899997, 0.0 ], [ 114.513696989000096, -8.118065023999975, 0.0 ], [ 114.51405998700011, -8.118962020999959, 0.0 ], [ 114.51451101300006, -8.120052010999927, 0.0 ], [ 114.514858037000067, -8.120811028999981, 0.0 ], [ 114.515748012000017, -8.122596990999966, 0.0 ], [ 114.516229029000101, -8.123273972999925, 0.0 ], [ 114.517107983000074, -8.124372991999962, 0.0 ], [ 114.517467989000011, -8.124834010999962, 0.0 ], [ 114.517600977000029, -8.124999990999981, 0.0 ], [ 114.517602018000048, -8.125000990999979, 0.0 ], [ 114.518581033000032, -8.126210038999943, 0.0 ], [ 114.519329005000031, -8.127231997999957, 0.0 ], [ 114.520532963000051, -8.12892997199998, 0.0 ], [ 114.520871998000075, -8.129299964999973, 0.0 ], [ 114.521307024000066, -8.129808966999974, 0.0 ], [ 114.521879036000087, -8.130613, 0.0 ], [ 114.522670025000025, -8.131731988999945, 0.0 ], [ 114.522955003000106, -8.131979040999965, 0.0 ] ] ] ] } },
{ "type": "Feature", "properties": { "REMARK": "Pasir/Bukit Pasir Laut", "SHAPE_Leng": 0.87717244876, "SHAPE_Area": 0.00081991291 }, "geometry": { "type": "MultiPolygon", "coordinates": [ [ [ [ 114.733336030000032, -8.39629898499993, 0.0 ], [ 114.734597972000074, -8.396777962999977, 0.0 ], [ 114.734960981000086, -8.396865989999981, 0.0 ], [ 114.73538402500003, -8.396875019999925, 0.0 ], [ 114.736746001000029, -8.396857004999958, 0.0 ], [ 114.737919978000036, -8.396914988999981, 0.0 ], [ 114.739053967000018, -8.397119043999965, 0.0 ], [ 114.740149024000061, -8.397416041999975, 0.0 ], [ 114.740622974000075, -8.397527022999952, 0.0 ], [ 114.742054034000034, -8.397729972999969, 0.0 ], [ 114.742750032000117, -8.397869966999963, 0.0 ], [ 114.743616021000093, -8.39805900999994, 0.0 ], [ 114.744936972, -8.398252011999944, 0.0 ], [ 114.745761006000066, -8.398396981999952, 0.0 ], [ 114.747556980000013, -8.398788973999956, 0.0 ], [ 114.748505013000113, -8.398951004999958, 0.0 ], [ 114.749610003000043, -8.399215955999978, 0.0 ], [ 114.75000000700004, -8.399296985999968, 0.0 ], [ 114.750000979000106, -8.399296991999961, 0.0 ], [ 114.750990975000036, -8.399502994999978, 0.0 ], [ 114.751805966, -8.399673022999934, 0.0 ], [ 114.751817999000082, -8.399675983999941, 0.0 ], [ 114.754045002000112, -8.400124993999952, 0.0 ], [ 114.755494988, -8.400425966999933, 0.0 ], [ 114.756838994000077, -8.400739977999933, 0.0 ], [ 114.758984011000052, -8.401393, 0.0 ], [ 114.761135986000113, -8.402022013999954, 0.0 ], [ 114.76216098000009, -8.402315034999958, 0.0 ], [ 114.762918973000069, -8.402559996999969, 0.0 ], [ 114.763213027, -8.402655019999941, 0.0 ], [ 114.764366010000117, -8.403027022999936, 0.0 ], [ 114.76493, -8.403168039999969, 0.0 ], [ 114.765120989000025, -8.403250004999961, 0.0 ], [ 114.765862990000073, -8.403582980999943, 0.0 ], [ 114.766721976000099, -8.403851011999961, 0.0 ], [ 114.7671320070001, -8.403979041999946, 0.0 ], [ 114.768488976000071, -8.40428296999994, 0.0 ], [ 114.769767003000084, -8.404518036999946, 0.0 ], [ 114.770996017000016, -8.404816984999968, 0.0 ], [ 114.772113972000056, -8.405165997999973, 0.0 ], [ 114.772986987000081, -8.405509012999971, 0.0 ], [ 114.773845979000043, -8.405857007999941, 0.0 ], [ 114.774782017, -8.406135038999935, 0.0 ], [ 114.775145026000018, -8.406149020999976, 0.0 ], [ 114.775881009000045, -8.40613601299998, 0.0 ], [ 114.775976985000057, -8.406184992999954, 0.0 ], [ 114.776507024000011, -8.406441024999936, 0.0 ], [ 114.776977012000089, -8.406596043999969, 0.0 ], [ 114.777588969000021, -8.406714994999959, 0.0 ], [ 114.778791987000091, -8.406889967999973, 0.0 ], [ 114.780938988000116, -8.407500966999976, 0.0 ], [ 114.783065979000071, -8.408104975999947, 0.0 ], [ 114.784030032000032, -8.408368957999926, 0.0 ], [ 114.784950032000097, -8.408587955999963, 0.0 ], [ 114.785812993000036, -8.408807986999932, 0.0 ], [ 114.787206024000056, -8.409201979999978, 0.0 ], [ 114.787715968000043, -8.409334982999951, 0.0 ], [ 114.78809901000011, -8.409368043999962, 0.0 ], [ 114.788407986000038, -8.409329024999977, 0.0 ], [ 114.788708965000069, -8.409235014999979, 0.0 ], [ 114.789190983000026, -8.40901297399995, 0.0 ], [ 114.789262017000055, -8.408972977999952, 0.0 ], [ 114.789376977000074, -8.408935035999946, 0.0 ], [ 114.789613968000026, -8.40894504399995, 0.0 ], [ 114.790007020000075, -8.408994967999945, 0.0 ], [ 114.790516014000104, -8.409058014999971, 0.0 ], [ 114.790556970000011, -8.409068998999942, 0.0 ], [ 114.790610037000079, -8.409121982999977, 0.0 ], [ 114.79114297700005, -8.409913007999933, 0.0 ], [ 114.79138100800003, -8.410069962999955, 0.0 ], [ 114.791739967000012, -8.41021901199997, 0.0 ], [ 114.79388799100002, -8.410831040999938, 0.0 ], [ 114.796031019000111, -8.411534034999931, 0.0 ], [ 114.796685026000091, -8.411792003999949, 0.0 ], [ 114.797108969000078, -8.411965993999956, 0.0 ], [ 114.797154018000015, -8.411967963999928, 0.0 ], [ 114.797434993000024, -8.412010023999926, 0.0 ], [ 114.797879974000011, -8.412170033999928, 0.0 ], [ 114.798926974000096, -8.41254298399997, 0.0 ], [ 114.799686009000084, -8.412826027999927, 0.0 ], [ 114.800493031000087, -8.413200975999928, 0.0 ], [ 114.802410990000112, -8.414333028999977, 0.0 ], [ 114.802732036000066, -8.41465003899998, 0.0 ], [ 114.803367968000089, -8.415421025999933, 0.0 ], [ 114.80375699700005, -8.415920965999931, 0.0 ], [ 114.803981984000075, -8.416162971999938, 0.0 ], [ 114.804155991000016, -8.416445992999968, 0.0 ], [ 114.804157022000027, -8.416448980999974, 0.0 ], [ 114.8043689860001, -8.416783996999925, 0.0 ], [ 114.80452397800002, -8.417040975999953, 0.0 ], [ 114.804829012000027, -8.417477003999977, 0.0 ], [ 114.804992035000055, -8.417769994999958, 0.0 ], [ 114.805047999000067, -8.418026962999932, 0.0 ], [ 114.805106022000018, -8.41864904199997, 0.0 ], [ 114.805085029000111, -8.419213021999951, 0.0 ], [ 114.805100989000039, -8.419966988999931, 0.0 ], [ 114.805188988000054, -8.420304022999971, 0.0 ], [ 114.805315986000096, -8.420561025999973, 0.0 ], [ 114.805317023000043, -8.420563019999975, 0.0 ], [ 114.80564197700005, -8.420997985999975, 0.0 ], [ 114.806055982000089, -8.42142395999997, 0.0 ], [ 114.806587963000084, -8.421861978999971, 0.0 ], [ 114.807081003, -8.42219702899996, 0.0 ], [ 114.807276995000052, -8.422271956999964, 0.0 ], [ 114.807279978000111, -8.422273961999963, 0.0 ], [ 114.807519028000115, -8.422438958999976, 0.0 ], [ 114.807679973000063, -8.422529957999927, 0.0 ], [ 114.807838971000024, -8.422567988999958, 0.0 ], [ 114.808321008, -8.422664032999933, 0.0 ], [ 114.808418035000045, -8.422700994999957, 0.0 ], [ 114.808781970000041, -8.422874008999941, 0.0 ], [ 114.809232009000084, -8.423042983999949, 0.0 ], [ 114.809747996000056, -8.423265013999981, 0.0 ], [ 114.810972981000077, -8.423768979999977, 0.0 ], [ 114.811890980000044, -8.424169021999944, 0.0 ], [ 114.812797987000067, -8.424581019999948, 0.0 ], [ 114.813367980000066, -8.424743972999977, 0.0 ], [ 114.813858993000053, -8.424789001999955, 0.0 ], [ 114.814345991000096, -8.424789002999944, 0.0 ], [ 114.814745020000032, -8.424831981999944, 0.0 ], [ 114.815058018000059, -8.424865986999976, 0.0 ], [ 114.815525026000046, -8.424986972999932, 0.0 ], [ 114.815644970000108, -8.425062016999959, 0.0 ], [ 114.815678014000014, -8.425096, 0.0 ], [ 114.81581901800007, -8.42531304399995, 0.0 ], [ 114.81612502400003, -8.425726029999964, 0.0 ], [ 114.816538967000042, -8.426232969999944, 0.0 ], [ 114.81689299300001, -8.426812957999971, 0.0 ], [ 114.817245963, -8.427501025999959, 0.0 ], [ 114.817312031000029, -8.427853030999927, 0.0 ], [ 114.817310980000116, -8.427947011999947, 0.0 ], [ 114.817351024000118, -8.428001005999931, 0.0 ], [ 114.817416011000091, -8.428171988999964, 0.0 ], [ 114.817449010000018, -8.428441029999931, 0.0 ], [ 114.817489005000084, -8.429957965999961, 0.0 ], [ 114.817542034000098, -8.430445997999925, 0.0 ], [ 114.817640981000068, -8.430647987999976, 0.0 ], [ 114.817813019000027, -8.430831044999934, 0.0 ], [ 114.818010014000038, -8.430942032999951, 0.0 ], [ 114.81822997800009, -8.430974976999948, 0.0 ], [ 114.819461963000094, -8.431051955999976, 0.0 ], [ 114.819867030000069, -8.431180998999935, 0.0 ], [ 114.820268964000093, -8.431375002999971, 0.0 ], [ 114.820770007000078, -8.431689028999926, 0.0 ], [ 114.821277982000083, -8.432128980999948, 0.0 ], [ 114.821751983000013, -8.432633992999968, 0.0 ], [ 114.822573015000103, -8.433460035999929, 0.0 ], [ 114.82287197900007, -8.433609002999958, 0.0 ], [ 114.824083008000116, -8.434168983999939, 0.0 ], [ 114.82443003100002, -8.434464980999962, 0.0 ], [ 114.824704985000039, -8.434650955999928, 0.0 ], [ 114.825013988000023, -8.434771961999957, 0.0 ], [ 114.825357978000056, -8.434821044999978, 0.0 ], [ 114.826247994000028, -8.434945993999975, 0.0 ], [ 114.827102965000108, -8.435126959999934, 0.0 ], [ 114.82829502300001, -8.435119013999952, 0.0 ], [ 114.829463996000072, -8.435130005999952, 0.0 ], [ 114.830789012000082, -8.435187043999974, 0.0 ], [ 114.832587969000087, -8.435226995999926, 0.0 ], [ 114.834708031000105, -8.435340017999977, 0.0 ], [ 114.834927028000038, -8.435346016999972, 0.0 ], [ 114.835153037000055, -8.435396970999932, 0.0 ], [ 114.836628025000095, -8.435772026999928, 0.0 ], [ 114.837654988000054, -8.43597398299994, 0.0 ], [ 114.838143016000117, -8.436034964999976, 0.0 ], [ 114.838643994000108, -8.436176991999957, 0.0 ], [ 114.840032964000102, -8.436554996999973, 0.0 ], [ 114.841220016000079, -8.436831028999961, 0.0 ], [ 114.841256979000036, -8.436834033999958, 0.0 ], [ 114.841595012000084, -8.436892016999934, 0.0 ], [ 114.843039003000058, -8.437231002999965, 0.0 ], [ 114.844911025000101, -8.437800982999931, 0.0 ], [ 114.847108970000022, -8.438346988999967, 0.0 ], [ 114.848290001, -8.438672041999951, 0.0 ], [ 114.849067965000017, -8.438867994999953, 0.0 ], [ 114.849295963000031, -8.438831017999973, 0.0 ], [ 114.849318992, -8.43880900299996, 0.0 ], [ 114.849406986000076, -8.438815991999945, 0.0 ], [ 114.849635002000014, -8.43888402999994, 0.0 ], [ 114.849758006000116, -8.438936036999962, 0.0 ], [ 114.850379003000057, -8.439198002999944, 0.0 ], [ 114.850529990000041, -8.439293000999953, 0.0 ], [ 114.851052006000032, -8.439545023999926, 0.0 ], [ 114.851917971000034, -8.439910002999966, 0.0 ], [ 114.853799998000113, -8.440680992999944, 0.0 ], [ 114.854478017000019, -8.440880003999951, 0.0 ], [ 114.856155002000037, -8.441368979999936, 0.0 ], [ 114.856818989000089, -8.441629003999935, 0.0 ], [ 114.857959018000088, -8.44207698799994, 0.0 ], [ 114.859153972000058, -8.44251596099997, 0.0 ], [ 114.861235968000074, -8.443343955999978, 0.0 ], [ 114.863308031000088, -8.44419701299995, 0.0 ], [ 114.86354501400001, -8.444241955999928, 0.0 ], [ 114.86409396800002, -8.444445039999948, 0.0 ], [ 114.86496997100005, -8.44485496599998, 0.0 ], [ 114.866183021000097, -8.445314985999971, 0.0 ], [ 114.866421999000067, -8.445406030999948, 0.0 ], [ 114.867186964000098, -8.445698040999957, 0.0 ], [ 114.867967018000058, -8.44592804499996, 0.0 ], [ 114.868266968000057, -8.446040024999945, 0.0 ], [ 114.869698990000074, -8.446692010999925, 0.0 ], [ 114.871211995000067, -8.447238963999951, 0.0 ], [ 114.871921006000093, -8.447442998999975, 0.0 ], [ 114.872491015000037, -8.447589973999925, 0.0 ], [ 114.873314985000093, -8.447854007999979, 0.0 ], [ 114.874450030000048, -8.448263967999935, 0.0 ], [ 114.874999982000077, -8.448505995999938, 0.0 ], [ 114.875001030000021, -8.448506001999931, 0.0 ], [ 114.875630969000099, -8.448782985999969, 0.0 ], [ 114.876245975000074, -8.449053020999941, 0.0 ], [ 114.877577967000093, -8.44954899399994, 0.0 ], [ 114.878706004000037, -8.449900975999981, 0.0 ], [ 114.87983298000006, -8.450242012999979, 0.0 ], [ 114.880366037000044, -8.45039898999994, 0.0 ], [ 114.88091002200008, -8.450487973999941, 0.0 ], [ 114.881155976000059, -8.450481984999954, 0.0 ], [ 114.881673013000068, -8.450309996999977, 0.0 ], [ 114.88198696500001, -8.450189959999932, 0.0 ], [ 114.882104969000011, -8.450144958999942, 0.0 ], [ 114.882421973000078, -8.450082958999928, 0.0 ], [ 114.882674, -8.450089021999929, 0.0 ], [ 114.883024981000062, -8.450124991999928, 0.0 ], [ 114.883652997000013, -8.45008401399997, 0.0 ], [ 114.883723993000103, -8.45007897499994, 0.0 ], [ 114.883999963000065, -8.450060041999961, 0.0 ], [ 114.884246983000025, -8.450092014999939, 0.0 ], [ 114.884491005000086, -8.45020702599993, 0.0 ], [ 114.884850999000037, -8.450430030999939, 0.0 ], [ 114.885342985000079, -8.450871011999936, 0.0 ], [ 114.88575, -8.451230013999975, 0.0 ], [ 114.886387004000085, -8.451655961999961, 0.0 ], [ 114.887424002000103, -8.452109012999927, 0.0 ], [ 114.887764007000101, -8.452264034999928, 0.0 ], [ 114.888817992000099, -8.453049034999935, 0.0 ], [ 114.889103010000099, -8.453280036999956, 0.0 ], [ 114.889306031000046, -8.453473994999968, 0.0 ], [ 114.889542011000117, -8.453623031999939, 0.0 ], [ 114.891579022000087, -8.454533979999951, 0.0 ], [ 114.892078016000028, -8.454721035999967, 0.0 ], [ 114.894204998000077, -8.455402991999961, 0.0 ], [ 114.894569992000015, -8.455562030999943, 0.0 ], [ 114.895824034000043, -8.456209998999952, 0.0 ], [ 114.896455986000092, -8.456481001999975, 0.0 ], [ 114.898522023000055, -8.457306038999945, 0.0 ], [ 114.90011500300011, -8.458006969999929, 0.0 ], [ 114.90108602600003, -8.458387968999943, 0.0 ], [ 114.902563013000076, -8.459082033999948, 0.0 ], [ 114.902906983000094, -8.459267975999978, 0.0 ], [ 114.903543988000024, -8.459659017999968, 0.0 ], [ 114.9055620150001, -8.460717029999955, 0.0 ], [ 114.905960976000074, -8.460910042999956, 0.0 ], [ 114.906389973000046, -8.461141988999941, 0.0 ], [ 114.907605035000074, -8.461752031999936, 0.0 ], [ 114.907705992000047, -8.461828036999975, 0.0 ], [ 114.908758015000103, -8.462615969999945, 0.0 ], [ 114.909968976000073, -8.46340502299995, 0.0 ], [ 114.910675990000072, -8.463824989999978, 0.0 ], [ 114.910886004000076, -8.463960954999948, 0.0 ], [ 114.91155303000005, -8.464396974999943, 0.0 ], [ 114.912009015000081, -8.464692956999954, 0.0 ], [ 114.912716019000072, -8.465087976999939, 0.0 ], [ 114.913112031000082, -8.465288017999967, 0.0 ], [ 114.913805, -8.465676002999942, 0.0 ], [ 114.914254983000092, -8.465989031999925, 0.0 ], [ 114.914714977000017, -8.466473017999931, 0.0 ], [ 114.915059979000034, -8.466900988999953, 0.0 ], [ 114.915197, -8.467079040999977, 0.0 ], [ 114.915313025000046, -8.467138042999977, 0.0 ], [ 114.91556399600006, -8.46710702799993, 0.0 ], [ 114.916494973000113, -8.467981966999957, 0.0 ], [ 114.916658996000024, -8.468109008999932, 0.0 ], [ 114.916966006000052, -8.468223979999948, 0.0 ], [ 114.917968994000034, -8.468420023999954, 0.0 ], [ 114.918577965000054, -8.468545007999978, 0.0 ], [ 114.91943398300009, -8.468867968999973, 0.0 ], [ 114.920044983000025, -8.469144976999928, 0.0 ], [ 114.920686022000041, -8.469475014999944, 0.0 ], [ 114.921695980000095, -8.46993598499995, 0.0 ], [ 114.922246006000023, -8.470177959999944, 0.0 ], [ 114.923502017000033, -8.470855966999977, 0.0 ], [ 114.924305994000065, -8.471335990999933, 0.0 ], [ 114.925163033000103, -8.471848017999946, 0.0 ], [ 114.925386021, -8.471981967999966, 0.0 ], [ 114.926010016000077, -8.472337033999963, 0.0 ], [ 114.926682993000099, -8.472660997999981, 0.0 ], [ 114.927054017000046, -8.472791033999954, 0.0 ], [ 114.927097992000085, -8.472800033999931, 0.0 ], [ 114.927391036000017, -8.472937970999965, 0.0 ], [ 114.928722000000107, -8.473688032999974, 0.0 ], [ 114.930663986000013, -8.47478603299993, 0.0 ], [ 114.932334968000077, -8.475755971999945, 0.0 ], [ 114.933648018000099, -8.476612030999945, 0.0 ], [ 114.934045978000086, -8.476900998999952, 0.0 ], [ 114.934885024000096, -8.47752100699995, 0.0 ], [ 114.936605980000081, -8.478910010999925, 0.0 ], [ 114.937376031000099, -8.479525041999977, 0.0 ], [ 114.93844797600002, -8.480291966999971, 0.0 ], [ 114.940077993000045, -8.481863044999955, 0.0 ], [ 114.941077964000101, -8.483002035999959, 0.0 ], [ 114.942546967000112, -8.484599010999943, 0.0 ], [ 114.943986982000069, -8.486285032999945, 0.0 ], [ 114.944395998000118, -8.486751014999982, 0.0 ], [ 114.945804994000014, -8.488458019999939, 0.0 ], [ 114.946397029000082, -8.489243008999949, 0.0 ], [ 114.947621011000024, -8.491151032999937, 0.0 ], [ 114.948307021, -8.492189034999967, 0.0 ], [ 114.948590033000073, -8.49254300399997, 0.0 ], [ 114.949138034000043, -8.493246960999954, 0.0 ], [ 114.949383004000083, -8.493573976999926, 0.0 ], [ 114.949837979000108, -8.494030978999945, 0.0 ], [ 114.950652013000081, -8.494691958999965, 0.0 ], [ 114.951002004000088, -8.494954001999929, 0.0 ], [ 114.951547969000103, -8.495521021999934, 0.0 ], [ 114.952497014000073, -8.496576039999979, 0.0 ], [ 114.953130030000011, -8.497135019999973, 0.0 ], [ 114.953613031000032, -8.497448012999939, 0.0 ], [ 114.954254989000106, -8.497803956999974, 0.0 ], [ 114.955371982000088, -8.498366019999935, 0.0 ], [ 114.955716018000089, -8.498538010999937, 0.0 ], [ 114.956112008000105, -8.498726000999966, 0.0 ], [ 114.956613981000032, -8.498879027999976, 0.0 ], [ 114.957756981000102, -8.499056024999959, 0.0 ], [ 114.958387006000066, -8.499163988999953, 0.0 ], [ 114.958675023000069, -8.499267990999954, 0.0 ], [ 114.959248989000116, -8.499839035999969, 0.0 ], [ 114.959341998000014, -8.499907037999947, 0.0 ], [ 114.959472984000058, -8.499859009999966, 0.0 ], [ 114.959728969000025, -8.499549987999956, 0.0 ], [ 114.959803008000108, -8.499509975999956, 0.0 ], [ 114.959912974000076, -8.499542998999971, 0.0 ], [ 114.959988035000038, -8.499691976999941, 0.0 ], [ 114.95998303600004, -8.499999964999972, 0.0 ], [ 114.95998196700009, -8.500102991999938, 0.0 ], [ 114.959993974000099, -8.500820036999926, 0.0 ], [ 114.95999297100002, -8.501052035999976, 0.0 ], [ 114.959850037000024, -8.501377014999946, 0.0 ], [ 114.959746988, -8.501579015999937, 0.0 ], [ 114.959728018000078, -8.501753981999968, 0.0 ], [ 114.959805993000032, -8.501903968999954, 0.0 ], [ 114.959954971000116, -8.502035981999938, 0.0 ], [ 114.960200990000089, -8.502125029999945, 0.0 ], [ 114.960367998000038, -8.502090024999973, 0.0 ], [ 114.960790991000067, -8.501717978999977, 0.0 ], [ 114.960865992000095, -8.501679960999979, 0.0 ], [ 114.960964003000072, -8.501736961999939, 0.0 ], [ 114.961024998000084, -8.501897976999942, 0.0 ], [ 114.961053999000114, -8.502190958999961, 0.0 ], [ 114.961116987000082, -8.50231501899998, 0.0 ], [ 114.961208991000035, -8.502360961999955, 0.0 ], [ 114.961362002000101, -8.50232497899998, 0.0 ], [ 114.961785981000048, -8.501822970999967, 0.0 ], [ 114.961962027000027, -8.501791988999969, 0.0 ], [ 114.962447011000108, -8.501945011999965, 0.0 ], [ 114.964554971000098, -8.502727978999928, 0.0 ], [ 114.965112015000045, -8.503018029999964, 0.0 ], [ 114.965825033000101, -8.50361898899996, 0.0 ], [ 114.966461998000113, -8.504258955999944, 0.0 ], [ 114.966761030000043, -8.504519005999953, 0.0 ], [ 114.967350009000029, -8.505030019999936, 0.0 ], [ 114.968095964000099, -8.505563002999963, 0.0 ], [ 114.968671980000067, -8.505848991999926, 0.0 ], [ 114.96978996900009, -8.506317033999949, 0.0 ], [ 114.9707459870001, -8.506716984999969, 0.0 ], [ 114.971694966000086, -8.507018020999965, 0.0 ], [ 114.971737010000084, -8.507025018999968, 0.0 ], [ 114.971775001000083, -8.507047992999958, 0.0 ], [ 114.972056007000106, -8.507205996999971, 0.0 ], [ 114.972302011000011, -8.507342036999944, 0.0 ], [ 114.972489969000094, -8.507523957999979, 0.0 ], [ 114.972857005000037, -8.508052969999937, 0.0 ], [ 114.973289994000083, -8.508783963999974, 0.0 ], [ 114.973647010000036, -8.50938197399995, 0.0 ], [ 114.97367397000005, -8.509423959999936, 0.0 ], [ 114.974358990000042, -8.510455968999963, 0.0 ], [ 114.974723964000077, -8.511321003999967, 0.0 ], [ 114.974951975000067, -8.511746979999941, 0.0 ], [ 114.975137007000058, -8.512016012999936, 0.0 ], [ 114.975630964000061, -8.512901964999969, 0.0 ], [ 114.976185968000095, -8.513413968999942, 0.0 ], [ 114.976644978000081, -8.513697984999965, 0.0 ], [ 114.978242019000049, -8.514276959999961, 0.0 ], [ 114.979285989000118, -8.514703021999935, 0.0 ], [ 114.979753974, -8.514890012999956, 0.0 ], [ 114.98067199400009, -8.515089012999965, 0.0 ], [ 114.980922963000012, -8.51515096299994, 0.0 ], [ 114.981126025000094, -8.515252973999964, 0.0 ], [ 114.981366967000099, -8.515484967999953, 0.0 ], [ 114.982125013000086, -8.516248013999927, 0.0 ], [ 114.9829539750001, -8.517082014999971, 0.0 ], [ 114.983132012000056, -8.517229989999976, 0.0 ], [ 114.983605973000067, -8.517377962999944, 0.0 ], [ 114.983823030000053, -8.517453021999927, 0.0 ], [ 114.98509901500006, -8.51866198099998, 0.0 ], [ 114.98567903300011, -8.519162988999938, 0.0 ], [ 114.986129025000082, -8.519398957999954, 0.0 ], [ 114.986310983000067, -8.51948503999995, 0.0 ], [ 114.986407012000086, -8.519578991999936, 0.0 ], [ 114.986471026000117, -8.519780963999949, 0.0 ], [ 114.986507999000082, -8.520184977999975, 0.0 ], [ 114.986486023000111, -8.520378007999966, 0.0 ], [ 114.986555993000025, -8.520557957999927, 0.0 ], [ 114.986930997000059, -8.521043983999959, 0.0 ], [ 114.987299996000047, -8.521447007999939, 0.0 ], [ 114.988343987, -8.522433957999965, 0.0 ], [ 114.988686975000064, -8.522813979999967, 0.0 ], [ 114.989193034000095, -8.523370004999947, 0.0 ], [ 114.990868019000118, -8.524808961999952, 0.0 ], [ 114.991255983000087, -8.525137969999946, 0.0 ], [ 114.991665011, -8.525506039999925, 0.0 ], [ 114.992888967000113, -8.526679014999957, 0.0 ], [ 114.993217996000112, -8.526994972999944, 0.0 ], [ 114.993305006000014, -8.527139038999962, 0.0 ], [ 114.99334103700005, -8.527237017999937, 0.0 ], [ 114.993458034000014, -8.527316977999931, 0.0 ], [ 114.993737026000076, -8.527334959999962, 0.0 ], [ 114.994105025000067, -8.527314990999969, 0.0 ], [ 114.994281033000107, -8.527336959999957, 0.0 ], [ 114.994665987000076, -8.527554960999964, 0.0 ], [ 114.995170020000046, -8.528688960999943, 0.0 ], [ 114.995371026000043, -8.529086954999968, 0.0 ], [ 114.995651987000088, -8.529546008999944, 0.0 ], [ 114.996184001000074, -8.530700036999974, 0.0 ], [ 114.996370978000073, -8.531174963999945, 0.0 ], [ 114.996479011000019, -8.531595976999938, 0.0 ], [ 114.996547988000088, -8.532025012999952, 0.0 ], [ 114.996540987000117, -8.532304977999956, 0.0 ], [ 114.996398023000097, -8.532853035999949, 0.0 ], [ 114.996329969000044, -8.533123015999934, 0.0 ], [ 114.996335023000029, -8.533431965999966, 0.0 ], [ 114.996383970000011, -8.533638017999976, 0.0 ], [ 114.996474023000019, -8.533758961999979, 0.0 ], [ 114.996663985000055, -8.533833965999975, 0.0 ], [ 114.997018, -8.533826032999968, 0.0 ], [ 114.997585969000056, -8.533586021999952, 0.0 ], [ 114.997626014000048, -8.533575020999933, 0.0 ], [ 114.997816012000044, -8.53398796099998, 0.0 ], [ 114.99795399900006, -8.534754024999927, 0.0 ], [ 114.997963017000075, -8.535107011999969, 0.0 ], [ 114.997826008000061, -8.535661969999978, 0.0 ], [ 114.997746995000057, -8.535936954999954, 0.0 ], [ 114.997746023000104, -8.536224001999926, 0.0 ], [ 114.997754019000013, -8.536456956999928, 0.0 ], [ 114.997674975000109, -8.536781017999942, 0.0 ], [ 114.997577966000108, -8.537161022999953, 0.0 ], [ 114.997567030000027, -8.53737697899993, 0.0 ], [ 114.997608004000085, -8.537474982999981, 0.0 ], [ 114.997777968000037, -8.537536958999965, 0.0 ], [ 114.997973965000028, -8.537532006999982, 0.0 ], [ 114.99843501700002, -8.537260983999943, 0.0 ], [ 114.998505033000015, -8.537217961999943, 0.0 ], [ 114.998867982000093, -8.537465041999951, 0.0 ], [ 114.999017018000018, -8.537547967999956, 0.0 ], [ 114.999204970000051, -8.53753501999995, 0.0 ], [ 114.999486006000097, -8.537305996999976, 0.0 ], [ 115.000000016000058, -8.53765002199998, 0.0 ], [ 115.000000984000053, -8.537651020999931, 0.0 ], [ 115.000889983000093, -8.538245980999932, 0.0 ], [ 115.001178037000045, -8.538510025999926, 0.0 ], [ 115.001485031000016, -8.538803994999967, 0.0 ], [ 115.001825006000104, -8.539020042999937, 0.0 ], [ 115.002270018000104, -8.539313005999929, 0.0 ], [ 115.0028129640001, -8.539709959999925, 0.0 ], [ 115.00342299700003, -8.539964997999959, 0.0 ], [ 115.003789016000042, -8.540098027999932, 0.0 ], [ 115.003943986000081, -8.540134978999959, 0.0 ], [ 115.004429035000044, -8.540232016999937, 0.0 ], [ 115.004426973000022, -8.54042696099998, 0.0 ], [ 115.004332012000077, -8.540630010999962, 0.0 ], [ 115.004316007000057, -8.540654964999931, 0.0 ], [ 115.002577019000114, -8.540599003999944, 0.0 ], [ 115.001027015000091, -8.540562990999945, 0.0 ], [ 115.000971021000055, -8.540558996999948, 0.0 ], [ 115.000025016000109, -8.54005303799994, 0.0 ], [ 115.000000977000013, -8.540038995999964, 0.0 ], [ 115.000000008000029, -8.540037995999967, 0.0 ], [ 114.999325001000102, -8.539635023999949, 0.0 ], [ 114.999000964000061, -8.539435957999956, 0.0 ], [ 114.998073981000061, -8.538615023999967, 0.0 ], [ 114.997786016000077, -8.538319975999968, 0.0 ], [ 114.997459031000062, -8.537897017999967, 0.0 ], [ 114.997014018000073, -8.537390027999948, 0.0 ], [ 114.996659996000062, -8.537011035999967, 0.0 ], [ 114.996395963000055, -8.536664955999981, 0.0 ], [ 114.996053006000011, -8.535931002999973, 0.0 ], [ 114.99592800500011, -8.535705035999968, 0.0 ], [ 114.99508599100011, -8.535035021999931, 0.0 ], [ 114.994850971, -8.534841022999956, 0.0 ], [ 114.994675022000024, -8.534592015999976, 0.0 ], [ 114.994609019000109, -8.534396992999973, 0.0 ], [ 114.994632995000075, -8.534165016999964, 0.0 ], [ 114.995078994000096, -8.533419959999947, 0.0 ], [ 114.995277964000024, -8.532931030999976, 0.0 ], [ 114.995491005000076, -8.532314012999962, 0.0 ], [ 114.995639989000097, -8.531702990999975, 0.0 ], [ 114.99566497, -8.531478973999981, 0.0 ], [ 114.995615024000017, -8.531206034999968, 0.0 ], [ 114.994777975000034, -8.529585958999974, 0.0 ], [ 114.994354008000073, -8.528822032999926, 0.0 ], [ 114.994178978000036, -8.528512022999962, 0.0 ], [ 114.99396196500004, -8.528269039999941, 0.0 ], [ 114.993344017000027, -8.527741993999939, 0.0 ], [ 114.992940991000069, -8.527443006999931, 0.0 ], [ 114.992615994000062, -8.52724402299998, 0.0 ], [ 114.991942015000063, -8.527036996999925, 0.0 ], [ 114.991446980000092, -8.526891993999925, 0.0 ], [ 114.991112973000099, -8.52674095499998, 0.0 ], [ 114.989529015000016, -8.52553501999995, 0.0 ], [ 114.989133027000094, -8.525222959999951, 0.0 ], [ 114.988819002000014, -8.524917019999975, 0.0 ], [ 114.988543, -8.524514025999963, 0.0 ], [ 114.988113027000054, -8.523742021999965, 0.0 ], [ 114.986676033000094, -8.522373974999937, 0.0 ], [ 114.986226022000096, -8.52191196299998, 0.0 ], [ 114.985839033000047, -8.521384027999943, 0.0 ], [ 114.985569976000079, -8.521042979999947, 0.0 ], [ 114.985227013000099, -8.520759031999944, 0.0 ], [ 114.984855983000102, -8.520529978999946, 0.0 ], [ 114.983621993000042, -8.520222965999949, 0.0 ], [ 114.983290028000056, -8.520126974999926, 0.0 ], [ 114.983082971000044, -8.52000099299994, 0.0 ], [ 114.982888997000032, -8.519822025999929, 0.0 ], [ 114.982638004000023, -8.519321005999927, 0.0 ], [ 114.98251897800003, -8.519072020999943, 0.0 ], [ 114.981906022000089, -8.518413033999934, 0.0 ], [ 114.980422967000095, -8.517369018999943, 0.0 ], [ 114.979853967000054, -8.517024963999972, 0.0 ], [ 114.97915902200009, -8.516638044999979, 0.0 ], [ 114.978450967000072, -8.516123980999964, 0.0 ], [ 114.978007991000027, -8.515822967999952, 0.0 ], [ 114.977595013000041, -8.515613032999966, 0.0 ], [ 114.976015, -8.51515597599996, 0.0 ], [ 114.975482997000086, -8.514983017999953, 0.0 ], [ 114.975072967000074, -8.51481096599997, 0.0 ], [ 114.974833000000103, -8.514665015999981, 0.0 ], [ 114.974481975000117, -8.514307990999953, 0.0 ], [ 114.974180011000044, -8.513891028999979, 0.0 ], [ 114.974025998000116, -8.513589981999928, 0.0 ], [ 114.973925005000069, -8.513130955999941, 0.0 ], [ 114.973852030000103, -8.512441966999972, 0.0 ], [ 114.973814982000022, -8.511485006999976, 0.0 ], [ 114.973795013000085, -8.510968016999925, 0.0 ], [ 114.973755004000054, -8.510687990999941, 0.0 ], [ 114.973614009000016, -8.510331970999971, 0.0 ], [ 114.973384011, -8.509956958999965, 0.0 ], [ 114.972925964000069, -8.509419970999943, 0.0 ], [ 114.972740009000063, -8.509213023999962, 0.0 ], [ 114.972578975000033, -8.509037027999966, 0.0 ], [ 114.972343977000037, -8.508786984999972, 0.0 ], [ 114.972230037000031, -8.508682995999948, 0.0 ], [ 114.97204303500007, -8.508546991999935, 0.0 ], [ 114.971889004000104, -8.508449029999952, 0.0 ], [ 114.971445, -8.508289, 0.0 ], [ 114.971050034000086, -8.508158960999936, 0.0 ], [ 114.969147977000034, -8.507340038999928, 0.0 ], [ 114.968599026000106, -8.507118, 0.0 ], [ 114.967927018000069, -8.506931016999943, 0.0 ], [ 114.966762027000073, -8.506714975999955, 0.0 ], [ 114.966251033000049, -8.506608004999975, 0.0 ], [ 114.965954037000074, -8.506486969999969, 0.0 ], [ 114.965580037000109, -8.506229960999974, 0.0 ], [ 114.96505998400005, -8.505655044999969, 0.0 ], [ 114.964809967000065, -8.505258956999967, 0.0 ], [ 114.96456901800002, -8.504691013999945, 0.0 ], [ 114.964456964000078, -8.504428958999938, 0.0 ], [ 114.964300990000083, -8.504246026999965, 0.0 ], [ 114.963940029000014, -8.504030027999931, 0.0 ], [ 114.962996033000081, -8.503667995999933, 0.0 ], [ 114.961317971000085, -8.503203962999976, 0.0 ], [ 114.96084603700001, -8.503074957999956, 0.0 ], [ 114.960580975000084, -8.502962039999943, 0.0 ], [ 114.959843011000089, -8.502138969999976, 0.0 ], [ 114.959486988000094, -8.501740968999968, 0.0 ], [ 114.959160997000026, -8.501383976999932, 0.0 ], [ 114.958707974000049, -8.500992967999935, 0.0 ], [ 114.957956020000097, -8.500537034999979, 0.0 ], [ 114.956771016000062, -8.500033998999982, 0.0 ], [ 114.956674982000095, -8.499999963999926, 0.0 ], [ 114.954652994000071, -8.499291975999938, 0.0 ], [ 114.953899972000045, -8.499025013999926, 0.0 ], [ 114.953205992000107, -8.498792976999937, 0.0 ], [ 114.952970006000101, -8.498718980999968, 0.0 ], [ 114.952700017000097, -8.498534, 0.0 ], [ 114.952313027000059, -8.498118027999965, 0.0 ], [ 114.951952989, -8.497617962999925, 0.0 ], [ 114.951710008000077, -8.497253992999958, 0.0 ], [ 114.950556004000077, -8.496091969999952, 0.0 ], [ 114.949589972000012, -8.495416993999982, 0.0 ], [ 114.948899036000057, -8.494896024999946, 0.0 ], [ 114.948111009000058, -8.494131965999941, 0.0 ], [ 114.947204003000024, -8.493059990999939, 0.0 ], [ 114.946648964000019, -8.492385006999939, 0.0 ], [ 114.946155032000092, -8.491834977999929, 0.0 ], [ 114.945987011000057, -8.491611036999927, 0.0 ], [ 114.945805975000098, -8.491285982999955, 0.0 ], [ 114.944926976000033, -8.490342038999927, 0.0 ], [ 114.944476964000046, -8.489868971999954, 0.0 ], [ 114.94397002300002, -8.489161974999945, 0.0 ], [ 114.943007031000093, -8.488175016999946, 0.0 ], [ 114.942511032000084, -8.487523026999952, 0.0 ], [ 114.942254010000056, -8.487169011999981, 0.0 ], [ 114.941757019000079, -8.486773963999951, 0.0 ], [ 114.941523004000032, -8.486613028999955, 0.0 ], [ 114.941341014000045, -8.48641196899996, 0.0 ], [ 114.941155993000052, -8.48574001999998, 0.0 ], [ 114.941074010000079, -8.485529004999933, 0.0 ], [ 114.940747013000077, -8.48515600199994, 0.0 ], [ 114.940343995000035, -8.484774010999956, 0.0 ], [ 114.93995601600011, -8.484393997999973, 0.0 ], [ 114.939543975000106, -8.483879011999932, 0.0 ], [ 114.939343034000103, -8.483680020999941, 0.0 ], [ 114.938793027000088, -8.483329969999943, 0.0 ], [ 114.938222971000073, -8.483019035999973, 0.0 ], [ 114.937893029000065, -8.482777968999926, 0.0 ], [ 114.937641973000041, -8.48251400099997, 0.0 ], [ 114.937458985000035, -8.482234034999976, 0.0 ], [ 114.93728197900009, -8.481717036999953, 0.0 ], [ 114.937151012000072, -8.481439966999972, 0.0 ], [ 114.937008034000087, -8.481267039999977, 0.0 ], [ 114.935889978000091, -8.480652967999958, 0.0 ], [ 114.934680001000061, -8.480063983999969, 0.0 ], [ 114.9342809850001, -8.479845956999952, 0.0 ], [ 114.934078033000105, -8.479687984999941, 0.0 ], [ 114.933735031000083, -8.479439977999959, 0.0 ], [ 114.932872010000096, -8.478892955999981, 0.0 ], [ 114.93232201, -8.478543982999952, 0.0 ], [ 114.93127301800007, -8.477856969999948, 0.0 ], [ 114.930898986000102, -8.47754598399996, 0.0 ], [ 114.930306991000066, -8.476748961999931, 0.0 ], [ 114.930135969000048, -8.476528978999966, 0.0 ], [ 114.928627991000099, -8.475780960999941, 0.0 ], [ 114.92814299600002, -8.475514030999932, 0.0 ], [ 114.927480993000017, -8.475083027999972, 0.0 ], [ 114.927191012000094, -8.474932002999935, 0.0 ], [ 114.927149027000041, -8.474914969999929, 0.0 ], [ 114.926247980000085, -8.474594041999978, 0.0 ], [ 114.925501972, -8.47427601399994, 0.0 ], [ 114.925200013000108, -8.47412501499997, 0.0 ], [ 114.924550027, -8.473702024999966, 0.0 ], [ 114.922699011000077, -8.472538958999962, 0.0 ], [ 114.92097702500007, -8.47138597299994, 0.0 ], [ 114.920428964000052, -8.471056971999928, 0.0 ], [ 114.919883015000096, -8.470739007999953, 0.0 ], [ 114.91939899800002, -8.470473972999969, 0.0 ], [ 114.918907024000077, -8.470212961999948, 0.0 ], [ 114.918028976000073, -8.469767962999981, 0.0 ], [ 114.917283971000074, -8.469434021999973, 0.0 ], [ 114.915675035000049, -8.468884981999963, 0.0 ], [ 114.914677005000044, -8.468589000999941, 0.0 ], [ 114.913442030000056, -8.468235989999926, 0.0 ], [ 114.912752037000018, -8.467961984999931, 0.0 ], [ 114.91240601700008, -8.467765011999973, 0.0 ], [ 114.911525015000052, -8.466995982999947, 0.0 ], [ 114.910871975000077, -8.46645104199996, 0.0 ], [ 114.910861991000047, -8.466442040999937, 0.0 ], [ 114.910442999000111, -8.466172012999948, 0.0 ], [ 114.909883022000031, -8.465918039999963, 0.0 ], [ 114.908716963000074, -8.46553303099995, 0.0 ], [ 114.908381986000109, -8.465413024999975, 0.0 ], [ 114.908082013000012, -8.465230031999965, 0.0 ], [ 114.907535976000077, -8.464669030999971, 0.0 ], [ 114.907283998000025, -8.464401972999951, 0.0 ], [ 114.906952991000026, -8.464171003999979, 0.0 ], [ 114.906145011000035, -8.463844030999951, 0.0 ], [ 114.905391999000017, -8.463528013999962, 0.0 ], [ 114.905129036000062, -8.46339600999994, 0.0 ], [ 114.904730035000057, -8.463223962999962, 0.0 ], [ 114.903996028000051, -8.46252304199993, 0.0 ], [ 114.90380601600009, -8.462329971999964, 0.0 ], [ 114.903315019000047, -8.462059009999962, 0.0 ], [ 114.902800986000102, -8.461852994999958, 0.0 ], [ 114.901912028000083, -8.461688980999952, 0.0 ], [ 114.90150897500007, -8.461615961999939, 0.0 ], [ 114.901117982000073, -8.46145895799998, 0.0 ], [ 114.900524015000087, -8.460986984999977, 0.0 ], [ 114.900298976000045, -8.460778994999941, 0.0 ], [ 114.900126991000093, -8.460685976999969, 0.0 ], [ 114.899805029000049, -8.460624960999951, 0.0 ], [ 114.89864598500003, -8.460678019999932, 0.0 ], [ 114.898108990000082, -8.460703962999958, 0.0 ], [ 114.897808992000023, -8.460679032999963, 0.0 ], [ 114.897497974000089, -8.460587977999978, 0.0 ], [ 114.897326987000042, -8.460476979999953, 0.0 ], [ 114.897188007000068, -8.460262039999975, 0.0 ], [ 114.897101031000034, -8.459845027999961, 0.0 ], [ 114.897092009000062, -8.459506970999939, 0.0 ], [ 114.897150966000027, -8.459155000999942, 0.0 ], [ 114.896908015, -8.459020027999941, 0.0 ], [ 114.896058013000015, -8.458660004999956, 0.0 ], [ 114.895414001000063, -8.458376010999928, 0.0 ], [ 114.894458991000079, -8.458011985999974, 0.0 ], [ 114.892346984000028, -8.457395992999977, 0.0 ], [ 114.89144401100009, -8.457087009999952, 0.0 ], [ 114.89101297600007, -8.456929961999947, 0.0 ], [ 114.890333003000023, -8.456790007999928, 0.0 ], [ 114.888201995000031, -8.456642039999963, 0.0 ], [ 114.887767984000106, -8.456605985999943, 0.0 ], [ 114.887425027000063, -8.456524964999971, 0.0 ], [ 114.887171028000012, -8.456398963999959, 0.0 ], [ 114.886985003000063, -8.456246037999961, 0.0 ], [ 114.88680401900001, -8.456006015999947, 0.0 ], [ 114.886618036000073, -8.455652996999959, 0.0 ], [ 114.886494018, -8.455358966999938, 0.0 ], [ 114.88635496500001, -8.455199967999931, 0.0 ], [ 114.885833009000066, -8.454845042999978, 0.0 ], [ 114.885541028000034, -8.454682957999978, 0.0 ], [ 114.885163978000037, -8.454553037999972, 0.0 ], [ 114.884269026000084, -8.454396005999968, 0.0 ], [ 114.883842989000073, -8.454284979999954, 0.0 ], [ 114.883700973000032, -8.454243994999956, 0.0 ], [ 114.883170972000016, -8.454088030999969, 0.0 ], [ 114.88260997000009, -8.453919969999959, 0.0 ], [ 114.882227967000063, -8.45373796399997, 0.0 ], [ 114.881785022000031, -8.453351017999978, 0.0 ], [ 114.881607979000023, -8.453199041999937, 0.0 ], [ 114.881418968000048, -8.453099960999964, 0.0 ], [ 114.880987989, -8.452975981999941, 0.0 ], [ 114.880520969000031, -8.452898982999955, 0.0 ], [ 114.879691966000109, -8.452839995999966, 0.0 ], [ 114.879211963000103, -8.452768979999973, 0.0 ], [ 114.878767020000055, -8.452625040999976, 0.0 ], [ 114.877738972000088, -8.452084986999978, 0.0 ], [ 114.875817990000087, -8.450968008999951, 0.0 ], [ 114.875000988000011, -8.450414002999935, 0.0 ], [ 114.875000020000016, -8.450413002999937, 0.0 ], [ 114.874607032000085, -8.450146973999949, 0.0 ], [ 114.874565032000078, -8.450119994999966, 0.0 ], [ 114.874516027000027, -8.450101020999966, 0.0 ], [ 114.874132008000061, -8.44990598499993, 0.0 ], [ 114.873693019000029, -8.449714986999936, 0.0 ], [ 114.873377965000032, -8.449667003999934, 0.0 ], [ 114.8725539940001, -8.449621043999969, 0.0 ], [ 114.871627964000027, -8.449510994999969, 0.0 ], [ 114.870756028000073, -8.449393012999963, 0.0 ], [ 114.870305976000054, -8.449295037999946, 0.0 ], [ 114.869866977000015, -8.449120033999975, 0.0 ], [ 114.868541983000114, -8.448539030999939, 0.0 ], [ 114.86787103100005, -8.448356977999936, 0.0 ], [ 114.867162014000087, -8.448168027999941, 0.0 ], [ 114.866521009000053, -8.447945015999949, 0.0 ], [ 114.866374963000112, -8.447685024999942, 0.0 ], [ 114.866221990000099, -8.447650029999977, 0.0 ], [ 114.865080015000103, -8.447455011999978, 0.0 ], [ 114.864519981000058, -8.447088018999978, 0.0 ], [ 114.864134993000107, -8.446893963999969, 0.0 ], [ 114.864088021000043, -8.446873011999969, 0.0 ], [ 114.863358980000044, -8.446515036999926, 0.0 ], [ 114.86258202700003, -8.446239040999956, 0.0 ], [ 114.861130010000011, -8.445727997999938, 0.0 ], [ 114.860146980000081, -8.445368992999931, 0.0 ], [ 114.858968019000031, -8.445096034999949, 0.0 ], [ 114.858427031000019, -8.444955979999975, 0.0 ], [ 114.857912988000066, -8.444749012999978, 0.0 ], [ 114.85722502100009, -8.44431597199997, 0.0 ], [ 114.856268991000093, -8.443718970999953, 0.0 ], [ 114.855451973000072, -8.443272026999978, 0.0 ], [ 114.854695971000069, -8.44293296099994, 0.0 ], [ 114.853914992000114, -8.442657018999967, 0.0 ], [ 114.851834995000104, -8.441960041999948, 0.0 ], [ 114.850310034000017, -8.44142100199997, 0.0 ], [ 114.848205981000092, -8.440812985999969, 0.0 ], [ 114.846046014000081, -8.440192, 0.0 ], [ 114.845124986000087, -8.439944011999955, 0.0 ], [ 114.844100994000087, -8.439689039999962, 0.0 ], [ 114.843226032000075, -8.439449976999981, 0.0 ], [ 114.842591981000055, -8.439315987999976, 0.0 ], [ 114.84258898600001, -8.439315970999928, 0.0 ], [ 114.84180501700007, -8.439124039999967, 0.0 ], [ 114.840774981000095, -8.438785972999938, 0.0 ], [ 114.839323003000118, -8.438281008999979, 0.0 ], [ 114.837897985000041, -8.437802034999947, 0.0 ], [ 114.837128018000044, -8.437530011999968, 0.0 ], [ 114.836436030000073, -8.437343006999981, 0.0 ], [ 114.834216008000112, -8.437003957999934, 0.0 ], [ 114.832092031000116, -8.436625032999927, 0.0 ], [ 114.831437028000096, -8.436532031999946, 0.0 ], [ 114.829239984000083, -8.436357020999935, 0.0 ], [ 114.826964978000092, -8.43624301899996, 0.0 ], [ 114.82597097300004, -8.43615996799997, 0.0 ], [ 114.823789036000107, -8.435895994999953, 0.0 ], [ 114.822355970000103, -8.435604990999934, 0.0 ], [ 114.821747963, -8.435448974999929, 0.0 ], [ 114.821209979000059, -8.435233972999981, 0.0 ], [ 114.820376980000106, -8.434780011999976, 0.0 ], [ 114.819745968, -8.434361966999973, 0.0 ], [ 114.819131987000105, -8.433843973999956, 0.0 ], [ 114.818569036000099, -8.433370004999972, 0.0 ], [ 114.818288024000026, -8.433183991999954, 0.0 ], [ 114.818122987000038, -8.433127042999956, 0.0 ], [ 114.818034027000067, -8.43314597799997, 0.0 ], [ 114.817452008000032, -8.433429037999929, 0.0 ], [ 114.81710199500003, -8.433547013999942, 0.0 ], [ 114.816662020000081, -8.433609, 0.0 ], [ 114.816361033000021, -8.433620969999936, 0.0 ], [ 114.816131035000012, -8.433574954999926, 0.0 ], [ 114.815801982000039, -8.433412982999926, 0.0 ], [ 114.815524020000112, -8.433204031999935, 0.0 ], [ 114.815326988000038, -8.432993, 0.0 ], [ 114.815105020000033, -8.432543970999973, 0.0 ], [ 114.81491203500002, -8.431905954999934, 0.0 ], [ 114.81482397700006, -8.431458033999945, 0.0 ], [ 114.814788971000098, -8.43020103799995, 0.0 ], [ 114.814779021000049, -8.429707009999959, 0.0 ], [ 114.814718989000085, -8.42938702999993, 0.0 ], [ 114.814529988000118, -8.42898599199998, 0.0 ], [ 114.813988963000043, -8.428248977999942, 0.0 ], [ 114.813493977, -8.427724955999963, 0.0 ], [ 114.813041013000088, -8.427329042999929, 0.0 ], [ 114.812398008000059, -8.426891042999955, 0.0 ], [ 114.81199997300007, -8.42667102799993, 0.0 ], [ 114.811039025000014, -8.42636003299998, 0.0 ], [ 114.808963016, -8.42577702899996, 0.0 ], [ 114.808315005000054, -8.425578027999961, 0.0 ], [ 114.806245034000085, -8.42473604199995, 0.0 ], [ 114.805361013000038, -8.424378019999949, 0.0 ], [ 114.804937972000062, -8.424147015999949, 0.0 ], [ 114.804365986000107, -8.423715004999963, 0.0 ], [ 114.803993989000105, -8.423365989999979, 0.0 ], [ 114.803396004000092, -8.42266000799998, 0.0 ], [ 114.803126999000028, -8.422299006999936, 0.0 ], [ 114.802855021000028, -8.421814992999941, 0.0 ], [ 114.802457988000015, -8.420875983999963, 0.0 ], [ 114.802242975000013, -8.420258991999958, 0.0 ], [ 114.802044030000047, -8.41920903099998, 0.0 ], [ 114.801942030000077, -8.417799031999948, 0.0 ], [ 114.80190803500011, -8.41744295999996, 0.0 ], [ 114.801710003000039, -8.416867995999951, 0.0 ], [ 114.801574016000018, -8.416572985999949, 0.0 ], [ 114.801380995000045, -8.416303955999979, 0.0 ], [ 114.800970966000023, -8.415918035999937, 0.0 ], [ 114.80049197400001, -8.415562997999928, 0.0 ], [ 114.79976500600003, -8.415140962999942, 0.0 ], [ 114.799086976000012, -8.414841019999926, 0.0 ], [ 114.79866701900005, -8.414716034999969, 0.0 ], [ 114.798230972000056, -8.414670032999936, 0.0 ], [ 114.798190017000024, -8.41467197299994, 0.0 ], [ 114.798146006000024, -8.41468501099996, 0.0 ], [ 114.797470010000097, -8.414807018999966, 0.0 ], [ 114.79707596500009, -8.414799026999958, 0.0 ], [ 114.796687025000097, -8.414722018999953, 0.0 ], [ 114.796382029000029, -8.414599031999956, 0.0 ], [ 114.796005006000087, -8.414386985999954, 0.0 ], [ 114.795135991000052, -8.413910014999942, 0.0 ], [ 114.794525018000058, -8.413666019999937, 0.0 ], [ 114.793556003000049, -8.41326900599995, 0.0 ], [ 114.792586, -8.412862042999961, 0.0 ], [ 114.791545983000105, -8.412566020999975, 0.0 ], [ 114.789365025000052, -8.411966986999971, 0.0 ], [ 114.7871759840001, -8.411422028999937, 0.0 ], [ 114.786111002000098, -8.411188028999959, 0.0 ], [ 114.785546004000025, -8.411154030999967, 0.0 ], [ 114.784269972000061, -8.411087016999943, 0.0 ], [ 114.78362801500009, -8.410923985999943, 0.0 ], [ 114.782377986000029, -8.410601997999947, 0.0 ], [ 114.780820972000015, -8.410232997999969, 0.0 ], [ 114.779413024000064, -8.409818023999946, 0.0 ], [ 114.778069966000089, -8.409443986999975, 0.0 ], [ 114.775988035000069, -8.408828006999954, 0.0 ], [ 114.773866999, -8.408141035999961, 0.0 ], [ 114.771729011000048, -8.407435975999931, 0.0 ], [ 114.770812968000087, -8.407234954999979, 0.0 ], [ 114.76948298800005, -8.406907959999955, 0.0 ], [ 114.76829302100009, -8.406546962999926, 0.0 ], [ 114.767497996000088, -8.406335958999932, 0.0 ], [ 114.765491998000016, -8.405786963999958, 0.0 ], [ 114.764446019000047, -8.405391982999959, 0.0 ], [ 114.762384024000085, -8.404546968999966, 0.0 ], [ 114.761669024000071, -8.404256974999953, 0.0 ], [ 114.759602981000057, -8.40353302099993, 0.0 ], [ 114.758379975000025, -8.403064994999966, 0.0 ], [ 114.757299028000034, -8.402741009999943, 0.0 ], [ 114.755495011000107, -8.402230986999939, 0.0 ], [ 114.754570966000074, -8.402046967999979, 0.0 ], [ 114.752740988000028, -8.401758007999945, 0.0 ], [ 114.750902021000115, -8.401419014999931, 0.0 ], [ 114.750102970000057, -8.401313958999935, 0.0 ], [ 114.750000989000114, -8.401308043999961, 0.0 ], [ 114.750000016000058, -8.401308038999957, 0.0 ], [ 114.749248037000029, -8.401269037999953, 0.0 ], [ 114.747713003000058, -8.401207030999956, 0.0 ], [ 114.746218028000044, -8.400947972999973, 0.0 ], [ 114.745623974000068, -8.400780011999927, 0.0 ], [ 114.743429973000048, -8.400063022999973, 0.0 ], [ 114.742223979000073, -8.399701956999934, 0.0 ], [ 114.740823031000104, -8.399403026999948, 0.0 ], [ 114.738668013000051, -8.399041022999938, 0.0 ], [ 114.737568020000026, -8.398872041999937, 0.0 ], [ 114.735553024000069, -8.39865595699996, 0.0 ], [ 114.734161977000099, -8.398600962999978, 0.0 ], [ 114.733124020000105, -8.398550978999936, 0.0 ], [ 114.732221037000045, -8.398405980999939, 0.0 ], [ 114.731298002000017, -8.398259961999941, 0.0 ], [ 114.730675977000033, -8.398207036999963, 0.0 ], [ 114.729545033000022, -8.398150002999955, 0.0 ], [ 114.729304035000041, -8.398124032999931, 0.0 ], [ 114.72628201200007, -8.397885013999939, 0.0 ], [ 114.724748027000032, -8.397881032999976, 0.0 ], [ 114.723212993000061, -8.397838995999962, 0.0 ], [ 114.721004035000078, -8.397815010999977, 0.0 ], [ 114.719929968000088, -8.397863012999949, 0.0 ], [ 114.718564972000081, -8.397900018999962, 0.0 ], [ 114.718521033000115, -8.397901028999968, 0.0 ], [ 114.718474036000089, -8.397900033999974, 0.0 ], [ 114.716152965000106, -8.397927965999941, 0.0 ], [ 114.713882020000028, -8.397998013999938, 0.0 ], [ 114.712530018000052, -8.398028025999963, 0.0 ], [ 114.711549024000078, -8.39809497899995, 0.0 ], [ 114.709278981000011, -8.398280041999953, 0.0 ], [ 114.707036027000072, -8.39837696099994, 0.0 ], [ 114.704854024000042, -8.398481992999962, 0.0 ], [ 114.702709025000104, -8.39863304499994, 0.0 ], [ 114.700550033000013, -8.398770989999946, 0.0 ], [ 114.698376999000061, -8.398968029999935, 0.0 ], [ 114.696164, -8.399126959999933, 0.0 ], [ 114.694601991000013, -8.399208993999935, 0.0 ], [ 114.69345498000007, -8.399381016999939, 0.0 ], [ 114.692606031000082, -8.399495955999953, 0.0 ], [ 114.691692003000071, -8.399529002999941, 0.0 ], [ 114.689992001000064, -8.399557977999962, 0.0 ], [ 114.687805970000113, -8.39973897699997, 0.0 ], [ 114.686460981000096, -8.39988903099993, 0.0 ], [ 114.684510972000112, -8.400164020999966, 0.0 ], [ 114.682606994000025, -8.400451017999956, 0.0 ], [ 114.681911008000043, -8.40049300499993, 0.0 ], [ 114.680486977000101, -8.400379974999964, 0.0 ], [ 114.680437988000108, -8.40038700599996, 0.0 ], [ 114.679862035000042, -8.400482017999934, 0.0 ], [ 114.678380967000066, -8.400810974999956, 0.0 ], [ 114.676295995000032, -8.401227988999949, 0.0 ], [ 114.674280984, -8.401572029999954, 0.0 ], [ 114.672102004000067, -8.401976987999944, 0.0 ], [ 114.669972983000093, -8.402349969999932, 0.0 ], [ 114.668216031000043, -8.402617971999973, 0.0 ], [ 114.667269029000067, -8.402747000999966, 0.0 ], [ 114.664979978000019, -8.402884963999952, 0.0 ], [ 114.663772029000029, -8.403022012999941, 0.0 ], [ 114.661573009000108, -8.403311034999945, 0.0 ], [ 114.659774011000081, -8.403513956999973, 0.0 ], [ 114.657882025000049, -8.403810022999949, 0.0 ], [ 114.656741974000056, -8.404068990999974, 0.0 ], [ 114.654573037000091, -8.404594988999975, 0.0 ], [ 114.652428978000103, -8.405078018999973, 0.0 ], [ 114.650229963000015, -8.405465013999958, 0.0 ], [ 114.648838003000037, -8.405783987999939, 0.0 ], [ 114.647812985000087, -8.406079035999937, 0.0 ], [ 114.646649966000041, -8.406372984999962, 0.0 ], [ 114.644495025000083, -8.406871984999952, 0.0 ], [ 114.643360017000077, -8.407100036999964, 0.0 ], [ 114.641194022000036, -8.407470997999951, 0.0 ], [ 114.639864012000089, -8.407656031999977, 0.0 ], [ 114.637739024000098, -8.407793001999949, 0.0 ], [ 114.635593998000104, -8.40788999199998, 0.0 ], [ 114.634347965000075, -8.408024997999973, 0.0 ], [ 114.632238016000088, -8.408299015999944, 0.0 ], [ 114.63063196600001, -8.408402021999962, 0.0 ], [ 114.630119999000044, -8.408508996999956, 0.0 ], [ 114.629309977000048, -8.408548029999963, 0.0 ], [ 114.628802016, -8.408660990999977, 0.0 ], [ 114.628030992000049, -8.408895976999929, 0.0 ], [ 114.627398987000106, -8.409099993999973, 0.0 ], [ 114.625931012000024, -8.409573025999975, 0.0 ], [ 114.625001031000011, -8.409769997999945, 0.0 ], [ 114.625001008000027, -8.408373025999936, 0.0 ], [ 114.625000970000087, -8.407519028999957, 0.0 ], [ 114.625005018000024, -8.407517968999969, 0.0 ], [ 114.626351980000095, -8.407301011999948, 0.0 ], [ 114.627172012000074, -8.407288972999936, 0.0 ], [ 114.627955990000032, -8.407322978999957, 0.0 ], [ 114.628372038000066, -8.407321963999948, 0.0 ], [ 114.629476016000012, -8.40738400999993, 0.0 ], [ 114.630190023000068, -8.407515992999947, 0.0 ], [ 114.630448037000065, -8.407472998999935, 0.0 ], [ 114.630878984000105, -8.407422011999927, 0.0 ], [ 114.631782990000033, -8.407410015999972, 0.0 ], [ 114.632340974000044, -8.407440031999954, 0.0 ], [ 114.632523031, -8.407432995999955, 0.0 ], [ 114.632560015000081, -8.407430958999953, 0.0 ], [ 114.632979970000065, -8.407365986999935, 0.0 ], [ 114.632981991000065, -8.407365998999978, 0.0 ], [ 114.633524969000064, -8.407242037999936, 0.0 ], [ 114.633526023000059, -8.407240960999957, 0.0 ], [ 114.63403496400008, -8.407139022999957, 0.0 ], [ 114.635180011000102, -8.406982987999982, 0.0 ], [ 114.635455969000077, -8.406942990999937, 0.0 ], [ 114.635715026000071, -8.406938041999979, 0.0 ], [ 114.63641202000008, -8.406876989999944, 0.0 ], [ 114.63750699700006, -8.406721008999966, 0.0 ], [ 114.638508002000094, -8.406684007999957, 0.0 ], [ 114.639990995000062, -8.406422998999972, 0.0 ], [ 114.64019896700006, -8.406388011999979, 0.0 ], [ 114.642175015000021, -8.406052963999969, 0.0 ], [ 114.643553999, -8.405775954999967, 0.0 ], [ 114.64501503200006, -8.40537102899998, 0.0 ], [ 114.646362990000057, -8.404989003999958, 0.0 ], [ 114.646661971000071, -8.404904044999967, 0.0 ], [ 114.647927003000063, -8.404670975999977, 0.0 ], [ 114.648895017000086, -8.40449504399993, 0.0 ], [ 114.651029970000081, -8.404032039999947, 0.0 ], [ 114.651725005000117, -8.403886006999926, 0.0 ], [ 114.652401985000097, -8.403743026999962, 0.0 ], [ 114.654012985, -8.403327029999957, 0.0 ], [ 114.65513701000009, -8.40300697899994, 0.0 ], [ 114.655604033000031, -8.402893013999972, 0.0 ], [ 114.65620897000008, -8.402744988999928, 0.0 ], [ 114.656478984000046, -8.40271, 0.0 ], [ 114.65701497200007, -8.402639997999927, 0.0 ], [ 114.657949966000047, -8.40249104399993, 0.0 ], [ 114.658732978000103, -8.402276031999975, 0.0 ], [ 114.659829996000099, -8.40201598699997, 0.0 ], [ 114.66092900600006, -8.40184802999994, 0.0 ], [ 114.662566979000076, -8.401612968999927, 0.0 ], [ 114.66265, -8.401597015999926, 0.0 ], [ 114.664771028000018, -8.401219960999981, 0.0 ], [ 114.666014967000024, -8.401021040999979, 0.0 ], [ 114.667837990000066, -8.40070400899998, 0.0 ], [ 114.668242036000038, -8.400633027999959, 0.0 ], [ 114.669550033000064, -8.400384955999925, 0.0 ], [ 114.670195036000109, -8.400281964999976, 0.0 ], [ 114.671667993000028, -8.400070012999947, 0.0 ], [ 114.673843033000026, -8.399796960999936, 0.0 ], [ 114.676008996000064, -8.399389020999934, 0.0 ], [ 114.67819901900009, -8.399062988999958, 0.0 ], [ 114.679697969000017, -8.398909983999943, 0.0 ], [ 114.680193968000026, -8.398831037999969, 0.0 ], [ 114.680321031000062, -8.398746030999973, 0.0 ], [ 114.680476035000083, -8.398744955999973, 0.0 ], [ 114.680709980000074, -8.398746966999965, 0.0 ], [ 114.680966982000086, -8.398748028999933, 0.0 ], [ 114.682746019000092, -8.398766997999928, 0.0 ], [ 114.684415031000071, -8.398736966999934, 0.0 ], [ 114.685956035000117, -8.398572979999926, 0.0 ], [ 114.687219969000012, -8.39839696699994, 0.0 ], [ 114.689415035000025, -8.398116983999955, 0.0 ], [ 114.691041014, -8.397884977999979, 0.0 ], [ 114.692467022000073, -8.397778031999962, 0.0 ], [ 114.694191008000075, -8.397641017999945, 0.0 ], [ 114.69506401600006, -8.39750696699997, 0.0 ], [ 114.696439969000039, -8.397232989999964, 0.0 ], [ 114.697180020000019, -8.39714297699993, 0.0 ], [ 114.69842097500009, -8.397068993999937, 0.0 ], [ 114.69939097300005, -8.397012038999947, 0.0 ], [ 114.700302025000042, -8.397001004999936, 0.0 ], [ 114.702074971000116, -8.396785983999962, 0.0 ], [ 114.702751980000016, -8.396713032999969, 0.0 ], [ 114.703692003000015, -8.396700983999949, 0.0 ], [ 114.705930974000012, -8.396680959999969, 0.0 ], [ 114.707296024000016, -8.396594025999946, 0.0 ], [ 114.70952098500004, -8.396373015999927, 0.0 ], [ 114.711759995000079, -8.396207016999938, 0.0 ], [ 114.713632023000059, -8.396135023999932, 0.0 ], [ 114.715842984, -8.396068963999937, 0.0 ], [ 114.717784967000057, -8.396040008999933, 0.0 ], [ 114.718924006000066, -8.396027991999972, 0.0 ], [ 114.719529018000117, -8.39603203799993, 0.0 ], [ 114.719571979000079, -8.396032015999936, 0.0 ], [ 114.721853033000116, -8.396063019999929, 0.0 ], [ 114.723146031000056, -8.396102034999956, 0.0 ], [ 114.724454030000061, -8.396122968999975, 0.0 ], [ 114.726657017000093, -8.396181958999932, 0.0 ], [ 114.727098001000059, -8.396220017999951, 0.0 ], [ 114.728517992000093, -8.396353007999949, 0.0 ], [ 114.729597984000065, -8.396418967999978, 0.0 ], [ 114.72978299600004, -8.396561006999946, 0.0 ], [ 114.729921980000086, -8.396690038999964, 0.0 ], [ 114.729963024000085, -8.396685033999972, 0.0 ], [ 114.730407984000067, -8.396592983999938, 0.0 ], [ 114.731593999000097, -8.39631696899994, 0.0 ], [ 114.732243013000016, -8.396090992999973, 0.0 ], [ 114.732358993000048, -8.396095998999954, 0.0 ], [ 114.732562027000085, -8.396125000999973, 0.0 ], [ 114.732939977000115, -8.396178956999961, 0.0 ], [ 114.733336030000032, -8.39629898499993, 0.0 ] ] ] ] } },
{ "type": "Feature", "properties": { "REMARK": "Pasir/Bukit Pasir Laut", "SHAPE_Leng": 0.46028996687000001, "SHAPE_Area": 0.0003261032 }, "geometry": { "type": "MultiPolygon", "coordinates": [ [ [ [ 114.531892026000037, -8.339782028999934, 0.0 ], [ 114.533032963000096, -8.34016997699996, 0.0 ], [ 114.53414001100009, -8.340485969999975, 0.0 ], [ 114.534821980000061, -8.340684022999937, 0.0 ], [ 114.536634983000113, -8.341479034999963, 0.0 ], [ 114.537367004000089, -8.341845998999929, 0.0 ], [ 114.539224967000109, -8.343027006999932, 0.0 ], [ 114.539941975000033, -8.343534014999932, 0.0 ], [ 114.540578005000043, -8.344092022999973, 0.0 ], [ 114.54076903400005, -8.344259009999973, 0.0 ], [ 114.541442980000056, -8.34477297799998, 0.0 ], [ 114.541541030000076, -8.344815962999974, 0.0 ], [ 114.541584022000052, -8.344833035999955, 0.0 ], [ 114.541863007000075, -8.345042041999932, 0.0 ], [ 114.542267031000051, -8.345297995999942, 0.0 ], [ 114.542498990000013, -8.345453038999949, 0.0 ], [ 114.542745976000106, -8.345717956999977, 0.0 ], [ 114.543138026000065, -8.346094008999955, 0.0 ], [ 114.543951996000033, -8.346832020999955, 0.0 ], [ 114.544178967000107, -8.347126992999961, 0.0 ], [ 114.544639031000088, -8.347815011999955, 0.0 ], [ 114.544930024000109, -8.348390030999951, 0.0 ], [ 114.545176003000051, -8.349079974999938, 0.0 ], [ 114.545333971000105, -8.349520985999959, 0.0 ], [ 114.545520982000085, -8.35021200999995, 0.0 ], [ 114.545560976000047, -8.350660963999928, 0.0 ], [ 114.545546982000019, -8.351140032999979, 0.0 ], [ 114.5455379980001, -8.351451974999975, 0.0 ], [ 114.545540023000058, -8.351918040999976, 0.0 ], [ 114.545676022000066, -8.352509990999977, 0.0 ], [ 114.545838975000038, -8.352943984999968, 0.0 ], [ 114.546013026000082, -8.353421960999981, 0.0 ], [ 114.546249988000113, -8.35423798599993, 0.0 ], [ 114.546614008, -8.354981971999962, 0.0 ], [ 114.546943033000048, -8.355399015999978, 0.0 ], [ 114.547359021000034, -8.355765998999971, 0.0 ], [ 114.547792995, -8.35605701399993, 0.0 ], [ 114.549170969000102, -8.356973989999972, 0.0 ], [ 114.549666990000105, -8.357334961999982, 0.0 ], [ 114.551532992000034, -8.358516986999973, 0.0 ], [ 114.55201002900003, -8.358983013999932, 0.0 ], [ 114.553542008000022, -8.360621973999969, 0.0 ], [ 114.55399297200006, -8.361261954999975, 0.0 ], [ 114.554370972000015, -8.36191503799995, 0.0 ], [ 114.554679010000086, -8.362387969999929, 0.0 ], [ 114.555144032000044, -8.36297002799995, 0.0 ], [ 114.55622001100005, -8.364071978999959, 0.0 ], [ 114.556380002000083, -8.364419032999933, 0.0 ], [ 114.556416986000045, -8.364620032999937, 0.0 ], [ 114.556393977000084, -8.364938034999966, 0.0 ], [ 114.556386002000067, -8.365137039999979, 0.0 ], [ 114.556368025000097, -8.365584011999943, 0.0 ], [ 114.556472968000094, -8.366010960999972, 0.0 ], [ 114.556585985000083, -8.366187041999979, 0.0 ], [ 114.556802005, -8.366393033999941, 0.0 ], [ 114.557194007000021, -8.366662008999981, 0.0 ], [ 114.557458973000053, -8.366878965999945, 0.0 ], [ 114.557493968000017, -8.366930955999976, 0.0 ], [ 114.557577036000112, -8.367025981999973, 0.0 ], [ 114.557780005000041, -8.367297040999972, 0.0 ], [ 114.557807026000091, -8.367331994999972, 0.0 ], [ 114.558012964000113, -8.367510998999933, 0.0 ], [ 114.558387975000073, -8.367792968999936, 0.0 ], [ 114.559247, -8.368324963999953, 0.0 ], [ 114.559776014000022, -8.368738991999976, 0.0 ], [ 114.560154975000046, -8.369023967999965, 0.0 ], [ 114.561416005000069, -8.369974985999932, 0.0 ], [ 114.561992972000098, -8.370380001999933, 0.0 ], [ 114.562692026000036, -8.370851007999931, 0.0 ], [ 114.563350025000091, -8.371294020999926, 0.0 ], [ 114.563803025000084, -8.371598967999944, 0.0 ], [ 114.564510011000039, -8.37210697699993, 0.0 ], [ 114.564957969000034, -8.372513000999959, 0.0 ], [ 114.565725998000062, -8.373457989999963, 0.0 ], [ 114.567051033000098, -8.374999963999926, 0.0 ], [ 114.567052000000103, -8.37500096399998, 0.0 ], [ 114.56717198900003, -8.375140039999962, 0.0 ], [ 114.567737999000087, -8.375720998999952, 0.0 ], [ 114.568709008000042, -8.376589979999949, 0.0 ], [ 114.569254989000115, -8.377070969999977, 0.0 ], [ 114.569599031000052, -8.377366025999947, 0.0 ], [ 114.569900023000059, -8.377724970999964, 0.0 ], [ 114.570159018000027, -8.378194976999964, 0.0 ], [ 114.57037097400007, -8.378612014999931, 0.0 ], [ 114.570616983000036, -8.378968, 0.0 ], [ 114.570991993, -8.379362006999941, 0.0 ], [ 114.571732982000071, -8.380001958999969, 0.0 ], [ 114.572700030000078, -8.380837027999974, 0.0 ], [ 114.573643010000069, -8.381788959999938, 0.0 ], [ 114.574845003000064, -8.383185956999966, 0.0 ], [ 114.575300995000021, -8.383857043999967, 0.0 ], [ 114.575459031000037, -8.384160983999948, 0.0 ], [ 114.575613965000116, -8.384772028999976, 0.0 ], [ 114.575710017, -8.385163957999964, 0.0 ], [ 114.57611299000007, -8.385950013999945, 0.0 ], [ 114.576760995000086, -8.386997987999962, 0.0 ], [ 114.578021016000093, -8.38887703499995, 0.0 ], [ 114.5784550300001, -8.389412991999961, 0.0 ], [ 114.58011002, -8.39094595499995, 0.0 ], [ 114.580705016000024, -8.391734997999947, 0.0 ], [ 114.581042997000054, -8.392262954999978, 0.0 ], [ 114.581255, -8.392675022999981, 0.0 ], [ 114.581480032000059, -8.393364025999972, 0.0 ], [ 114.581580989000031, -8.393846975999963, 0.0 ], [ 114.581603996000013, -8.394288965999976, 0.0 ], [ 114.581257983000114, -8.395988006999971, 0.0 ], [ 114.581118002000039, -8.396441012999958, 0.0 ], [ 114.580978035000044, -8.396794987999954, 0.0 ], [ 114.580932027000017, -8.397021954999957, 0.0 ], [ 114.580961965000029, -8.397274959999947, 0.0 ], [ 114.581180997000047, -8.397808963999978, 0.0 ], [ 114.581361003000097, -8.398071022999943, 0.0 ], [ 114.581591035000088, -8.398278993999952, 0.0 ], [ 114.581917033000082, -8.398471017999952, 0.0 ], [ 114.582669019000036, -8.398732974999973, 0.0 ], [ 114.583980027000052, -8.399359973999935, 0.0 ], [ 114.585893978000058, -8.400439024999969, 0.0 ], [ 114.586830007000117, -8.40097796799995, 0.0 ], [ 114.587271969000085, -8.401237022999965, 0.0 ], [ 114.587633032000099, -8.401386971999955, 0.0 ], [ 114.588324987000078, -8.401568042999941, 0.0 ], [ 114.589331020000031, -8.401667004999979, 0.0 ], [ 114.590007025000091, -8.401753008999947, 0.0 ], [ 114.592168998000034, -8.402229961999979, 0.0 ], [ 114.592566003000115, -8.402328983999951, 0.0 ], [ 114.592863029000114, -8.402402996999967, 0.0 ], [ 114.593919018000065, -8.402703029999941, 0.0 ], [ 114.596071980000033, -8.403297012999928, 0.0 ], [ 114.596435034000024, -8.403380011999957, 0.0 ], [ 114.597107979000043, -8.403392976999953, 0.0 ], [ 114.598176020000096, -8.40321995499994, 0.0 ], [ 114.598692021000033, -8.403076, 0.0 ], [ 114.599540010000055, -8.402663986999926, 0.0 ], [ 114.599931986000115, -8.402474003999941, 0.0 ], [ 114.599976008000112, -8.402446983999937, 0.0 ], [ 114.600298017000114, -8.402267958999971, 0.0 ], [ 114.600963963000027, -8.401921968999943, 0.0 ], [ 114.600998981000089, -8.401922995999939, 0.0 ], [ 114.601410986000019, -8.401980986999945, 0.0 ], [ 114.601957022000079, -8.40212500399997, 0.0 ], [ 114.602943004000053, -8.402518018999956, 0.0 ], [ 114.603604979000011, -8.402782013999968, 0.0 ], [ 114.604108029000031, -8.402991998999937, 0.0 ], [ 114.604556033000108, -8.403111018999937, 0.0 ], [ 114.605412973000057, -8.403374029999952, 0.0 ], [ 114.60622800200008, -8.403613018999977, 0.0 ], [ 114.606961030000093, -8.403812021999954, 0.0 ], [ 114.60856198700003, -8.404276985999957, 0.0 ], [ 114.608720025000025, -8.404634956999928, 0.0 ], [ 114.60750701500001, -8.404722007999965, 0.0 ], [ 114.605985019000059, -8.404683020999926, 0.0 ], [ 114.605177992000108, -8.404712987999972, 0.0 ], [ 114.60293101100001, -8.404871979999939, 0.0 ], [ 114.602054010000074, -8.404913983999961, 0.0 ], [ 114.602032980000104, -8.40491403599998, 0.0 ], [ 114.602012998000077, -8.404914004999966, 0.0 ], [ 114.601498975000027, -8.404954965999934, 0.0 ], [ 114.60115402100007, -8.405092015999969, 0.0 ], [ 114.599350033000064, -8.406063030999974, 0.0 ], [ 114.598183032000065, -8.406772994999926, 0.0 ], [ 114.597572980000109, -8.406948991999968, 0.0 ], [ 114.596994011000106, -8.407060029999968, 0.0 ], [ 114.596656977000066, -8.407040983999934, 0.0 ], [ 114.596224966000023, -8.406937954999933, 0.0 ], [ 114.595872984000039, -8.40676999599998, 0.0 ], [ 114.59529903400005, -8.406407040999966, 0.0 ], [ 114.594277967000039, -8.405709011999932, 0.0 ], [ 114.593214031000116, -8.40513098699995, 0.0 ], [ 114.591196004000039, -8.404051955999932, 0.0 ], [ 114.590598997000029, -8.403727980999975, 0.0 ], [ 114.59018, -8.403590960999963, 0.0 ], [ 114.58968702300001, -8.403412013999969, 0.0 ], [ 114.58821797500002, -8.402802040999973, 0.0 ], [ 114.587586981000072, -8.402516978999927, 0.0 ], [ 114.586520004000022, -8.402046989999974, 0.0 ], [ 114.585467989000108, -8.40167503899994, 0.0 ], [ 114.584728018000078, -8.40141704399997, 0.0 ], [ 114.583236036000017, -8.400972992999925, 0.0 ], [ 114.582195980000051, -8.400640955999961, 0.0 ], [ 114.581111997000107, -8.400284972999941, 0.0 ], [ 114.580497987000058, -8.40009903899994, 0.0 ], [ 114.579989026000021, -8.399929018999956, 0.0 ], [ 114.579726977000064, -8.399742987999957, 0.0 ], [ 114.579501976000074, -8.399483994999969, 0.0 ], [ 114.579432988, -8.399289030999967, 0.0 ], [ 114.579414008000072, -8.399031033999961, 0.0 ], [ 114.579425002000107, -8.397981959999981, 0.0 ], [ 114.579491997000105, -8.396554992999938, 0.0 ], [ 114.579598972000099, -8.395825018999972, 0.0 ], [ 114.579629005000015, -8.39530203299995, 0.0 ], [ 114.579589993000013, -8.394726034999962, 0.0 ], [ 114.579500008000082, -8.394223996999926, 0.0 ], [ 114.579375026000093, -8.393922970999938, 0.0 ], [ 114.57876197600001, -8.392787022999926, 0.0 ], [ 114.578133976000117, -8.391684956999939, 0.0 ], [ 114.577574982000101, -8.390545997999936, 0.0 ], [ 114.577290007000101, -8.390136010999981, 0.0 ], [ 114.575884985000016, -8.388312994999978, 0.0 ], [ 114.574659971000074, -8.38670396599997, 0.0 ], [ 114.574482995000039, -8.386328977999938, 0.0 ], [ 114.574105037000095, -8.385515966999947, 0.0 ], [ 114.573798970000098, -8.385056966999969, 0.0 ], [ 114.572473029000093, -8.383230005999962, 0.0 ], [ 114.572093967000114, -8.382861003999949, 0.0 ], [ 114.571301014000028, -8.382201031999955, 0.0 ], [ 114.570274999000048, -8.381365958999936, 0.0 ], [ 114.569517026000085, -8.380545003999941, 0.0 ], [ 114.568352022000113, -8.379342040999973, 0.0 ], [ 114.567814019000025, -8.378744989999973, 0.0 ], [ 114.567565985000101, -8.378354022999929, 0.0 ], [ 114.566886021000073, -8.377312985999936, 0.0 ], [ 114.565506001000017, -8.375611009999943, 0.0 ], [ 114.564985974000024, -8.375000965999959, 0.0 ], [ 114.564985007000018, -8.374999965999962, 0.0 ], [ 114.564410016000011, -8.374323984999933, 0.0 ], [ 114.563393997000048, -8.373186991999944, 0.0 ], [ 114.562903997000035, -8.372791006999933, 0.0 ], [ 114.562276989000111, -8.372249966999959, 0.0 ], [ 114.561494974000084, -8.37148596399993, 0.0 ], [ 114.56078096400006, -8.370797013999947, 0.0 ], [ 114.559675981000055, -8.369889966999949, 0.0 ], [ 114.55846297800008, -8.368965986999967, 0.0 ], [ 114.55668503600009, -8.367786958999943, 0.0 ], [ 114.556308, -8.367482024999958, 0.0 ], [ 114.555803999000091, -8.366765996999959, 0.0 ], [ 114.555738036000093, -8.366544035999937, 0.0 ], [ 114.555690003000109, -8.366074970999932, 0.0 ], [ 114.555956969000022, -8.365935033999961, 0.0 ], [ 114.556163011000081, -8.365965040999981, 0.0 ], [ 114.556049988000041, -8.365357961999962, 0.0 ], [ 114.556007978000025, -8.365134973999943, 0.0 ], [ 114.555968967000013, -8.364934954999967, 0.0 ], [ 114.555854022000062, -8.36460001699993, 0.0 ], [ 114.555623019000109, -8.364180961999978, 0.0 ], [ 114.554936969000096, -8.363296017999971, 0.0 ], [ 114.55391902100007, -8.361912964999931, 0.0 ], [ 114.552995031000023, -8.360882970999967, 0.0 ], [ 114.552681989, -8.360576985999955, 0.0 ], [ 114.552212032000057, -8.360259005999978, 0.0 ], [ 114.55123702800006, -8.359718965999946, 0.0 ], [ 114.550580965000108, -8.359378959999958, 0.0 ], [ 114.550172026000041, -8.359176017999971, 0.0 ], [ 114.549748006000073, -8.358860036999943, 0.0 ], [ 114.548143025000059, -8.357376027999976, 0.0 ], [ 114.547306995000099, -8.356392021999966, 0.0 ], [ 114.546421972000076, -8.355298019999964, 0.0 ], [ 114.545454037000013, -8.353655044999925, 0.0 ], [ 114.545269004000033, -8.353246032999948, 0.0 ], [ 114.545095011000058, -8.352771038999947, 0.0 ], [ 114.544576979000112, -8.351336955999955, 0.0 ], [ 114.54435902900002, -8.350688025999943, 0.0 ], [ 114.544164989000024, -8.349901000999978, 0.0 ], [ 114.543977965000067, -8.349415986999929, 0.0 ], [ 114.543449968000118, -8.348642972999926, 0.0 ], [ 114.543412019000016, -8.348609034999981, 0.0 ], [ 114.543307013000117, -8.348349966999933, 0.0 ], [ 114.542840995, -8.347752988999957, 0.0 ], [ 114.541957010000033, -8.346927979999975, 0.0 ], [ 114.540073032, -8.345690975999958, 0.0 ], [ 114.539553033000061, -8.345447039999954, 0.0 ], [ 114.538937009000051, -8.34521904199994, 0.0 ], [ 114.538164975000086, -8.344859962999976, 0.0 ], [ 114.537362009000049, -8.344506020999972, 0.0 ], [ 114.536937979000072, -8.344327011999951, 0.0 ], [ 114.536138986000083, -8.343853010999965, 0.0 ], [ 114.535775991000037, -8.343653959999926, 0.0 ], [ 114.53517803200009, -8.343397968999966, 0.0 ], [ 114.534846020000032, -8.343198026999971, 0.0 ], [ 114.534639010000092, -8.343122014999949, 0.0 ], [ 114.533887973000105, -8.34296003399993, 0.0 ], [ 114.532698993000054, -8.342500044999952, 0.0 ], [ 114.530591024000046, -8.341756034999946, 0.0 ], [ 114.529626029000042, -8.341482028999962, 0.0 ], [ 114.528503967, -8.341126987999928, 0.0 ], [ 114.527673034000031, -8.340856975999941, 0.0 ], [ 114.527019985000038, -8.34062999799994, 0.0 ], [ 114.526435014000072, -8.34040497899997, 0.0 ], [ 114.525750986000048, -8.34024999899998, 0.0 ], [ 114.524721985000042, -8.340160989999958, 0.0 ], [ 114.524203974000102, -8.340079959999969, 0.0 ], [ 114.523663968000051, -8.339950993999935, 0.0 ], [ 114.523272964000057, -8.339935991999937, 0.0 ], [ 114.523059034000084, -8.339937997999925, 0.0 ], [ 114.52279601400005, -8.339846, 0.0 ], [ 114.522413982000103, -8.339571013999944, 0.0 ], [ 114.52199301600001, -8.339133960999959, 0.0 ], [ 114.520681034000063, -8.33730196199997, 0.0 ], [ 114.519588008000028, -8.335740043999976, 0.0 ], [ 114.518844019000085, -8.334725956999932, 0.0 ], [ 114.518388988000083, -8.334104004999972, 0.0 ], [ 114.51814503300011, -8.333671038999967, 0.0 ], [ 114.517487022000068, -8.331506019999949, 0.0 ], [ 114.516984010000101, -8.329962972999965, 0.0 ], [ 114.51664400300001, -8.328911025999957, 0.0 ], [ 114.516045013000053, -8.326773031999949, 0.0 ], [ 114.515327998000089, -8.32465300399997, 0.0 ], [ 114.515052973000024, -8.323750004999965, 0.0 ], [ 114.514679996000041, -8.322268039999926, 0.0 ], [ 114.51458096600004, -8.321682018999979, 0.0 ], [ 114.514530967000042, -8.320843043999957, 0.0 ], [ 114.51455399800011, -8.32041798299997, 0.0 ], [ 114.514654996000104, -8.319980038999972, 0.0 ], [ 114.515027020000048, -8.318978987999969, 0.0 ], [ 114.515252032000035, -8.318486973999939, 0.0 ], [ 114.515556016, -8.317952986999956, 0.0 ], [ 114.516887029000031, -8.316372975999968, 0.0 ], [ 114.517255003000059, -8.315953954999941, 0.0 ], [ 114.517630032000056, -8.315353003999974, 0.0 ], [ 114.517805009000085, -8.314975965999963, 0.0 ], [ 114.517915986000048, -8.314592022999932, 0.0 ], [ 114.517983965000099, -8.313717007999969, 0.0 ], [ 114.517990984000107, -8.312982022999961, 0.0 ], [ 114.51781397700006, -8.311612959999934, 0.0 ], [ 114.517692011, -8.311092031999976, 0.0 ], [ 114.517177034000042, -8.309905000999947, 0.0 ], [ 114.516645033000032, -8.308938959999978, 0.0 ], [ 114.516294002000109, -8.308379013999968, 0.0 ], [ 114.515536971000074, -8.307493970999928, 0.0 ], [ 114.514041037000084, -8.305924037999944, 0.0 ], [ 114.513099024000098, -8.305117980999967, 0.0 ], [ 114.512269974000105, -8.304385001999947, 0.0 ], [ 114.511445036000055, -8.303641023999944, 0.0 ], [ 114.510728998000104, -8.303139963999968, 0.0 ], [ 114.508939024000028, -8.301898967999932, 0.0 ], [ 114.50854300200001, -8.301594980999937, 0.0 ], [ 114.508108986000025, -8.301147003999972, 0.0 ], [ 114.507751978000101, -8.300731040999949, 0.0 ], [ 114.506671997000012, -8.299503969999932, 0.0 ], [ 114.505936036000094, -8.298665040999936, 0.0 ], [ 114.505604971000025, -8.298288001999936, 0.0 ], [ 114.505559034000044, -8.29822898499998, 0.0 ], [ 114.505485968000016, -8.298189042999979, 0.0 ], [ 114.505293973000107, -8.29801499499996, 0.0 ], [ 114.504989972000089, -8.297641016999933, 0.0 ], [ 114.504424977000099, -8.296824028999936, 0.0 ], [ 114.504064979000077, -8.296385006999969, 0.0 ], [ 114.503378008000027, -8.295608996999931, 0.0 ], [ 114.502195967000034, -8.29421096699997, 0.0 ], [ 114.501936965000027, -8.293761011999948, 0.0 ], [ 114.501796033, -8.293592975999957, 0.0 ], [ 114.501477999000031, -8.293215023999949, 0.0 ], [ 114.501076018000049, -8.292636955999967, 0.0 ], [ 114.500877, -8.29247397599994, 0.0 ], [ 114.500503985000023, -8.292261024999959, 0.0 ], [ 114.500161991000027, -8.292076005999945, 0.0 ], [ 114.500001027000053, -8.29198798699997, 0.0 ], [ 114.499999986000034, -8.291986985999927, 0.0 ], [ 114.499834989000078, -8.291898037999943, 0.0 ], [ 114.499291026000037, -8.29160296699996, 0.0 ], [ 114.498862010000039, -8.291243020999957, 0.0 ], [ 114.498133034000034, -8.290582033999954, 0.0 ], [ 114.497497, -8.289940965999961, 0.0 ], [ 114.497265975, -8.289598976999969, 0.0 ], [ 114.496211010000025, -8.288057985999956, 0.0 ], [ 114.495803991000116, -8.287556954999957, 0.0 ], [ 114.495196968000073, -8.286955009999929, 0.0 ], [ 114.494263002000025, -8.286072995999973, 0.0 ], [ 114.493920037000066, -8.285711960999947, 0.0 ], [ 114.49309499200001, -8.284973024999942, 0.0 ], [ 114.492570036000075, -8.284644005999951, 0.0 ], [ 114.4918480340001, -8.284231978999969, 0.0 ], [ 114.491727031000096, -8.284143033999953, 0.0 ], [ 114.491332979000049, -8.283851970999933, 0.0 ], [ 114.490805992000105, -8.283489958999951, 0.0 ], [ 114.490012021000098, -8.283125995999967, 0.0 ], [ 114.489395972000011, -8.282852960999946, 0.0 ], [ 114.488743999, -8.282441008999967, 0.0 ], [ 114.488147028000071, -8.281826020999972, 0.0 ], [ 114.488077972000042, -8.281661957999972, 0.0 ], [ 114.488066037000067, -8.281408987999953, 0.0 ], [ 114.48804, -8.280925982999975, 0.0 ], [ 114.487923993000095, -8.280710033999981, 0.0 ], [ 114.487665991000085, -8.280342032999954, 0.0 ], [ 114.487418002000027, -8.280081974999973, 0.0 ], [ 114.487271974, -8.279916975999981, 0.0 ], [ 114.487090022000075, -8.279719043999933, 0.0 ], [ 114.486704007000071, -8.27932999799998, 0.0 ], [ 114.485887018000085, -8.278610982999965, 0.0 ], [ 114.485320008000031, -8.278250973999945, 0.0 ], [ 114.48468497500005, -8.277812019999942, 0.0 ], [ 114.484509004000074, -8.277567954999938, 0.0 ], [ 114.484007033000012, -8.276862035999955, 0.0 ], [ 114.483475017000046, -8.276305007999952, 0.0 ], [ 114.483112018000043, -8.275709018999976, 0.0 ], [ 114.482951992000039, -8.275428009999928, 0.0 ], [ 114.482220028000029, -8.274374955999974, 0.0 ], [ 114.481822983000029, -8.273604011999964, 0.0 ], [ 114.481612021000046, -8.273016028999962, 0.0 ], [ 114.481484969, -8.272419990999936, 0.0 ], [ 114.481278008000118, -8.271060972999976, 0.0 ], [ 114.481169966000039, -8.270499027999961, 0.0 ], [ 114.48098797900002, -8.26991899799998, 0.0 ], [ 114.480773969000097, -8.269446013999925, 0.0 ], [ 114.480496972000083, -8.268972993999967, 0.0 ], [ 114.47986499600006, -8.268115006999949, 0.0 ], [ 114.479660998000099, -8.267856037999934, 0.0 ], [ 114.479537969000035, -8.267580954999971, 0.0 ], [ 114.479376989000116, -8.267286025999965, 0.0 ], [ 114.479267002000029, -8.267006959999947, 0.0 ], [ 114.479090036000116, -8.266638022999928, 0.0 ], [ 114.478863988000057, -8.26635298399998, 0.0 ], [ 114.478710998000111, -8.266084036999928, 0.0 ], [ 114.478669972000034, -8.265782997999963, 0.0 ], [ 114.478586022000059, -8.265103025999963, 0.0 ], [ 114.478499979000048, -8.264411023999969, 0.0 ], [ 114.47843097100008, -8.263428016999967, 0.0 ], [ 114.478335037000079, -8.263139009999975, 0.0 ], [ 114.478142997000077, -8.262740975999975, 0.0 ], [ 114.477791964000062, -8.261982971999942, 0.0 ], [ 114.477518986000064, -8.261478987999965, 0.0 ], [ 114.477325025000027, -8.261301036999953, 0.0 ], [ 114.476887998000052, -8.260915010999952, 0.0 ], [ 114.476640019000115, -8.260561979999977, 0.0 ], [ 114.475989010000035, -8.259606021999957, 0.0 ], [ 114.475552001000096, -8.259100007999962, 0.0 ], [ 114.475035024000022, -8.258570992999978, 0.0 ], [ 114.474656033000088, -8.258176024999955, 0.0 ], [ 114.474412022000024, -8.25792900099998, 0.0 ], [ 114.473427037000079, -8.256900008999935, 0.0 ], [ 114.473188974000095, -8.256553002999965, 0.0 ], [ 114.472573976000035, -8.255464996999933, 0.0 ], [ 114.472237990000053, -8.254683958999976, 0.0 ], [ 114.471296981000023, -8.252718031999962, 0.0 ], [ 114.470630017000076, -8.251193031999946, 0.0 ], [ 114.470160967000083, -8.249999966999951, 0.0 ], [ 114.470637011, -8.249999991999971, 0.0 ], [ 114.471099016000039, -8.251171960999955, 0.0 ], [ 114.471580006000067, -8.252464035999935, 0.0 ], [ 114.471972027000106, -8.253419984999937, 0.0 ], [ 114.472443008000027, -8.254193020999935, 0.0 ], [ 114.473337019000041, -8.255704997999942, 0.0 ], [ 114.474018968000109, -8.25689895599993, 0.0 ], [ 114.474514991000092, -8.257475996999972, 0.0 ], [ 114.47594498300009, -8.258930006999947, 0.0 ], [ 114.476577004000092, -8.259578017999957, 0.0 ], [ 114.477018969000028, -8.260046023999962, 0.0 ], [ 114.477404021000098, -8.260405971999944, 0.0 ], [ 114.47765400600008, -8.260667037999951, 0.0 ], [ 114.478081017000022, -8.261417026999936, 0.0 ], [ 114.478599029000065, -8.262325974999953, 0.0 ], [ 114.478729987000065, -8.262542017999976, 0.0 ], [ 114.4787750160001, -8.262577990999944, 0.0 ], [ 114.47881403000008, -8.262971987999947, 0.0 ], [ 114.478835028000049, -8.263787993999927, 0.0 ], [ 114.478778989000034, -8.264601978999963, 0.0 ], [ 114.478889012000081, -8.265098972999965, 0.0 ], [ 114.479410967000035, -8.266588997999975, 0.0 ], [ 114.479740994000053, -8.267263022999941, 0.0 ], [ 114.479968973000041, -8.267785968999931, 0.0 ], [ 114.481048028000032, -8.269097989999977, 0.0 ], [ 114.481277024000065, -8.269520019999959, 0.0 ], [ 114.481414016000031, -8.269882018999965, 0.0 ], [ 114.481637001000081, -8.270484984999939, 0.0 ], [ 114.481786036000017, -8.270905968999955, 0.0 ], [ 114.482174010000108, -8.27230398599994, 0.0 ], [ 114.482251024000107, -8.27341697199995, 0.0 ], [ 114.482365984000012, -8.273737992999941, 0.0 ], [ 114.482721035000054, -8.274525024999946, 0.0 ], [ 114.482992006000018, -8.27496999899995, 0.0 ], [ 114.483454028000097, -8.275605010999925, 0.0 ], [ 114.48415603, -8.276405974999932, 0.0 ], [ 114.484643993000077, -8.276831985999934, 0.0 ], [ 114.485202966000088, -8.277243987999952, 0.0 ], [ 114.485448012, -8.27742496999997, 0.0 ], [ 114.485976031000064, -8.277752025999973, 0.0 ], [ 114.48617699700003, -8.277876982999942, 0.0 ], [ 114.486576029000048, -8.27819500399994, 0.0 ], [ 114.486978982000096, -8.278520006999941, 0.0 ], [ 114.488057020000042, -8.279363, 0.0 ], [ 114.48822399200003, -8.279610982999941, 0.0 ], [ 114.488347980000071, -8.279866012999946, 0.0 ], [ 114.488448021000067, -8.280251993999968, 0.0 ], [ 114.488628028000107, -8.281204985999977, 0.0 ], [ 114.488798006000025, -8.281687, 0.0 ], [ 114.488956969000014, -8.281983, 0.0 ], [ 114.489129, -8.282164966999972, 0.0 ], [ 114.489372016000061, -8.282312956999931, 0.0 ], [ 114.490318028000047, -8.282861020999974, 0.0 ], [ 114.490640996000025, -8.283153985999945, 0.0 ], [ 114.490810025000087, -8.283254977999945, 0.0 ], [ 114.49173101100007, -8.283562003999975, 0.0 ], [ 114.492055003000019, -8.283670023999946, 0.0 ], [ 114.492350975000022, -8.283878970999979, 0.0 ], [ 114.493308030000094, -8.284634006999966, 0.0 ], [ 114.494720965000056, -8.285652028999948, 0.0 ], [ 114.495104007, -8.286064001999932, 0.0 ], [ 114.496048989000087, -8.287108989999979, 0.0 ], [ 114.496515008000074, -8.287555004999945, 0.0 ], [ 114.497473980000109, -8.288400037999963, 0.0 ], [ 114.49795102600001, -8.288900964999925, 0.0 ], [ 114.498322028000075, -8.289395985999931, 0.0 ], [ 114.498849998000082, -8.290042970999934, 0.0 ], [ 114.499461029000031, -8.290616025999952, 0.0 ], [ 114.499964976000115, -8.291039959999978, 0.0 ], [ 114.499999979000108, -8.291065025999956, 0.0 ], [ 114.500001020000013, -8.291066026999943, 0.0 ], [ 114.500490991000106, -8.291416957999957, 0.0 ], [ 114.501013021000063, -8.29180901899997, 0.0 ], [ 114.501945963000026, -8.292620995999926, 0.0 ], [ 114.502487019000114, -8.293081029999939, 0.0 ], [ 114.502665987000114, -8.293339024999966, 0.0 ], [ 114.503083963000108, -8.293978993999929, 0.0 ], [ 114.503499021000039, -8.294489016999933, 0.0 ], [ 114.504021972000032, -8.295091965999973, 0.0 ], [ 114.504400029000067, -8.295537967999962, 0.0 ], [ 114.504909998000016, -8.296277990999954, 0.0 ], [ 114.505674968000108, -8.297119, 0.0 ], [ 114.505962989000068, -8.297345962999941, 0.0 ], [ 114.506350016000056, -8.297710972999937, 0.0 ], [ 114.507060977000037, -8.298457042999928, 0.0 ], [ 114.507078985000021, -8.298590968999974, 0.0 ], [ 114.507143020000058, -8.298912032999965, 0.0 ], [ 114.507427021000012, -8.29949198099996, 0.0 ], [ 114.507870021000031, -8.299986003999948, 0.0 ], [ 114.508328034000101, -8.300330043999963, 0.0 ], [ 114.508725996000067, -8.300670003999926, 0.0 ], [ 114.509909991000086, -8.301468001999979, 0.0 ], [ 114.510193988000083, -8.301634040999943, 0.0 ], [ 114.511195023000028, -8.302165975999969, 0.0 ], [ 114.512211002000072, -8.302629966999973, 0.0 ], [ 114.512696021000011, -8.302833039999939, 0.0 ], [ 114.512778028000071, -8.302866983999934, 0.0 ], [ 114.513328965000028, -8.303188018999947, 0.0 ], [ 114.513852010000051, -8.30359001599993, 0.0 ], [ 114.514312024000105, -8.304009961999952, 0.0 ], [ 114.514468002000058, -8.304190016999939, 0.0 ], [ 114.515306980000105, -8.304760959999953, 0.0 ], [ 114.515788011000041, -8.305111010999951, 0.0 ], [ 114.516355968000084, -8.305664991999947, 0.0 ], [ 114.516921008000054, -8.306207026999971, 0.0 ], [ 114.517408035000017, -8.306663008999976, 0.0 ], [ 114.51776699100003, -8.307223996999937, 0.0 ], [ 114.518629987000054, -8.308569961999979, 0.0 ], [ 114.51896002400008, -8.309232959999974, 0.0 ], [ 114.518985004000115, -8.309281996999971, 0.0 ], [ 114.519172968000021, -8.309754003999956, 0.0 ], [ 114.519192991000068, -8.309805991999951, 0.0 ], [ 114.519317968000109, -8.310264956999958, 0.0 ], [ 114.519455988000118, -8.312124037999979, 0.0 ], [ 114.519509001000074, -8.312962039999945, 0.0 ], [ 114.519620981000116, -8.31383402299997, 0.0 ], [ 114.519689006000021, -8.314354975999947, 0.0 ], [ 114.519694007000112, -8.314678022999942, 0.0 ], [ 114.51969899300002, -8.31494396599993, 0.0 ], [ 114.519657007000092, -8.315303041999925, 0.0 ], [ 114.519573009000055, -8.315573037999968, 0.0 ], [ 114.518656011000076, -8.316552985999976, 0.0 ], [ 114.518089014000111, -8.317115963999981, 0.0 ], [ 114.517764992000025, -8.317493968999941, 0.0 ], [ 114.517468022000116, -8.317959965999933, 0.0 ], [ 114.517326988000036, -8.318293032999975, 0.0 ], [ 114.51724502400009, -8.319177987999979, 0.0 ], [ 114.517162965000011, -8.319698003999974, 0.0 ], [ 114.517009020000046, -8.320085020999954, 0.0 ], [ 114.516954973000111, -8.320220032999941, 0.0 ], [ 114.516760006000027, -8.320633989999976, 0.0 ], [ 114.516560004000098, -8.321372014999952, 0.0 ], [ 114.516489986000011, -8.32284199399993, 0.0 ], [ 114.516519973000072, -8.323343012999942, 0.0 ], [ 114.516797026000063, -8.324364025999955, 0.0 ], [ 114.517031002000067, -8.324954956999932, 0.0 ], [ 114.517358974000103, -8.32585096899993, 0.0 ], [ 114.51765902000011, -8.326655005999953, 0.0 ], [ 114.517766994000112, -8.326986014999932, 0.0 ], [ 114.517924016000052, -8.327987032999943, 0.0 ], [ 114.518257028000107, -8.329247021999947, 0.0 ], [ 114.518724012, -8.330180044999963, 0.0 ], [ 114.518992033000018, -8.330616954999925, 0.0 ], [ 114.520057004000023, -8.33185604099998, 0.0 ], [ 114.520793987000047, -8.332485986999927, 0.0 ], [ 114.522152005000066, -8.333648021999977, 0.0 ], [ 114.523884, -8.335069988999976, 0.0 ], [ 114.524579966000033, -8.33563299399998, 0.0 ], [ 114.525496971000052, -8.33628899699994, 0.0 ], [ 114.525519024, -8.336304042999927, 0.0 ], [ 114.526222963, -8.336753972999929, 0.0 ], [ 114.526496990000055, -8.336927987999957, 0.0 ], [ 114.527454034000016, -8.337667002999979, 0.0 ], [ 114.527945979000037, -8.338037992999944, 0.0 ], [ 114.528839980000043, -8.338618040999961, 0.0 ], [ 114.529317985000034, -8.338874012999952, 0.0 ], [ 114.529855996000038, -8.339046960999951, 0.0 ], [ 114.530184027000018, -8.339153002999979, 0.0 ], [ 114.530829009000058, -8.339366011999971, 0.0 ], [ 114.531892026000037, -8.339782028999934, 0.0 ] ] ] ] } },
{ "type": "Feature", "properties": { "REMARK": "Pasir/Bukit Pasir Laut", "SHAPE_Leng": 0.28215123121000002, "SHAPE_Area": 0.0005375296 }, "geometry": { "type": "MultiPolygon", "coordinates": [ [ [ [ 115.465518009000107, -8.687148959999945, 0.0 ], [ 115.463170018000028, -8.687407995999934, 0.0 ], [ 115.462603015000013, -8.687516994999953, 0.0 ], [ 115.461372992000065, -8.688513963999981, 0.0 ], [ 115.460892992000026, -8.688933030999976, 0.0 ], [ 115.460729971000092, -8.688999, 0.0 ], [ 115.460035995000112, -8.688418974999934, 0.0 ], [ 115.459681025, -8.688092994999977, 0.0 ], [ 115.459457033000035, -8.687988035999979, 0.0 ], [ 115.458914970000023, -8.688797026999964, 0.0 ], [ 115.457911978000084, -8.690673974999982, 0.0 ], [ 115.457703001000027, -8.690909983999973, 0.0 ], [ 115.455583007000087, -8.692267013999981, 0.0 ], [ 115.454932976, -8.692758969999943, 0.0 ], [ 115.454249987000026, -8.693028038999955, 0.0 ], [ 115.453862024000045, -8.693292969999959, 0.0 ], [ 115.45307497500005, -8.693794038999954, 0.0 ], [ 115.452715007000052, -8.693792033999955, 0.0 ], [ 115.452410004000058, -8.693835000999968, 0.0 ], [ 115.45107797300011, -8.694608039999935, 0.0 ], [ 115.450599993000083, -8.694822969999962, 0.0 ], [ 115.450312998000072, -8.695006041999932, 0.0 ], [ 115.449918992000107, -8.695718976999956, 0.0 ], [ 115.449611009000023, -8.696377026999926, 0.0 ], [ 115.449268006000011, -8.697114033999981, 0.0 ], [ 115.449245029000053, -8.697162034999963, 0.0 ], [ 115.448911033000059, -8.697639985999956, 0.0 ], [ 115.44778102500004, -8.698261956999943, 0.0 ], [ 115.446049995000067, -8.699042024999926, 0.0 ], [ 115.445014018000052, -8.699447043999953, 0.0 ], [ 115.44414598100002, -8.699847954999939, 0.0 ], [ 115.44296999900007, -8.700403998999946, 0.0 ], [ 115.442324020000115, -8.700633958999958, 0.0 ], [ 115.441663031000076, -8.700651954999955, 0.0 ], [ 115.441377988000113, -8.700668958999927, 0.0 ], [ 115.440214009000101, -8.701890037999931, 0.0 ], [ 115.439922983000088, -8.702301979999959, 0.0 ], [ 115.439682966000078, -8.703135042999975, 0.0 ], [ 115.439734002000023, -8.703585994999969, 0.0 ], [ 115.439362017, -8.704276041999947, 0.0 ], [ 115.439273996000111, -8.704812033999929, 0.0 ], [ 115.439072969000108, -8.705565972999977, 0.0 ], [ 115.438701017000085, -8.706193008999946, 0.0 ], [ 115.43860302500002, -8.706332005999968, 0.0 ], [ 115.438654032000045, -8.706175006999956, 0.0 ], [ 115.438818969000067, -8.705270039999959, 0.0 ], [ 115.438957002000052, -8.704094028999975, 0.0 ], [ 115.438920996000093, -8.703145024999969, 0.0 ], [ 115.438480007000067, -8.700071998999931, 0.0 ], [ 115.437975037000115, -8.698534002999963, 0.0 ], [ 115.437694007, -8.697926977999941, 0.0 ], [ 115.436596020000025, -8.696932029999971, 0.0 ], [ 115.436049963000073, -8.696232971999962, 0.0 ], [ 115.435802016000025, -8.695672005999938, 0.0 ], [ 115.435756990000073, -8.695056004999969, 0.0 ], [ 115.435930965000011, -8.694138962999943, 0.0 ], [ 115.436046966000049, -8.693974998999977, 0.0 ], [ 115.436415966000027, -8.694292014999974, 0.0 ], [ 115.437339027, -8.694552001999966, 0.0 ], [ 115.437658027000111, -8.69454897199995, 0.0 ], [ 115.437926029000096, -8.694501977999948, 0.0 ], [ 115.438045013000078, -8.69428703799997, 0.0 ], [ 115.438268028000039, -8.693867042999955, 0.0 ], [ 115.438430963000087, -8.693841041999974, 0.0 ], [ 115.438889035000102, -8.693964961999939, 0.0 ], [ 115.440454013000021, -8.694359016999954, 0.0 ], [ 115.44082602900005, -8.69427402599996, 0.0 ], [ 115.441420986000026, -8.694039969999949, 0.0 ], [ 115.441814028000067, -8.694089038999948, 0.0 ], [ 115.442605, -8.694291971999974, 0.0 ], [ 115.443531030000031, -8.69437901799995, 0.0 ], [ 115.444903994000015, -8.694294043999946, 0.0 ], [ 115.446170998000071, -8.694082973999969, 0.0 ], [ 115.446656970000049, -8.694019956999966, 0.0 ], [ 115.446851007000078, -8.694010984999977, 0.0 ], [ 115.447478032000049, -8.693959029999974, 0.0 ], [ 115.448403979000091, -8.693902956999978, 0.0 ], [ 115.449191024000015, -8.69382299199998, 0.0 ], [ 115.449621969000077, -8.693730004999964, 0.0 ], [ 115.450849007000102, -8.693816992999928, 0.0 ], [ 115.450931029000117, -8.693368027999952, 0.0 ], [ 115.451062017000027, -8.693165968999949, 0.0 ], [ 115.451357005000091, -8.693006975999936, 0.0 ], [ 115.451973005000013, -8.692609991999973, 0.0 ], [ 115.452173975000051, -8.692335985999932, 0.0 ], [ 115.452667984000072, -8.69153702899996, 0.0 ], [ 115.453052002000049, -8.691228959999933, 0.0 ], [ 115.453830971000116, -8.690576976999978, 0.0 ], [ 115.45458002700002, -8.689782033999961, 0.0 ], [ 115.455065981000075, -8.689154984999959, 0.0 ], [ 115.455370006000066, -8.68876396099995, 0.0 ], [ 115.456121034000034, -8.688107970999965, 0.0 ], [ 115.456214004000117, -8.688003027999969, 0.0 ], [ 115.45652399700009, -8.687782978999962, 0.0 ], [ 115.457267977000015, -8.687511980999943, 0.0 ], [ 115.458314969000071, -8.687115010999946, 0.0 ], [ 115.458869020000066, -8.686783032999926, 0.0 ], [ 115.460347981000041, -8.686387983999964, 0.0 ], [ 115.460557035000079, -8.68618695999993, 0.0 ], [ 115.460653022000088, -8.68589299599995, 0.0 ], [ 115.460570989000075, -8.685594968999965, 0.0 ], [ 115.460439978000068, -8.685033038999961, 0.0 ], [ 115.460606013000074, -8.684778954999956, 0.0 ], [ 115.460880026000041, -8.684615980999979, 0.0 ], [ 115.461683970000081, -8.684227962999955, 0.0 ], [ 115.461735964000013, -8.683990955999946, 0.0 ], [ 115.4618249990001, -8.683434976999933, 0.0 ], [ 115.462107024000034, -8.683217971999966, 0.0 ], [ 115.463079015000062, -8.682724042999951, 0.0 ], [ 115.463761, -8.682529984999974, 0.0 ], [ 115.465287007000029, -8.682224961999964, 0.0 ], [ 115.465676003000112, -8.681774964999931, 0.0 ], [ 115.466187963000039, -8.680991965999965, 0.0 ], [ 115.466607975000102, -8.680597960999933, 0.0 ], [ 115.467476995000084, -8.679809975999945, 0.0 ], [ 115.468051002000038, -8.679522991999931, 0.0 ], [ 115.469843035000054, -8.678617022999958, 0.0 ], [ 115.470188021000013, -8.678245041999958, 0.0 ], [ 115.470586993000097, -8.677567985999929, 0.0 ], [ 115.471041004000085, -8.676862038999957, 0.0 ], [ 115.472046021000097, -8.675347020999936, 0.0 ], [ 115.472646033000046, -8.674147963999928, 0.0 ], [ 115.473028007000039, -8.673002003999954, 0.0 ], [ 115.473157012000115, -8.672209954999971, 0.0 ], [ 115.47307498400005, -8.671722986999953, 0.0 ], [ 115.472659037000085, -8.670540023999934, 0.0 ], [ 115.472165014000097, -8.66950600499996, 0.0 ], [ 115.471323028000029, -8.668174974999943, 0.0 ], [ 115.469539034000036, -8.666922979999981, 0.0 ], [ 115.468462972000111, -8.666355004999957, 0.0 ], [ 115.468297967000012, -8.666155003999961, 0.0 ], [ 115.46803296600001, -8.665872968999963, 0.0 ], [ 115.467637015000037, -8.665955003999954, 0.0 ], [ 115.466980982000109, -8.666020987999957, 0.0 ], [ 115.466489975000059, -8.665929969999979, 0.0 ], [ 115.464759970000046, -8.665542968999944, 0.0 ], [ 115.463401967000095, -8.665196961999925, 0.0 ], [ 115.459439965000115, -8.664221020999946, 0.0 ], [ 115.458579978000103, -8.66403096199997, 0.0 ], [ 115.457965004000016, -8.663951005999934, 0.0 ], [ 115.456592989000114, -8.663701017999927, 0.0 ], [ 115.455203006000033, -8.663447969999936, 0.0 ], [ 115.453496032000089, -8.663079997999944, 0.0 ], [ 115.451064010000096, -8.663057040999945, 0.0 ], [ 115.450627017000102, -8.663281997999945, 0.0 ], [ 115.450366980000013, -8.663584966999963, 0.0 ], [ 115.449973031000013, -8.664313005999929, 0.0 ], [ 115.449765005000017, -8.664631010999926, 0.0 ], [ 115.449546998000073, -8.66508096299998, 0.0 ], [ 115.448955006, -8.666030043999967, 0.0 ], [ 115.448211966000031, -8.666958982999972, 0.0 ], [ 115.447983015000091, -8.66748202499997, 0.0 ], [ 115.447790987000076, -8.668373965999933, 0.0 ], [ 115.447299975000078, -8.673048022999978, 0.0 ], [ 115.447188004000054, -8.674149026999942, 0.0 ], [ 115.447140000000104, -8.674617024999975, 0.0 ], [ 115.44713897400004, -8.674648027999979, 0.0 ], [ 115.446981019000077, -8.675816013999963, 0.0 ], [ 115.446588011000017, -8.677312015999973, 0.0 ], [ 115.446351003000018, -8.677915027999973, 0.0 ], [ 115.446302992000028, -8.678037959999926, 0.0 ], [ 115.445730020000042, -8.679000034999945, 0.0 ], [ 115.445466027000066, -8.679258955999956, 0.0 ], [ 115.444471983000085, -8.679430012999944, 0.0 ], [ 115.443106967000062, -8.679545039999937, 0.0 ], [ 115.442632969000101, -8.679579988999933, 0.0 ], [ 115.442344967000054, -8.679737016999979, 0.0 ], [ 115.442133033, -8.680163028999971, 0.0 ], [ 115.442072028000098, -8.680274968999981, 0.0 ], [ 115.441494014000114, -8.679986033999967, 0.0 ], [ 115.441134037000097, -8.679899041999931, 0.0 ], [ 115.44060601800004, -8.680168993999928, 0.0 ], [ 115.440436025000054, -8.680327043999966, 0.0 ], [ 115.439728010000067, -8.68080002399995, 0.0 ], [ 115.438918023000042, -8.68118001299996, 0.0 ], [ 115.437585987000034, -8.681382030999941, 0.0 ], [ 115.436670032000052, -8.681422031999944, 0.0 ], [ 115.436427991000073, -8.681353960999957, 0.0 ], [ 115.436152007000032, -8.68108695799998, 0.0 ], [ 115.436078984, -8.680880000999935, 0.0 ], [ 115.436337033000086, -8.680176015999962, 0.0 ], [ 115.436317988000042, -8.67998003799994, 0.0 ], [ 115.435413983000103, -8.679578020999941, 0.0 ], [ 115.435308024000051, -8.679562036999926, 0.0 ], [ 115.435195027000077, -8.679545029999929, 0.0 ], [ 115.435032022000087, -8.67973402399997, 0.0 ], [ 115.434899988000097, -8.680585969999981, 0.0 ], [ 115.434542024000052, -8.681044011999973, 0.0 ], [ 115.433971985000085, -8.681778986999973, 0.0 ], [ 115.433373011000072, -8.682443961999979, 0.0 ], [ 115.432460994000053, -8.68308703699995, 0.0 ], [ 115.432370966, -8.683131957999933, 0.0 ], [ 115.432371037000053, -8.683133042999941, 0.0 ], [ 115.432314977000033, -8.683117986999946, 0.0 ], [ 115.432124, -8.682969032999949, 0.0 ], [ 115.432033975000081, -8.682418027999972, 0.0 ], [ 115.431989993000116, -8.682147003999944, 0.0 ], [ 115.43183797100005, -8.681927968999958, 0.0 ], [ 115.431478982000044, -8.68182, 0.0 ], [ 115.430694014000096, -8.682146011999976, 0.0 ], [ 115.430390030000012, -8.682307031999926, 0.0 ], [ 115.429979027000059, -8.682058001999962, 0.0 ], [ 115.429724021000084, -8.681936988999951, 0.0 ], [ 115.429205030000048, -8.681979961999957, 0.0 ], [ 115.428750979000029, -8.682172996999952, 0.0 ], [ 115.427550998000015, -8.682780971999932, 0.0 ], [ 115.427271006000069, -8.682973998999955, 0.0 ], [ 115.427098967, -8.68331600099998, 0.0 ], [ 115.427074022000056, -8.683655986999952, 0.0 ], [ 115.427214972000115, -8.684014014999946, 0.0 ], [ 115.42754400900003, -8.684278982999956, 0.0 ], [ 115.427763004000099, -8.684410967999952, 0.0 ], [ 115.427766973000075, -8.685275039999965, 0.0 ], [ 115.427770978000012, -8.685518958999978, 0.0 ], [ 115.427877028000012, -8.685603017999938, 0.0 ], [ 115.428072030000067, -8.685558982999964, 0.0 ], [ 115.428411972000049, -8.685310966999964, 0.0 ], [ 115.428548973000034, -8.685322018999955, 0.0 ], [ 115.428370035000057, -8.686006974999941, 0.0 ], [ 115.428313982000077, -8.686296027999958, 0.0 ], [ 115.428368989000091, -8.686546033999946, 0.0 ], [ 115.428538007000043, -8.686660002999929, 0.0 ], [ 115.428922013000033, -8.686608972999977, 0.0 ], [ 115.429139036000038, -8.686567016999959, 0.0 ], [ 115.429237982000018, -8.686720021999975, 0.0 ], [ 115.429180977000101, -8.687219977999973, 0.0 ], [ 115.42901800300001, -8.687562017999937, 0.0 ], [ 115.428081036000094, -8.687966044999939, 0.0 ], [ 115.427920030000109, -8.688123040999926, 0.0 ], [ 115.427838963000113, -8.688480966999975, 0.0 ], [ 115.427896001000022, -8.68865703299997, 0.0 ], [ 115.428251980000027, -8.68887700099998, 0.0 ], [ 115.42863800300006, -8.68895398799998, 0.0 ], [ 115.429305016000058, -8.688814987999933, 0.0 ], [ 115.429671025000061, -8.689037979999966, 0.0 ], [ 115.429831972000102, -8.68918301399998, 0.0 ], [ 115.429937966000011, -8.689389023999979, 0.0 ], [ 115.429977018000045, -8.689692028999957, 0.0 ], [ 115.429824979000045, -8.690017028999932, 0.0 ], [ 115.4293980220001, -8.69025103599995, 0.0 ], [ 115.429178020000109, -8.690377955999963, 0.0 ], [ 115.429056972000012, -8.690710042999967, 0.0 ], [ 115.429089008, -8.691149977999942, 0.0 ], [ 115.429163985000059, -8.691247016999966, 0.0 ], [ 115.429676012000073, -8.69109797599998, 0.0 ], [ 115.430049977000067, -8.690976028999955, 0.0 ], [ 115.430260010000097, -8.691011970999966, 0.0 ], [ 115.430797966000114, -8.692068989999939, 0.0 ], [ 115.430939991000059, -8.692259960999934, 0.0 ], [ 115.43056798900011, -8.692341958999975, 0.0 ], [ 115.43004596500009, -8.692354000999956, 0.0 ], [ 115.429386018000059, -8.692234029999952, 0.0 ], [ 115.428441012, -8.691849, 0.0 ], [ 115.427611986000102, -8.691342043999953, 0.0 ], [ 115.427140014000088, -8.69090598899993, 0.0 ], [ 115.426508014000092, -8.690086965999967, 0.0 ], [ 115.4257330370001, -8.688749984999959, 0.0 ], [ 115.424717035000072, -8.686564044999955, 0.0 ], [ 115.424354982000068, -8.685430996999969, 0.0 ], [ 115.424220986000023, -8.684430967999958, 0.0 ], [ 115.424218966000012, -8.683371005999959, 0.0 ], [ 115.42435803300009, -8.682455997999966, 0.0 ], [ 115.424578003000079, -8.681366035999929, 0.0 ], [ 115.424908002000052, -8.680554962999963, 0.0 ], [ 115.425312011000074, -8.679909990999931, 0.0 ], [ 115.425922011000011, -8.679154042999926, 0.0 ], [ 115.426621008000097, -8.678563983999936, 0.0 ], [ 115.427723983000078, -8.677946027999951, 0.0 ], [ 115.429901998000105, -8.676740996999968, 0.0 ], [ 115.432920034000063, -8.674936963999926, 0.0 ], [ 115.434118015000081, -8.674278965999974, 0.0 ], [ 115.435562013000094, -8.673161013999959, 0.0 ], [ 115.438891988000023, -8.670143020999944, 0.0 ], [ 115.439712027000041, -8.668972956999937, 0.0 ], [ 115.440542967000056, -8.667920003999939, 0.0 ], [ 115.441833011000085, -8.666258979999952, 0.0 ], [ 115.442107978000081, -8.665261972999929, 0.0 ], [ 115.442763998000032, -8.663322992999952, 0.0 ], [ 115.443306013000097, -8.662194000999932, 0.0 ], [ 115.443825988000071, -8.661468019999973, 0.0 ], [ 115.444377024, -8.660858963999942, 0.0 ], [ 115.445070029000021, -8.66030797999997, 0.0 ], [ 115.445449003000022, -8.660161984999945, 0.0 ], [ 115.446018018000018, -8.660082031999934, 0.0 ], [ 115.44956701600006, -8.659975031999977, 0.0 ], [ 115.450664018000111, -8.66002703099997, 0.0 ], [ 115.451304963000098, -8.659964989999935, 0.0 ], [ 115.451688974000035, -8.659961030999966, 0.0 ], [ 115.452107017000117, -8.660099954999964, 0.0 ], [ 115.452642983000032, -8.66020500299993, 0.0 ], [ 115.454379970000105, -8.660394009999948, 0.0 ], [ 115.458803032000105, -8.661087988999952, 0.0 ], [ 115.463405970000053, -8.661719992999963, 0.0 ], [ 115.466205985000101, -8.662292008999941, 0.0 ], [ 115.469211966000103, -8.663073028999975, 0.0 ], [ 115.470195968000098, -8.663354958999946, 0.0 ], [ 115.470782966000115, -8.663609984999937, 0.0 ], [ 115.471726036000064, -8.664232024999933, 0.0 ], [ 115.473428030000036, -8.665862018999974, 0.0 ], [ 115.474144992000106, -8.666721996999968, 0.0 ], [ 115.474568993000048, -8.667395024999962, 0.0 ], [ 115.474893021000071, -8.668166012999961, 0.0 ], [ 115.475271037000084, -8.669782034999969, 0.0 ], [ 115.475499034000109, -8.672089042999971, 0.0 ], [ 115.475330976, -8.674669024999957, 0.0 ], [ 115.475209021000069, -8.675553043999969, 0.0 ], [ 115.474849031000076, -8.676784976999954, 0.0 ], [ 115.473960975000068, -8.678692007999928, 0.0 ], [ 115.473515010000028, -8.679335973999969, 0.0 ], [ 115.472681975000114, -8.680178, 0.0 ], [ 115.471331973000019, -8.681431002999943, 0.0 ], [ 115.470391972000016, -8.682298990999925, 0.0 ], [ 115.467930988000035, -8.684337010999968, 0.0 ], [ 115.466755983000098, -8.68537201099997, 0.0 ], [ 115.466030020000062, -8.686115998999981, 0.0 ], [ 115.465639001000113, -8.686786027999972, 0.0 ], [ 115.465518009000107, -8.687148959999945, 0.0 ] ] ] ] } },
{ "type": "Feature", "properties": { "REMARK": "Pasir/Bukit Pasir Laut", "SHAPE_Leng": 0.37534229431, "SHAPE_Area": 0.00137711948 }, "geometry": { "type": "MultiPolygon", "coordinates": [ [ [ [ 115.271744021000018, -8.712505036999971, 0.0 ], [ 115.272135035000019, -8.712938989999941, 0.0 ], [ 115.272399975000098, -8.71331695899994, 0.0 ], [ 115.272516974000041, -8.713570956999945, 0.0 ], [ 115.272560963000046, -8.713781955999934, 0.0 ], [ 115.272498027000097, -8.714107, 0.0 ], [ 115.272234986000058, -8.71480003299996, 0.0 ], [ 115.271894023000073, -8.71541, 0.0 ], [ 115.271566963000055, -8.715864008999972, 0.0 ], [ 115.271255992000079, -8.71619199099996, 0.0 ], [ 115.270911033000061, -8.716448044999936, 0.0 ], [ 115.270088005000048, -8.716901963999931, 0.0 ], [ 115.269363017000046, -8.717235018999929, 0.0 ], [ 115.268322983000076, -8.717657029999941, 0.0 ], [ 115.267370026000094, -8.718012000999977, 0.0 ], [ 115.266812017, -8.718206965999968, 0.0 ], [ 115.266348034000089, -8.718436979999979, 0.0 ], [ 115.26454599200008, -8.71959600799994, 0.0 ], [ 115.26396603, -8.719952039999953, 0.0 ], [ 115.262841016000039, -8.720406005999962, 0.0 ], [ 115.262300020000112, -8.72059896199994, 0.0 ], [ 115.261888963000047, -8.720692988999929, 0.0 ], [ 115.261457005000011, -8.720721021999964, 0.0 ], [ 115.260255009000048, -8.720500017999939, 0.0 ], [ 115.259567969000045, -8.720369955999956, 0.0 ], [ 115.258434974000011, -8.720248966999975, 0.0 ], [ 115.258395036000024, -8.720248964999939, 0.0 ], [ 115.258068983000044, -8.720238971999947, 0.0 ], [ 115.257377012, -8.720283976999951, 0.0 ], [ 115.256379965000065, -8.720432977999963, 0.0 ], [ 115.256087022000088, -8.720522026999959, 0.0 ], [ 115.255826024000044, -8.720637977999957, 0.0 ], [ 115.255566030000068, -8.720795966999958, 0.0 ], [ 115.255306028000064, -8.721004032999929, 0.0 ], [ 115.255063969000048, -8.721253039999965, 0.0 ], [ 115.2545209970001, -8.721871004999969, 0.0 ], [ 115.254307980000021, -8.722191012999929, 0.0 ], [ 115.254020987000104, -8.722515019999946, 0.0 ], [ 115.253786036000065, -8.722652963999963, 0.0 ], [ 115.253420001000109, -8.722780994999937, 0.0 ], [ 115.25287997800001, -8.722973036999974, 0.0 ], [ 115.252528011000095, -8.723218009999925, 0.0 ], [ 115.252085024000053, -8.72360303499994, 0.0 ], [ 115.251673004000054, -8.724032042999966, 0.0 ], [ 115.251576998000019, -8.724197019999963, 0.0 ], [ 115.251451029, -8.724521042999982, 0.0 ], [ 115.251394029000039, -8.724805970999967, 0.0 ], [ 115.251320016000022, -8.725477975999979, 0.0 ], [ 115.251368015000025, -8.725838956999951, 0.0 ], [ 115.251468979000038, -8.726121991999946, 0.0 ], [ 115.25167302400007, -8.726459014999932, 0.0 ], [ 115.251799021000011, -8.726740989999939, 0.0 ], [ 115.251826973000107, -8.726998016999971, 0.0 ], [ 115.25179696500004, -8.727391993999959, 0.0 ], [ 115.251840969000114, -8.727565028999948, 0.0 ], [ 115.252041034000058, -8.727759030999948, 0.0 ], [ 115.252389030000018, -8.727966007999953, 0.0 ], [ 115.25397096800009, -8.728971958999978, 0.0 ], [ 115.254082019000066, -8.729133008999952, 0.0 ], [ 115.254101030000015, -8.729314967999926, 0.0 ], [ 115.25405299800002, -8.729605, 0.0 ], [ 115.253898026000115, -8.729977973999951, 0.0 ], [ 115.25360498900011, -8.730439980999961, 0.0 ], [ 115.253191979, -8.730918972999973, 0.0 ], [ 115.25173303400004, -8.732464032999928, 0.0 ], [ 115.250462036000044, -8.733858995999981, 0.0 ], [ 115.249999977000016, -8.734489977999942, 0.0 ], [ 115.249737010000104, -8.734848980999971, 0.0 ], [ 115.248857031000057, -8.736156974999972, 0.0 ], [ 115.247741007000059, -8.737753041999952, 0.0 ], [ 115.246845013000097, -8.739325986999972, 0.0 ], [ 115.245938016000082, -8.740494005999949, 0.0 ], [ 115.24512603300002, -8.741165029999934, 0.0 ], [ 115.244935025000018, -8.741292954999949, 0.0 ], [ 115.243424001000108, -8.742310013999941, 0.0 ], [ 115.243174968000062, -8.742634995999936, 0.0 ], [ 115.242983031000108, -8.742992965999974, 0.0 ], [ 115.242276978000064, -8.744402982999929, 0.0 ], [ 115.241927991000011, -8.745028959999956, 0.0 ], [ 115.241458965000106, -8.745717021999951, 0.0 ], [ 115.241007020000097, -8.746229980999942, 0.0 ], [ 115.240944036000087, -8.746302002999926, 0.0 ], [ 115.240508989000091, -8.746694997999953, 0.0 ], [ 115.239439, -8.747569001999977, 0.0 ], [ 115.238525023000079, -8.748427005999929, 0.0 ], [ 115.236884020000048, -8.749824970999953, 0.0 ], [ 115.2366550160001, -8.749999988999946, 0.0 ], [ 115.236654037000108, -8.750000978999935, 0.0 ], [ 115.235197016000029, -8.751107009999942, 0.0 ], [ 115.234127983, -8.751948005999964, 0.0 ], [ 115.232497008000109, -8.753247012999964, 0.0 ], [ 115.230881969000052, -8.754564976999973, 0.0 ], [ 115.230011033000096, -8.755266955999957, 0.0 ], [ 115.22970900200005, -8.755417039999941, 0.0 ], [ 115.229485966000084, -8.755437960999927, 0.0 ], [ 115.229203020000114, -8.755403010999942, 0.0 ], [ 115.229007005000085, -8.755288017999931, 0.0 ], [ 115.228770018000091, -8.75507403499995, 0.0 ], [ 115.228090963000113, -8.754341027999942, 0.0 ], [ 115.227674992000061, -8.753754964999928, 0.0 ], [ 115.226967025000022, -8.752672003999976, 0.0 ], [ 115.226707002000012, -8.75238595999997, 0.0 ], [ 115.226148015000035, -8.751871991999963, 0.0 ], [ 115.225864982000076, -8.751698015999978, 0.0 ], [ 115.22510701200008, -8.75131698399997, 0.0 ], [ 115.224654998, -8.751159027999961, 0.0 ], [ 115.22417103600003, -8.751069980999944, 0.0 ], [ 115.223191984000096, -8.750946971999952, 0.0 ], [ 115.222415986000101, -8.750828980999927, 0.0 ], [ 115.221364963000042, -8.750666037999963, 0.0 ], [ 115.220776992000083, -8.750640042999976, 0.0 ], [ 115.220047992000104, -8.750567013999955, 0.0 ], [ 115.219610996000029, -8.750434974999962, 0.0 ], [ 115.219217018000109, -8.750238958999944, 0.0 ], [ 115.218876974000068, -8.749999989999935, 0.0 ], [ 115.218827977000046, -8.749966043999962, 0.0 ], [ 115.21805602400002, -8.749298030999967, 0.0 ], [ 115.217733026000019, -8.748909994999963, 0.0 ], [ 115.21720997400007, -8.748171019999972, 0.0 ], [ 115.216767964000042, -8.747582024999929, 0.0 ], [ 115.216441965000058, -8.74727397099997, 0.0 ], [ 115.216059, -8.747000991999926, 0.0 ], [ 115.215576016000114, -8.746724015999973, 0.0 ], [ 115.215120990000059, -8.746429995999961, 0.0 ], [ 115.214788967000118, -8.746112963999963, 0.0 ], [ 115.214073968000093, -8.745243007999932, 0.0 ], [ 115.21367401200007, -8.744605036999928, 0.0 ], [ 115.213385021000022, -8.743970028999968, 0.0 ], [ 115.213332992, -8.743708008999931, 0.0 ], [ 115.213347022000107, -8.743499993999933, 0.0 ], [ 115.213442986000018, -8.743191036999974, 0.0 ], [ 115.213923031000036, -8.74184999199997, 0.0 ], [ 115.214086979000058, -8.741631022999968, 0.0 ], [ 115.214243031000024, -8.741543988999979, 0.0 ], [ 115.214694031000022, -8.74124999199995, 0.0 ], [ 115.214800974000013, -8.741152962999934, 0.0 ], [ 115.215169966000076, -8.740817992999951, 0.0 ], [ 115.21528696900009, -8.740591027999926, 0.0 ], [ 115.215296013000057, -8.740328030999933, 0.0 ], [ 115.215237003000084, -8.740146969999955, 0.0 ], [ 115.215134014000114, -8.739995982999972, 0.0 ], [ 115.214805974000114, -8.739645977999942, 0.0 ], [ 115.214594033000026, -8.739558021999926, 0.0 ], [ 115.214191964000065, -8.739458956999954, 0.0 ], [ 115.213916020000056, -8.739435961999959, 0.0 ], [ 115.21368803200005, -8.739492014999939, 0.0 ], [ 115.213010990000043, -8.73976397399997, 0.0 ], [ 115.212681978000091, -8.739979993999953, 0.0 ], [ 115.21224797800005, -8.740401972999962, 0.0 ], [ 115.212055981000049, -8.740609961999951, 0.0 ], [ 115.211611004000019, -8.74050499599997, 0.0 ], [ 115.210374990000105, -8.740252028999976, 0.0 ], [ 115.210804025000016, -8.738263997999979, 0.0 ], [ 115.211091012000111, -8.737055011999928, 0.0 ], [ 115.21134203500003, -8.735954956999933, 0.0 ], [ 115.211521025000025, -8.735221009999975, 0.0 ], [ 115.21185502700007, -8.733721001999982, 0.0 ], [ 115.212361988000112, -8.731586988999936, 0.0 ], [ 115.212871979000056, -8.729413034999936, 0.0 ], [ 115.213400036000053, -8.727220000999978, 0.0 ], [ 115.213556010000048, -8.726502031999928, 0.0 ], [ 115.213625022000087, -8.726233983999975, 0.0 ], [ 115.21368399000005, -8.726202985999976, 0.0 ], [ 115.213875004000101, -8.726231002999953, 0.0 ], [ 115.214085031000081, -8.726468003999969, 0.0 ], [ 115.214161018000027, -8.72656101299998, 0.0 ], [ 115.214808974000107, -8.726633030999949, 0.0 ], [ 115.215083016000108, -8.726659991999952, 0.0 ], [ 115.215207975000112, -8.726697006999927, 0.0 ], [ 115.215273003000107, -8.72679403199993, 0.0 ], [ 115.21528903, -8.726906011999972, 0.0 ], [ 115.215383978000091, -8.727030024999976, 0.0 ], [ 115.215483024000036, -8.727064025999937, 0.0 ], [ 115.216269987000032, -8.726944973999935, 0.0 ], [ 115.216475966000075, -8.726867029999937, 0.0 ], [ 115.216638013000079, -8.72673102899995, 0.0 ], [ 115.216876987000092, -8.726489992999973, 0.0 ], [ 115.217100987000094, -8.72634099499993, 0.0 ], [ 115.217238988000076, -8.726297983999928, 0.0 ], [ 115.217442024000093, -8.726335004999953, 0.0 ], [ 115.217677023000078, -8.72645795699998, 0.0 ], [ 115.21785297100007, -8.726581986999975, 0.0 ], [ 115.218074033000107, -8.726609961999941, 0.0 ], [ 115.218273970000041, -8.726558021999949, 0.0 ], [ 115.218486994000045, -8.72646401999998, 0.0 ], [ 115.218680973, -8.726420005999955, 0.0 ], [ 115.218806973000028, -8.726427014999956, 0.0 ], [ 115.219058996000058, -8.72668897899996, 0.0 ], [ 115.219193002000111, -8.726825014999974, 0.0 ], [ 115.220034981000026, -8.726891968999951, 0.0 ], [ 115.220456031000026, -8.726888971999927, 0.0 ], [ 115.221013023000069, -8.726660993999928, 0.0 ], [ 115.221320979000097, -8.726472975999968, 0.0 ], [ 115.221694963000118, -8.726203010999939, 0.0 ], [ 115.222035033000111, -8.72587901199995, 0.0 ], [ 115.222222982000062, -8.725700012999937, 0.0 ], [ 115.222439017000056, -8.725587040999926, 0.0 ], [ 115.222999016000017, -8.72548300099993, 0.0 ], [ 115.223588990000053, -8.725410013999976, 0.0 ], [ 115.223842975000025, -8.725352990999966, 0.0 ], [ 115.224072020000108, -8.725230044999932, 0.0 ], [ 115.224291008000023, -8.725047030999974, 0.0 ], [ 115.224444984000115, -8.724858017999964, 0.0 ], [ 115.224712995000118, -8.724353979999933, 0.0 ], [ 115.224824018000049, -8.724137015999929, 0.0 ], [ 115.224859972000104, -8.723980985999958, 0.0 ], [ 115.224828007000042, -8.723831960999973, 0.0 ], [ 115.224540976000071, -8.72373100599998, 0.0 ], [ 115.224430010000106, -8.723698035999973, 0.0 ], [ 115.224351969000054, -8.723610984999937, 0.0 ], [ 115.224335987000018, -8.723472971999968, 0.0 ], [ 115.224436984000022, -8.723236978999978, 0.0 ], [ 115.224525998000104, -8.723095027999932, 0.0 ], [ 115.22433099400007, -8.722832972999981, 0.0 ], [ 115.224257964000117, -8.722748023999941, 0.0 ], [ 115.224253027000032, -8.722334004999936, 0.0 ], [ 115.224417003000099, -8.722200990999966, 0.0 ], [ 115.225300975000096, -8.721735989999956, 0.0 ], [ 115.225989971000104, -8.721192969999947, 0.0 ], [ 115.226163014, -8.721027998999944, 0.0 ], [ 115.2263390170001, -8.72096599799994, 0.0 ], [ 115.226888983000094, -8.720573010999942, 0.0 ], [ 115.227240991000031, -8.720369011999935, 0.0 ], [ 115.227428988000042, -8.720257983999943, 0.0 ], [ 115.22752903300011, -8.72014401399997, 0.0 ], [ 115.227675027000032, -8.71989900899996, 0.0 ], [ 115.227808032000098, -8.719755001999943, 0.0 ], [ 115.227913970000031, -8.719694029999971, 0.0 ], [ 115.229438017, -8.719491970999968, 0.0 ], [ 115.229697975000022, -8.719502041999931, 0.0 ], [ 115.2299749660001, -8.719523037999977, 0.0 ], [ 115.23015301800001, -8.719518986999958, 0.0 ], [ 115.230381979000072, -8.719556029999978, 0.0 ], [ 115.231172972000081, -8.719468961999951, 0.0 ], [ 115.231494979000104, -8.719413965999934, 0.0 ], [ 115.231681990000084, -8.719385006999971, 0.0 ], [ 115.231724985000028, -8.719388009999932, 0.0 ], [ 115.232094005000022, -8.719374, 0.0 ], [ 115.232749973000068, -8.71912802099996, 0.0 ], [ 115.233472963000054, -8.718619039999965, 0.0 ], [ 115.233668968000075, -8.718478034999976, 0.0 ], [ 115.233961009000041, -8.718277998999952, 0.0 ], [ 115.234032984, -8.718221024999934, 0.0 ], [ 115.234220029000085, -8.718041018999941, 0.0 ], [ 115.234802997000088, -8.717910037999957, 0.0 ], [ 115.235022017, -8.71786197299997, 0.0 ], [ 115.235156966000091, -8.717765969999959, 0.0 ], [ 115.235309978000032, -8.717684965999979, 0.0 ], [ 115.235520993000023, -8.717649969999968, 0.0 ], [ 115.235701026000015, -8.717638964999935, 0.0 ], [ 115.236124022000013, -8.717634962999966, 0.0 ], [ 115.236616014000106, -8.717537996999965, 0.0 ], [ 115.236878975000081, -8.717450993999933, 0.0 ], [ 115.236972970000011, -8.71738001999995, 0.0 ], [ 115.237019994000093, -8.717275020999978, 0.0 ], [ 115.237283025000011, -8.717253010999968, 0.0 ], [ 115.237570988000016, -8.717203003999941, 0.0 ], [ 115.237628988000097, -8.717202007999958, 0.0 ], [ 115.237788967000029, -8.717281029999981, 0.0 ], [ 115.23790201700001, -8.717300988999966, 0.0 ], [ 115.23798002400008, -8.717251996999948, 0.0 ], [ 115.238078027000029, -8.717140996999944, 0.0 ], [ 115.238241008000045, -8.717139040999939, 0.0 ], [ 115.238381974000049, -8.717134, 0.0 ], [ 115.238522008000018, -8.717136004999929, 0.0 ], [ 115.238690997000049, -8.717179001999966, 0.0 ], [ 115.239034034000042, -8.717096979999951, 0.0 ], [ 115.239233015000082, -8.717007960999979, 0.0 ], [ 115.239337026000044, -8.716910004999932, 0.0 ], [ 115.239375010000117, -8.716798997999945, 0.0 ], [ 115.239270999000041, -8.716384968999932, 0.0 ], [ 115.239181973000086, -8.716147003999936, 0.0 ], [ 115.239238029000035, -8.716017006999948, 0.0 ], [ 115.239267036000115, -8.715790978999962, 0.0 ], [ 115.239301011000066, -8.715624, 0.0 ], [ 115.239498019000052, -8.715412037999954, 0.0 ], [ 115.239560004000055, -8.715375986999959, 0.0 ], [ 115.239798972000017, -8.715500028999941, 0.0 ], [ 115.239992037000093, -8.715617981999969, 0.0 ], [ 115.240224974000057, -8.715670042999932, 0.0 ], [ 115.240345970000021, -8.715657043999954, 0.0 ], [ 115.240469032000078, -8.715555017999975, 0.0 ], [ 115.240594036000061, -8.715278, 0.0 ], [ 115.240671006000071, -8.715130021999926, 0.0 ], [ 115.241025022000031, -8.714927011999976, 0.0 ], [ 115.241154013000028, -8.714871022999944, 0.0 ], [ 115.241493005000052, -8.714723985999967, 0.0 ], [ 115.242233985000098, -8.714338001999977, 0.0 ], [ 115.242608979000011, -8.714054997999938, 0.0 ], [ 115.24300796600005, -8.713576042999932, 0.0 ], [ 115.243083016000014, -8.713485996999964, 0.0 ], [ 115.243376028000057, -8.712963975999969, 0.0 ], [ 115.243544035000014, -8.712462979999941, 0.0 ], [ 115.243857032000051, -8.711961027999962, 0.0 ], [ 115.243952971000112, -8.711793971999953, 0.0 ], [ 115.243961037000076, -8.711606985999936, 0.0 ], [ 115.243959006000068, -8.711399976999928, 0.0 ], [ 115.244000983000092, -8.711284015999979, 0.0 ], [ 115.244135965000055, -8.711163963999979, 0.0 ], [ 115.244281035000085, -8.711114013999975, 0.0 ], [ 115.244592028000056, -8.711185956999941, 0.0 ], [ 115.244815016000075, -8.711249990999931, 0.0 ], [ 115.245097993000059, -8.711255997999956, 0.0 ], [ 115.245981964000066, -8.711054975999957, 0.0 ], [ 115.246417011000062, -8.710940014999949, 0.0 ], [ 115.246731013000044, -8.71091298999994, 0.0 ], [ 115.247296009000024, -8.710970011999962, 0.0 ], [ 115.247736989000032, -8.711044991999927, 0.0 ], [ 115.248457020000046, -8.711020017999942, 0.0 ], [ 115.248995996000076, -8.711000987999967, 0.0 ], [ 115.249728978, -8.711026961999949, 0.0 ], [ 115.249884010000073, -8.711025957999937, 0.0 ], [ 115.25000001, -8.711055960999943, 0.0 ], [ 115.250000984000053, -8.711055964999957, 0.0 ], [ 115.25042196600009, -8.711162035999962, 0.0 ], [ 115.250718968000115, -8.711246022999944, 0.0 ], [ 115.251011983000012, -8.711268974999939, 0.0 ], [ 115.251478020000036, -8.711241017999953, 0.0 ], [ 115.251749016000076, -8.711293969999929, 0.0 ], [ 115.251853033000089, -8.711339011999939, 0.0 ], [ 115.251912001000051, -8.711436004999939, 0.0 ], [ 115.251911003000032, -8.711537963999945, 0.0 ], [ 115.251827963000096, -8.711671002999935, 0.0 ], [ 115.251704989000018, -8.711754954999947, 0.0 ], [ 115.25125602300011, -8.711849971999925, 0.0 ], [ 115.251021968000032, -8.711973998999952, 0.0 ], [ 115.250850013000104, -8.712053025999978, 0.0 ], [ 115.250176005000071, -8.711944975999927, 0.0 ], [ 115.250000993000072, -8.71192401299993, 0.0 ], [ 115.250000019000026, -8.711924007999926, 0.0 ], [ 115.249799026, -8.711899037999956, 0.0 ], [ 115.249636979000115, -8.711910042999932, 0.0 ], [ 115.249554025000066, -8.711960009999927, 0.0 ], [ 115.249503002000097, -8.712088042999937, 0.0 ], [ 115.24952497400011, -8.712196977999952, 0.0 ], [ 115.249771966000026, -8.712432956999976, 0.0 ], [ 115.249999965000029, -8.712579992999963, 0.0 ], [ 115.25000101, -8.712580991999971, 0.0 ], [ 115.250086023000108, -8.712635980999949, 0.0 ], [ 115.250365034000083, -8.712721963999968, 0.0 ], [ 115.250781987000096, -8.712744040999951, 0.0 ], [ 115.251165028000059, -8.712711002999981, 0.0 ], [ 115.25181098500002, -8.712518995999972, 0.0 ], [ 115.253481005000026, -8.711922031999961, 0.0 ], [ 115.253962024000089, -8.711749962999932, 0.0 ], [ 115.254006002000096, -8.711734978999971, 0.0 ], [ 115.255223978000117, -8.711201012999936, 0.0 ], [ 115.256058024000026, -8.710955986999977, 0.0 ], [ 115.256540995000023, -8.710815018999938, 0.0 ], [ 115.257368998000061, -8.710467003999952, 0.0 ], [ 115.257877020000024, -8.71019100999996, 0.0 ], [ 115.258425006000039, -8.70989296099998, 0.0 ], [ 115.258800964000102, -8.709690031999969, 0.0 ], [ 115.259966986000109, -8.708948988999964, 0.0 ], [ 115.260020029000088, -8.708917954999947, 0.0 ], [ 115.261315035000052, -8.708169, 0.0 ], [ 115.261695025000108, -8.707935984999949, 0.0 ], [ 115.261743015000093, -8.707895978999943, 0.0 ], [ 115.262950013000022, -8.706894957999964, 0.0 ], [ 115.263270011000031, -8.706460990999972, 0.0 ], [ 115.263650025000061, -8.705946033999965, 0.0 ], [ 115.264315028000055, -8.704805042999965, 0.0 ], [ 115.264424990000066, -8.704616981999948, 0.0 ], [ 115.264594023000086, -8.704308966999974, 0.0 ], [ 115.264761980000117, -8.703763029999948, 0.0 ], [ 115.264928981000025, -8.703099033999933, 0.0 ], [ 115.26501299600011, -8.702769025999942, 0.0 ], [ 115.265020016000108, -8.702709036999977, 0.0 ], [ 115.265045970000074, -8.702475033999974, 0.0 ], [ 115.265692016000116, -8.700354982999954, 0.0 ], [ 115.265988037000056, -8.698763043999975, 0.0 ], [ 115.266076000000112, -8.698290954999948, 0.0 ], [ 115.266196018000073, -8.69782199399998, 0.0 ], [ 115.266414002000033, -8.696970026999963, 0.0 ], [ 115.266504972, -8.696299987999964, 0.0 ], [ 115.266646036000111, -8.695148012999937, 0.0 ], [ 115.266780004000111, -8.694268002999934, 0.0 ], [ 115.266896008000117, -8.693024976999936, 0.0 ], [ 115.266901982000036, -8.692148993999979, 0.0 ], [ 115.266792983000073, -8.691215990999979, 0.0 ], [ 115.266616016000057, -8.690545996999958, 0.0 ], [ 115.266316028, -8.689516036999976, 0.0 ], [ 115.265946020000115, -8.688267002999964, 0.0 ], [ 115.265814006000028, -8.688200956999935, 0.0 ], [ 115.265569987000049, -8.688051960999928, 0.0 ], [ 115.265482011000017, -8.687892014999932, 0.0 ], [ 115.265423999000063, -8.687652025999967, 0.0 ], [ 115.265199989000052, -8.686621958999979, 0.0 ], [ 115.264895970000111, -8.685476003999952, 0.0 ], [ 115.264680021000117, -8.684616004999953, 0.0 ], [ 115.26450202, -8.683568972999979, 0.0 ], [ 115.264386018000096, -8.682513996999944, 0.0 ], [ 115.264288021000084, -8.681617021999955, 0.0 ], [ 115.264336964000108, -8.681172956999944, 0.0 ], [ 115.264496975000043, -8.68034703099994, 0.0 ], [ 115.264945025000088, -8.678436959999942, 0.0 ], [ 115.264999013000079, -8.677676990999942, 0.0 ], [ 115.265036020000025, -8.677205029999925, 0.0 ], [ 115.265114972000106, -8.677127016999975, 0.0 ], [ 115.265211037000086, -8.676977037999961, 0.0 ], [ 115.265198007000095, -8.676845002999926, 0.0 ], [ 115.265133973000047, -8.676807017999977, 0.0 ], [ 115.264840983000113, -8.676799990999939, 0.0 ], [ 115.264651979000064, -8.676761978999934, 0.0 ], [ 115.264472984, -8.676599991999979, 0.0 ], [ 115.264404009000032, -8.676447002999964, 0.0 ], [ 115.264247979000061, -8.67577095799993, 0.0 ], [ 115.264118985000096, -8.675277, 0.0 ], [ 115.263635036000096, -8.674124983999945, 0.0 ], [ 115.263404966000053, -8.673600012999941, 0.0 ], [ 115.263105972000062, -8.672960017999969, 0.0 ], [ 115.262799002000065, -8.672344030999966, 0.0 ], [ 115.262529989000086, -8.67183198999993, 0.0 ], [ 115.261979966000013, -8.670876008999926, 0.0 ], [ 115.26166600900001, -8.670329955999932, 0.0 ], [ 115.261398028000031, -8.669805986999961, 0.0 ], [ 115.261270011000079, -8.669459013999926, 0.0 ], [ 115.26117101300008, -8.669188012999939, 0.0 ], [ 115.261086990000081, -8.668755998999927, 0.0 ], [ 115.261089018, -8.668363968999927, 0.0 ], [ 115.261275963000116, -8.666599965999978, 0.0 ], [ 115.261454990000061, -8.665629044999946, 0.0 ], [ 115.261746002000109, -8.664596982999967, 0.0 ], [ 115.261890030000018, -8.664753025999971, 0.0 ], [ 115.262067975000036, -8.665076993999946, 0.0 ], [ 115.26250896900001, -8.666378958999928, 0.0 ], [ 115.26275299200006, -8.66704600199995, 0.0 ], [ 115.262909998000055, -8.667362010999966, 0.0 ], [ 115.263164984000014, -8.667762983999978, 0.0 ], [ 115.263352979000047, -8.667971021999961, 0.0 ], [ 115.263388022000072, -8.668007971999941, 0.0 ], [ 115.264079989000038, -8.669427955999936, 0.0 ], [ 115.26442302800001, -8.670069958999932, 0.0 ], [ 115.264888982000116, -8.670833014999971, 0.0 ], [ 115.265544015000046, -8.671928043999969, 0.0 ], [ 115.265825011000061, -8.672294965999981, 0.0 ], [ 115.266355973000032, -8.672999017999928, 0.0 ], [ 115.267664016000026, -8.674621025999954, 0.0 ], [ 115.267884982000055, -8.674927019999927, 0.0 ], [ 115.268074034000051, -8.675298042999941, 0.0 ], [ 115.268218018000084, -8.675873965999926, 0.0 ], [ 115.268501033, -8.677812039999935, 0.0 ], [ 115.268609971000046, -8.67866197099994, 0.0 ], [ 115.268655036000041, -8.679258958999981, 0.0 ], [ 115.268628993000107, -8.679807985999958, 0.0 ], [ 115.268515031000106, -8.68034802699998, 0.0 ], [ 115.268377028000032, -8.680836976999956, 0.0 ], [ 115.268233033000115, -8.681162013999938, 0.0 ], [ 115.268170996000094, -8.681308983999941, 0.0 ], [ 115.267538026000011, -8.682276039999977, 0.0 ], [ 115.267271032000053, -8.682692990999954, 0.0 ], [ 115.267112989000111, -8.683042008999962, 0.0 ], [ 115.267055021000033, -8.683282012999939, 0.0 ], [ 115.267071028000032, -8.683451032999926, 0.0 ], [ 115.267926976000012, -8.685227011999928, 0.0 ], [ 115.268233015000078, -8.685788033999927, 0.0 ], [ 115.26880996400007, -8.686597966999955, 0.0 ], [ 115.269275979000099, -8.687157002999982, 0.0 ], [ 115.269653031000075, -8.687574980999955, 0.0 ], [ 115.270132969000088, -8.688218959999972, 0.0 ], [ 115.270778006000114, -8.689378031999979, 0.0 ], [ 115.271201036000093, -8.690244032999942, 0.0 ], [ 115.271409978000065, -8.690739980999979, 0.0 ], [ 115.271810967000079, -8.692296041999953, 0.0 ], [ 115.271957985000086, -8.693028994999963, 0.0 ], [ 115.272076029000118, -8.695032038999955, 0.0 ], [ 115.271916024, -8.696266010999977, 0.0 ], [ 115.27173197400009, -8.697253005999926, 0.0 ], [ 115.271586032000073, -8.697984989999952, 0.0 ], [ 115.271407015000023, -8.698739964999959, 0.0 ], [ 115.271326018000082, -8.699524039999972, 0.0 ], [ 115.271461018000082, -8.701095978999945, 0.0 ], [ 115.27151096800003, -8.702097956999978, 0.0 ], [ 115.27155596800003, -8.704309026999965, 0.0 ], [ 115.271612966000021, -8.704966995999939, 0.0 ], [ 115.271736973000088, -8.705685019999976, 0.0 ], [ 115.27187898000011, -8.70737902299993, 0.0 ], [ 115.271853981000049, -8.70797695899995, 0.0 ], [ 115.271704029000034, -8.708633986999928, 0.0 ], [ 115.271557031000043, -8.70903900899998, 0.0 ], [ 115.271380997000051, -8.70932195599994, 0.0 ], [ 115.271141006000107, -8.709565019999957, 0.0 ], [ 115.270742010000049, -8.709808987999963, 0.0 ], [ 115.270118003000107, -8.710069014999931, 0.0 ], [ 115.26963400000011, -8.710272007999947, 0.0 ], [ 115.269331002000058, -8.710463981999965, 0.0 ], [ 115.269127010000034, -8.710666981999964, 0.0 ], [ 115.268959971000072, -8.710915980999971, 0.0 ], [ 115.268872031000114, -8.71113804099997, 0.0 ], [ 115.268858028000068, -8.711298968999927, 0.0 ], [ 115.268919978000099, -8.71143303499997, 0.0 ], [ 115.26905497700011, -8.711535975999936, 0.0 ], [ 115.269904009000015, -8.711763024999925, 0.0 ], [ 115.270728006000013, -8.711861959999965, 0.0 ], [ 115.271005994, -8.71191104299993, 0.0 ], [ 115.271215, -8.71200302099993, 0.0 ], [ 115.271744021000018, -8.712505036999971, 0.0 ] ], [ [ 115.236202026000115, -8.722025969999947, 0.0 ], [ 115.236043009000014, -8.722492018999958, 0.0 ], [ 115.236024004000114, -8.722533962999933, 0.0 ], [ 115.235859963000053, -8.72252199199994, 0.0 ], [ 115.235446975000059, -8.722436007999931, 0.0 ], [ 115.235291973000017, -8.722413954999979, 0.0 ], [ 115.234893014000022, -8.722818956999959, 0.0 ], [ 115.234444035000024, -8.723408036999956, 0.0 ], [ 115.234031989000073, -8.724110006999979, 0.0 ], [ 115.233900026000015, -8.724399010999946, 0.0 ], [ 115.233888015000048, -8.72456301699998, 0.0 ], [ 115.234012993000078, -8.724691955999958, 0.0 ], [ 115.234327980000103, -8.724888036999971, 0.0 ], [ 115.234392996000111, -8.72494103799994, 0.0 ], [ 115.234672982, -8.725123035999957, 0.0 ], [ 115.23479403500005, -8.725274011999943, 0.0 ], [ 115.234829035000075, -8.725432, 0.0 ], [ 115.234677994000094, -8.725906039999927, 0.0 ], [ 115.234493974000088, -8.726414003999935, 0.0 ], [ 115.23440903200003, -8.726822001999949, 0.0 ], [ 115.234391008000102, -8.727021956999977, 0.0 ], [ 115.234318008000059, -8.727184956999963, 0.0 ], [ 115.23413099000004, -8.727342001999943, 0.0 ], [ 115.233979019000117, -8.727392004999956, 0.0 ], [ 115.233821008000064, -8.727372015999947, 0.0 ], [ 115.233694984000067, -8.72728998499997, 0.0 ], [ 115.233764011000062, -8.726983965999977, 0.0 ], [ 115.233927011000105, -8.726708033999955, 0.0 ], [ 115.234044984000093, -8.726525989999971, 0.0 ], [ 115.234251021000091, -8.726021020999951, 0.0 ], [ 115.23428896300004, -8.725839960999963, 0.0 ], [ 115.234217964000095, -8.725625037999976, 0.0 ], [ 115.234194966000018, -8.725592027999937, 0.0 ], [ 115.234080999000071, -8.725687042999937, 0.0 ], [ 115.233911006000085, -8.726096000999974, 0.0 ], [ 115.233807028000115, -8.726392998999927, 0.0 ], [ 115.233637968000039, -8.726683004999927, 0.0 ], [ 115.23350903700009, -8.726836975999959, 0.0 ], [ 115.233353019000106, -8.726918958999931, 0.0 ], [ 115.233299968000097, -8.726902983999935, 0.0 ], [ 115.233364031000065, -8.726569009999935, 0.0 ], [ 115.233387994000054, -8.726397014999975, 0.0 ], [ 115.233344991000081, -8.726268004999952, 0.0 ], [ 115.233061970000108, -8.726094037999928, 0.0 ], [ 115.232877993000102, -8.725986969999951, 0.0 ], [ 115.232662017000052, -8.725626020999925, 0.0 ], [ 115.232596, -8.725530981999952, 0.0 ], [ 115.232495998000104, -8.72539700699997, 0.0 ], [ 115.232241998000063, -8.725330017999966, 0.0 ], [ 115.232058985000094, -8.725257031999945, 0.0 ], [ 115.231696988000067, -8.724955965999925, 0.0 ], [ 115.231168004000097, -8.724217976999967, 0.0 ], [ 115.230740978000085, -8.723898980999934, 0.0 ], [ 115.230649034000066, -8.723867998999935, 0.0 ], [ 115.230474988000083, -8.723896022999952, 0.0 ], [ 115.230141987000025, -8.724088994999931, 0.0 ], [ 115.229622007000103, -8.724525966999977, 0.0 ], [ 115.229430974000024, -8.724740028999975, 0.0 ], [ 115.229286013000092, -8.725020020999978, 0.0 ], [ 115.229265026, -8.725212006999925, 0.0 ], [ 115.229339993000053, -8.725411038999937, 0.0 ], [ 115.22973696400004, -8.725699976999977, 0.0 ], [ 115.229883, -8.725828020999927, 0.0 ], [ 115.229967967000107, -8.725987959999941, 0.0 ], [ 115.229958023000108, -8.726222029999974, 0.0 ], [ 115.229885011000079, -8.726419015999966, 0.0 ], [ 115.229818032000026, -8.726575985999943, 0.0 ], [ 115.229805964000093, -8.726863015999982, 0.0 ], [ 115.229855027000099, -8.727105044999973, 0.0 ], [ 115.229940005000117, -8.727373996999972, 0.0 ], [ 115.229980019000095, -8.727676003999932, 0.0 ], [ 115.229880028000025, -8.728128040999934, 0.0 ], [ 115.22976799300011, -8.72855995599997, 0.0 ], [ 115.229422978000116, -8.729361028999961, 0.0 ], [ 115.229272029000072, -8.729623004999951, 0.0 ], [ 115.228917011000021, -8.729922986999952, 0.0 ], [ 115.228767991000041, -8.730046037999955, 0.0 ], [ 115.228605972000082, -8.730398985999955, 0.0 ], [ 115.228478997000025, -8.73074097999995, 0.0 ], [ 115.227818964000107, -8.731764028999976, 0.0 ], [ 115.227704034000112, -8.73196696499997, 0.0 ], [ 115.22768097300002, -8.732105970999953, 0.0 ], [ 115.22773199300002, -8.732203019999929, 0.0 ], [ 115.227927015000091, -8.732287995999968, 0.0 ], [ 115.228214974000025, -8.732288979999964, 0.0 ], [ 115.228344978000109, -8.732131038999967, 0.0 ], [ 115.228430027000059, -8.731971984999973, 0.0 ], [ 115.228605027000071, -8.731822027999954, 0.0 ], [ 115.228783003000103, -8.731755968999948, 0.0 ], [ 115.228881033000107, -8.731751996999947, 0.0 ], [ 115.228954974000089, -8.731834960999947, 0.0 ], [ 115.228863036, -8.731992989999981, 0.0 ], [ 115.228520033000109, -8.732413970999971, 0.0 ], [ 115.227956981000034, -8.733812962999934, 0.0 ], [ 115.227846001000103, -8.734067982999932, 0.0 ], [ 115.2277360060001, -8.734273020999979, 0.0 ], [ 115.227696005000098, -8.734540032999973, 0.0 ], [ 115.227679975000115, -8.734998969999936, 0.0 ], [ 115.227677978000088, -8.73538999799996, 0.0 ], [ 115.227513004000116, -8.736081991999981, 0.0 ], [ 115.227489980000087, -8.736213043999953, 0.0 ], [ 115.227630034000072, -8.736449983999933, 0.0 ], [ 115.227746990000014, -8.736579971999959, 0.0 ], [ 115.227696017000085, -8.736678984999969, 0.0 ], [ 115.227160026000092, -8.736805015999948, 0.0 ], [ 115.226781975000108, -8.736903039999959, 0.0 ], [ 115.225959975000023, -8.73729601499997, 0.0 ], [ 115.225819037000065, -8.737357002999943, 0.0 ], [ 115.225285992000067, -8.73723997999997, 0.0 ], [ 115.225101008000024, -8.737202956999965, 0.0 ], [ 115.224892019000094, -8.737218971999937, 0.0 ], [ 115.224549035000109, -8.73742797899996, 0.0 ], [ 115.22383698100009, -8.737848038999971, 0.0 ], [ 115.223581010000089, -8.738006018999954, 0.0 ], [ 115.223405003000039, -8.738162023999962, 0.0 ], [ 115.223220996, -8.738504018999947, 0.0 ], [ 115.223120026000061, -8.738716960999966, 0.0 ], [ 115.222926987000051, -8.738909041999932, 0.0 ], [ 115.222606037000105, -8.739116974999945, 0.0 ], [ 115.222550007000109, -8.739176009999937, 0.0 ], [ 115.222623026000065, -8.739311035999947, 0.0 ], [ 115.222826025000018, -8.739405001999955, 0.0 ], [ 115.223025030000031, -8.739472011999965, 0.0 ], [ 115.223508003, -8.739940969999964, 0.0 ], [ 115.223758986, -8.740140014999952, 0.0 ], [ 115.223950974000104, -8.740265023999939, 0.0 ], [ 115.224060969000107, -8.740408990999981, 0.0 ], [ 115.224013022, -8.740817970999956, 0.0 ], [ 115.223931991000086, -8.740998013999956, 0.0 ], [ 115.223732017000088, -8.741151013999968, 0.0 ], [ 115.22368498000003, -8.74119400099994, 0.0 ], [ 115.223163016000058, -8.741679036999926, 0.0 ], [ 115.222819003000041, -8.74202497999994, 0.0 ], [ 115.222569987000043, -8.742548988999943, 0.0 ], [ 115.222417972000017, -8.742970044999936, 0.0 ], [ 115.222320983000031, -8.74314901799994, 0.0 ], [ 115.222226024000065, -8.743295006999972, 0.0 ], [ 115.222218016000056, -8.743434985999954, 0.0 ], [ 115.222442035000086, -8.74371100999997, 0.0 ], [ 115.222746991, -8.743842966999978, 0.0 ], [ 115.223225981000041, -8.743903969999963, 0.0 ], [ 115.223573030000011, -8.743898004999949, 0.0 ], [ 115.223847967000097, -8.743850030999965, 0.0 ], [ 115.225753031000067, -8.742739996999944, 0.0 ], [ 115.22612, -8.742499011999939, 0.0 ], [ 115.226441020000038, -8.742244976999928, 0.0 ], [ 115.226992979000102, -8.741755013999978, 0.0 ], [ 115.227211971000088, -8.741588993999926, 0.0 ], [ 115.22799400800011, -8.741329973999939, 0.0 ], [ 115.228169971000057, -8.741215003999969, 0.0 ], [ 115.228356005000023, -8.741094025999928, 0.0 ], [ 115.228466973000081, -8.740968989999942, 0.0 ], [ 115.228521985000043, -8.740823986999942, 0.0 ], [ 115.228228996000098, -8.740648972999963, 0.0 ], [ 115.22815196800002, -8.740441975999943, 0.0 ], [ 115.22804303700002, -8.739565023999944, 0.0 ], [ 115.228043028000116, -8.739313009999933, 0.0 ], [ 115.228138972000011, -8.738958035999929, 0.0 ], [ 115.228316027, -8.738564030999953, 0.0 ], [ 115.228674032000072, -8.738173040999925, 0.0 ], [ 115.228975005000052, -8.737862954999969, 0.0 ], [ 115.229284969000105, -8.737410001999933, 0.0 ], [ 115.229359989000045, -8.737233002999972, 0.0 ], [ 115.229392035000046, -8.73688902899994, 0.0 ], [ 115.229387976000112, -8.736859993999929, 0.0 ], [ 115.229354024000031, -8.736528004999968, 0.0 ], [ 115.229197989000113, -8.736040965999962, 0.0 ], [ 115.229131991000031, -8.735799038999971, 0.0 ], [ 115.229155006000042, -8.735526974999971, 0.0 ], [ 115.22932697300007, -8.735098956999934, 0.0 ], [ 115.229403977000061, -8.73493001199995, 0.0 ], [ 115.22952000500004, -8.734843957999942, 0.0 ], [ 115.229649030000019, -8.734814007999944, 0.0 ], [ 115.229728008000052, -8.73486201399993, 0.0 ], [ 115.229742987, -8.734942984999975, 0.0 ], [ 115.229610021000099, -8.735140955999952, 0.0 ], [ 115.229483033000065, -8.735279023999965, 0.0 ], [ 115.229395008000097, -8.735624001999952, 0.0 ], [ 115.229395966000084, -8.735801988999981, 0.0 ], [ 115.22952302300007, -8.736110006999979, 0.0 ], [ 115.229702986, -8.73643300599997, 0.0 ], [ 115.229952013000116, -8.736936026999956, 0.0 ], [ 115.229982026000016, -8.737150034999956, 0.0 ], [ 115.229951982000102, -8.737434992999965, 0.0 ], [ 115.229732001000116, -8.737969991999933, 0.0 ], [ 115.229546028000073, -8.738285043999952, 0.0 ], [ 115.229417971000089, -8.738442993999968, 0.0 ], [ 115.229182023000021, -8.738581998999962, 0.0 ], [ 115.228977029000021, -8.738687974999948, 0.0 ], [ 115.228845, -8.738829996999925, 0.0 ], [ 115.228803974000016, -8.738965031999953, 0.0 ], [ 115.228842991000079, -8.739081006999982, 0.0 ], [ 115.228914968000026, -8.73912003099997, 0.0 ], [ 115.229198017000044, -8.739067028999955, 0.0 ], [ 115.229853968000043, -8.738784995999936, 0.0 ], [ 115.230135029000053, -8.738661024999942, 0.0 ], [ 115.230490034000013, -8.738572019999935, 0.0 ], [ 115.23118403400008, -8.738356961999955, 0.0 ], [ 115.231413001000078, -8.738252, 0.0 ], [ 115.23175797500005, -8.737985957999967, 0.0 ], [ 115.232544023000059, -8.736778004999962, 0.0 ], [ 115.232736966000061, -8.736477987999933, 0.0 ], [ 115.233243004000087, -8.735902015999955, 0.0 ], [ 115.234133992000011, -8.734859964999941, 0.0 ], [ 115.235005970000088, -8.733557038999948, 0.0 ], [ 115.235348015000113, -8.733003981999957, 0.0 ], [ 115.236045024000077, -8.731268974999978, 0.0 ], [ 115.236651993, -8.729590041999927, 0.0 ], [ 115.237155971000107, -8.728364037999938, 0.0 ], [ 115.237394012000095, -8.727808957999969, 0.0 ], [ 115.237849982000057, -8.726513035999972, 0.0 ], [ 115.238034986000116, -8.726034, 0.0 ], [ 115.238415980000013, -8.725066034999941, 0.0 ], [ 115.238781967000023, -8.724181974999965, 0.0 ], [ 115.239239977000011, -8.722880002999943, 0.0 ], [ 115.239358972000105, -8.722495028999958, 0.0 ], [ 115.239413031000026, -8.722295963999954, 0.0 ], [ 115.239390996000111, -8.722153040999956, 0.0 ], [ 115.239282994000064, -8.722030960999973, 0.0 ], [ 115.239043994000099, -8.721896974999936, 0.0 ], [ 115.238980008000112, -8.721879955999952, 0.0 ], [ 115.238758002000054, -8.721957025999927, 0.0 ], [ 115.238606011000115, -8.722012001999929, 0.0 ], [ 115.238055979000023, -8.721877024999969, 0.0 ], [ 115.237715023000078, -8.721770043999982, 0.0 ], [ 115.237445030000117, -8.72166203699993, 0.0 ], [ 115.237027973000068, -8.721629004999954, 0.0 ], [ 115.236675982000065, -8.721702034999964, 0.0 ], [ 115.236361034000083, -8.721880995999982, 0.0 ], [ 115.236202026000115, -8.722025969999947, 0.0 ] ], [ [ 115.232091017000016, -8.724277958999949, 0.0 ], [ 115.232353016000047, -8.724332962999938, 0.0 ], [ 115.232592968000063, -8.724296025999934, 0.0 ], [ 115.23286100700011, -8.724198022999929, 0.0 ], [ 115.233224022000059, -8.72399596799994, 0.0 ], [ 115.233590026000115, -8.723732007999956, 0.0 ], [ 115.233800973000029, -8.723537017999945, 0.0 ], [ 115.233896002000051, -8.723374030999935, 0.0 ], [ 115.233904982000013, -8.72323296999997, 0.0 ], [ 115.233843995000029, -8.723167964999959, 0.0 ], [ 115.233714028, -8.72312803899996, 0.0 ], [ 115.232568976000039, -8.723422992999929, 0.0 ], [ 115.23232198900007, -8.72348999899998, 0.0 ], [ 115.231957012000066, -8.723504027999979, 0.0 ], [ 115.231840987000055, -8.723494989999949, 0.0 ], [ 115.231837970000015, -8.723499043999936, 0.0 ], [ 115.231614997000065, -8.723670021999965, 0.0 ], [ 115.23159703500005, -8.723760962999961, 0.0 ], [ 115.231664998000042, -8.723920008999926, 0.0 ], [ 115.23190399300006, -8.724149995999937, 0.0 ], [ 115.232091017000016, -8.724277958999949, 0.0 ] ] ] ] } },
{ "type": "Feature", "properties": { "REMARK": "Pasir/Bukit Pasir Laut", "SHAPE_Leng": 0.08385240243, "SHAPE_Area": 7.646554e-05 }, "geometry": { "type": "MultiPolygon", "coordinates": [ [ [ [ 115.087069008000071, -8.620864023999957, 0.0 ], [ 115.087480965000054, -8.621329032999938, 0.0 ], [ 115.087631027000043, -8.621516969999959, 0.0 ], [ 115.087966017000099, -8.621870962999935, 0.0 ], [ 115.08815497, -8.622056019999945, 0.0 ], [ 115.088214016000052, -8.62215600899998, 0.0 ], [ 115.08851401000004, -8.622573006999971, 0.0 ], [ 115.088681009000084, -8.622833969999931, 0.0 ], [ 115.088725009000086, -8.622961994999969, 0.0 ], [ 115.088685001000044, -8.623052994999966, 0.0 ], [ 115.088521014000094, -8.623206014999937, 0.0 ], [ 115.088430035000101, -8.623364007999953, 0.0 ], [ 115.088415995000105, -8.623445014999959, 0.0 ], [ 115.088513031000048, -8.623601955999959, 0.0 ], [ 115.088873033000027, -8.623779006999939, 0.0 ], [ 115.089261018000116, -8.624185957999941, 0.0 ], [ 115.089701037000054, -8.624583044999952, 0.0 ], [ 115.090147025000078, -8.624999955999954, 0.0 ], [ 115.09048796400009, -8.625318997999955, 0.0 ], [ 115.090596003000087, -8.625462977999973, 0.0 ], [ 115.090870968000104, -8.62589801799993, 0.0 ], [ 115.091318963000049, -8.62637802699993, 0.0 ], [ 115.091616975000079, -8.627012031999925, 0.0 ], [ 115.091828024000051, -8.627376975999937, 0.0 ], [ 115.091942009000036, -8.627619957999968, 0.0 ], [ 115.092053005000025, -8.627965965999977, 0.0 ], [ 115.09207699600006, -8.628095969999947, 0.0 ], [ 115.092000998000117, -8.628209025999979, 0.0 ], [ 115.0919290060001, -8.628285043999938, 0.0 ], [ 115.091921992000039, -8.628413989999956, 0.0 ], [ 115.092199026000117, -8.628541998999935, 0.0 ], [ 115.092491027000051, -8.628627961999939, 0.0 ], [ 115.092536010000117, -8.62864996899998, 0.0 ], [ 115.09296400300002, -8.628862967999964, 0.0 ], [ 115.093185027000118, -8.629032003999953, 0.0 ], [ 115.093625024000062, -8.629524987999957, 0.0 ], [ 115.093933004000064, -8.629919969999946, 0.0 ], [ 115.09407503500006, -8.630187043999967, 0.0 ], [ 115.094146032000026, -8.630398989999946, 0.0 ], [ 115.094196029000045, -8.63063098899994, 0.0 ], [ 115.094304010000087, -8.630786989999933, 0.0 ], [ 115.094506031000037, -8.630877023999972, 0.0 ], [ 115.095603026000049, -8.631282974999976, 0.0 ], [ 115.095920997, -8.63143396199996, 0.0 ], [ 115.096117026000115, -8.631553973999928, 0.0 ], [ 115.096444031000033, -8.631740979999961, 0.0 ], [ 115.096505014000059, -8.631769030999976, 0.0 ], [ 115.09677401600004, -8.632274992999953, 0.0 ], [ 115.09735299700003, -8.632867998999927, 0.0 ], [ 115.097479024000108, -8.63299597799994, 0.0 ], [ 115.097532995000051, -8.633137971999929, 0.0 ], [ 115.097725972000035, -8.633643013999972, 0.0 ], [ 115.097871023000039, -8.633965960999944, 0.0 ], [ 115.097974035000107, -8.634262035999939, 0.0 ], [ 115.098017021000032, -8.634338986999978, 0.0 ], [ 115.098051987000076, -8.634431986999971, 0.0 ], [ 115.098113011, -8.634765995999942, 0.0 ], [ 115.098244018000059, -8.635171034999928, 0.0 ], [ 115.098368981000021, -8.635377012999982, 0.0 ], [ 115.098434998000016, -8.63544702799993, 0.0 ], [ 115.098478972000066, -8.635566013999949, 0.0 ], [ 115.098901978000072, -8.636777029999962, 0.0 ], [ 115.099153987000022, -8.637236990999952, 0.0 ], [ 115.099284034000107, -8.637474990999976, 0.0 ], [ 115.099290005000057, -8.637584026999946, 0.0 ], [ 115.09934003, -8.637855975999969, 0.0 ], [ 115.099347026000032, -8.637894967999955, 0.0 ], [ 115.099607002000084, -8.638633990999949, 0.0 ], [ 115.099839008000117, -8.639020006999942, 0.0 ], [ 115.099943972, -8.639240979999954, 0.0 ], [ 115.099963980000098, -8.639448967999954, 0.0 ], [ 115.099902997000072, -8.639569963999975, 0.0 ], [ 115.099724983000101, -8.639710987999933, 0.0 ], [ 115.099452991000021, -8.639949975999969, 0.0 ], [ 115.099421982000081, -8.64005403799996, 0.0 ], [ 115.099453007000079, -8.640215982999962, 0.0 ], [ 115.099521967000101, -8.64023702399993, 0.0 ], [ 115.100094034000108, -8.639984971999979, 0.0 ], [ 115.100155026000039, -8.639861986999961, 0.0 ], [ 115.100263023000025, -8.639566958999978, 0.0 ], [ 115.100285965000012, -8.639563004999957, 0.0 ], [ 115.102600990000042, -8.641739958999949, 0.0 ], [ 115.102706011, -8.641874973999961, 0.0 ], [ 115.102876990000027, -8.642362009999943, 0.0 ], [ 115.102887003000092, -8.642456965999941, 0.0 ], [ 115.102787029000069, -8.642960013999925, 0.0 ], [ 115.102902001000075, -8.642918010999949, 0.0 ], [ 115.102934965000031, -8.643037032999928, 0.0 ], [ 115.102975986000047, -8.643612003999976, 0.0 ], [ 115.102993991000062, -8.643936038999925, 0.0 ], [ 115.103220033000071, -8.644542025999954, 0.0 ], [ 115.103405033000058, -8.644847002999938, 0.0 ], [ 115.103845035000063, -8.645255017999943, 0.0 ], [ 115.104128997000089, -8.645454008999934, 0.0 ], [ 115.104500999000038, -8.645618998999964, 0.0 ], [ 115.10490500800006, -8.645719971999938, 0.0 ], [ 115.105551991000084, -8.645753001999935, 0.0 ], [ 115.105951012000105, -8.645757957999933, 0.0 ], [ 115.106289010000069, -8.645802021999941, 0.0 ], [ 115.106665978000024, -8.645918044999974, 0.0 ], [ 115.107108967000045, -8.646164007999971, 0.0 ], [ 115.107378034000021, -8.646361025999965, 0.0 ], [ 115.107545020000089, -8.64656901799998, 0.0 ], [ 115.107599964000087, -8.64674201899993, 0.0 ], [ 115.10759796800005, -8.647441963999938, 0.0 ], [ 115.107625036000059, -8.647677012999964, 0.0 ], [ 115.107700027000078, -8.64787099199998, 0.0 ], [ 115.107708033000108, -8.648022971999978, 0.0 ], [ 115.107611014000099, -8.648265, 0.0 ], [ 115.107504966000079, -8.648364985999933, 0.0 ], [ 115.106991009000012, -8.648469009999928, 0.0 ], [ 115.106484993000095, -8.648512965999942, 0.0 ], [ 115.106195973000013, -8.648500960999968, 0.0 ], [ 115.105808016000083, -8.648410009999964, 0.0 ], [ 115.104805991000035, -8.647994965999942, 0.0 ], [ 115.104149019000033, -8.647711965999974, 0.0 ], [ 115.102289030000065, -8.647345992999931, 0.0 ], [ 115.101778034000063, -8.647248011999977, 0.0 ], [ 115.101246010000068, -8.64705601299994, 0.0 ], [ 115.100567975000104, -8.646672031999969, 0.0 ], [ 115.100123006000103, -8.646343980999973, 0.0 ], [ 115.099413988000038, -8.645536022999977, 0.0 ], [ 115.099140031000047, -8.645149978999939, 0.0 ], [ 115.098758018000012, -8.644323035999946, 0.0 ], [ 115.098535972000036, -8.643833032999964, 0.0 ], [ 115.098344026000063, -8.64349502999994, 0.0 ], [ 115.098048966000079, -8.643119997999975, 0.0 ], [ 115.0973229760001, -8.642487031999963, 0.0 ], [ 115.096935987000052, -8.642205001999969, 0.0 ], [ 115.096730003000062, -8.641993016999947, 0.0 ], [ 115.096598984000025, -8.641709998999943, 0.0 ], [ 115.096535968000012, -8.64140002299996, 0.0 ], [ 115.096538982000084, -8.640888993999965, 0.0 ], [ 115.096583985000052, -8.640518994999979, 0.0 ], [ 115.096675016000063, -8.640217014999962, 0.0 ], [ 115.097346035000101, -8.639099015999932, 0.0 ], [ 115.097528033000117, -8.638805982999941, 0.0 ], [ 115.097608964000074, -8.638560985999959, 0.0 ], [ 115.097679968000079, -8.637173004999966, 0.0 ], [ 115.097643980000043, -8.636731017999978, 0.0 ], [ 115.097328033000053, -8.63545798499996, 0.0 ], [ 115.097203979000028, -8.63499603799994, 0.0 ], [ 115.097080008000034, -8.634666957999968, 0.0 ], [ 115.097027030000049, -8.63458100899993, 0.0 ], [ 115.096988024000098, -8.634547010999938, 0.0 ], [ 115.096900016000063, -8.634380986999929, 0.0 ], [ 115.096201013000041, -8.633000028999959, 0.0 ], [ 115.09574899200004, -8.632348991999947, 0.0 ], [ 115.09554, -8.632199991999926, 0.0 ], [ 115.095330981000075, -8.632160990999978, 0.0 ], [ 115.09518000300011, -8.632184012999971, 0.0 ], [ 115.094260972000029, -8.63231800799997, 0.0 ], [ 115.093829037000091, -8.632217972999968, 0.0 ], [ 115.09340201200007, -8.632049990999974, 0.0 ], [ 115.093034006000039, -8.631824003999952, 0.0 ], [ 115.092467999000064, -8.631364015999964, 0.0 ], [ 115.09226702400008, -8.631066006999959, 0.0 ], [ 115.092122004000089, -8.630737997999972, 0.0 ], [ 115.091805022000017, -8.630003027999976, 0.0 ], [ 115.091495028000054, -8.629562028999942, 0.0 ], [ 115.091208996000091, -8.629256998999949, 0.0 ], [ 115.090633018000062, -8.628635981999935, 0.0 ], [ 115.090368994000073, -8.628154989999928, 0.0 ], [ 115.090111035000064, -8.627660016999926, 0.0 ], [ 115.089712005000024, -8.626960973999928, 0.0 ], [ 115.088716992000059, -8.625182013999961, 0.0 ], [ 115.088580007000019, -8.625000016999934, 0.0 ], [ 115.088155964000066, -8.624434981999968, 0.0 ], [ 115.0879940210001, -8.623988029999964, 0.0 ], [ 115.087802035000095, -8.623572021999962, 0.0 ], [ 115.087517032000051, -8.623168022999948, 0.0 ], [ 115.087336981000021, -8.623030009999979, 0.0 ], [ 115.086931993, -8.622697992999974, 0.0 ], [ 115.086514030000103, -8.622191014999942, 0.0 ], [ 115.086318969000104, -8.621805992999953, 0.0 ], [ 115.086203019000095, -8.621374003999961, 0.0 ], [ 115.086202031000084, -8.62109398399997, 0.0 ], [ 115.086241023000071, -8.620936996999944, 0.0 ], [ 115.086352032000036, -8.620534971999973, 0.0 ], [ 115.086304014, -8.620237995999958, 0.0 ], [ 115.086203967000074, -8.619979987999955, 0.0 ], [ 115.086205963000111, -8.61989602999995, 0.0 ], [ 115.086497029000043, -8.619675040999937, 0.0 ], [ 115.086729996000031, -8.619657039999936, 0.0 ], [ 115.086807026000088, -8.61968101399998, 0.0 ], [ 115.086958029000016, -8.619920023999953, 0.0 ], [ 115.087048989000095, -8.620153039999934, 0.0 ], [ 115.087046974000032, -8.620360012999981, 0.0 ], [ 115.08698197700005, -8.620505029999947, 0.0 ], [ 115.086928008000086, -8.62058701199993, 0.0 ], [ 115.087069008000071, -8.620864023999957, 0.0 ] ], [ [ 115.086730966, -8.621473980999951, 0.0 ], [ 115.086866997000016, -8.62148803599996, 0.0 ], [ 115.087008970000056, -8.621393024999975, 0.0 ], [ 115.087025972000106, -8.621288984999978, 0.0 ], [ 115.086999984000045, -8.621184007999943, 0.0 ], [ 115.086852018000059, -8.621056006999936, 0.0 ], [ 115.086805982000101, -8.621034988999952, 0.0 ], [ 115.086663015000113, -8.62103002799995, 0.0 ], [ 115.086609992000035, -8.621042959999954, 0.0 ], [ 115.086595037000052, -8.621275990999948, 0.0 ], [ 115.086627986000053, -8.621381996999958, 0.0 ], [ 115.086730966, -8.621473980999951, 0.0 ] ] ] ] } },
{ "type": "Feature", "properties": { "REMARK": "Pasir/Bukit Pasir Laut", "SHAPE_Leng": 0.03206279931, "SHAPE_Area": 1.20052e-05 }, "geometry": { "type": "MultiPolygon", "coordinates": [ [ [ [ 115.060248024000089, -8.583658039999932, 0.0 ], [ 115.060953014, -8.584013001999949, 0.0 ], [ 115.061184971000102, -8.584144955999932, 0.0 ], [ 115.061353015, -8.584297013999958, 0.0 ], [ 115.062064001000067, -8.584755043999962, 0.0 ], [ 115.062672035000105, -8.585236957999939, 0.0 ], [ 115.062922997000101, -8.585859975999938, 0.0 ], [ 115.063240964000101, -8.586282043999972, 0.0 ], [ 115.064552004, -8.587187958999948, 0.0 ], [ 115.065251029000024, -8.587805995999929, 0.0 ], [ 115.06546400600007, -8.588004013999978, 0.0 ], [ 115.065763024000034, -8.588204993999966, 0.0 ], [ 115.066080016000114, -8.588303025999949, 0.0 ], [ 115.066316979000021, -8.588393967999934, 0.0 ], [ 115.066439976000083, -8.588509011999975, 0.0 ], [ 115.066554011000107, -8.588841025999955, 0.0 ], [ 115.066602013000079, -8.58949303299994, 0.0 ], [ 115.066615964000107, -8.589562969999974, 0.0 ], [ 115.066687004000073, -8.589585018999969, 0.0 ], [ 115.066944975000069, -8.58953596899994, 0.0 ], [ 115.067046016000063, -8.589535029999979, 0.0 ], [ 115.067439964000073, -8.589907041999936, 0.0 ], [ 115.068091992000063, -8.590697023999951, 0.0 ], [ 115.069123026000057, -8.591468024999926, 0.0 ], [ 115.069420009000055, -8.591716987999973, 0.0 ], [ 115.070394983000028, -8.592437000999951, 0.0 ], [ 115.070669981000037, -8.592634965999935, 0.0 ], [ 115.070988028000102, -8.593029011999931, 0.0 ], [ 115.071147991000089, -8.593343991999973, 0.0 ], [ 115.071101006000049, -8.593496958999935, 0.0 ], [ 115.070980008000106, -8.593682003999959, 0.0 ], [ 115.071052968000117, -8.594006038999964, 0.0 ], [ 115.071099037000067, -8.594152964999978, 0.0 ], [ 115.071078966000073, -8.594270997999956, 0.0 ], [ 115.070994977000055, -8.59439503699997, 0.0 ], [ 115.070953975000066, -8.594371963999947, 0.0 ], [ 115.070734987000037, -8.594206004999933, 0.0 ], [ 115.068994977000102, -8.59270601999998, 0.0 ], [ 115.068103966000081, -8.591838013999961, 0.0 ], [ 115.067496968000114, -8.591162955999948, 0.0 ], [ 115.066954998000028, -8.590543991999937, 0.0 ], [ 115.066187013000103, -8.589684011999964, 0.0 ], [ 115.065833971000075, -8.589295030999949, 0.0 ], [ 115.064546964000101, -8.588181986999928, 0.0 ], [ 115.063702994000096, -8.58744996799993, 0.0 ], [ 115.063301017000072, -8.587081979999937, 0.0 ], [ 115.062006019000023, -8.585937978999937, 0.0 ], [ 115.061104975000035, -8.58494301199994, 0.0 ], [ 115.060995030000072, -8.584853971999962, 0.0 ], [ 115.060313966000081, -8.584255995999968, 0.0 ], [ 115.059973968, -8.583807964999949, 0.0 ], [ 115.059969979000016, -8.583678965999979, 0.0 ], [ 115.060248024000089, -8.583658039999932, 0.0 ] ] ] ] } },
{ "type": "Feature", "properties": { "REMARK": "Pasir/Bukit Pasir Laut", "SHAPE_Leng": 0.31574586403, "SHAPE_Area": 0.00041639079 }, "geometry": { "type": "MultiPolygon", "coordinates": [ [ [ [ 115.135259034000114, -8.663549023999963, 0.0 ], [ 115.135307997000041, -8.663600964999944, 0.0 ], [ 115.135599969000054, -8.663823026999978, 0.0 ], [ 115.136328993, -8.664441041999964, 0.0 ], [ 115.137031024000066, -8.664912043999948, 0.0 ], [ 115.137660968000091, -8.665296010999953, 0.0 ], [ 115.137934023000071, -8.665496014999974, 0.0 ], [ 115.138240994000057, -8.665883016999942, 0.0 ], [ 115.138521999000091, -8.66632502899995, 0.0 ], [ 115.138987033000035, -8.667049044999942, 0.0 ], [ 115.139336973000013, -8.667503956999951, 0.0 ], [ 115.139637989000107, -8.667822956999942, 0.0 ], [ 115.139689998000108, -8.667864969999926, 0.0 ], [ 115.140156997000076, -8.668433978999929, 0.0 ], [ 115.140431996000075, -8.668803017999949, 0.0 ], [ 115.141128025000057, -8.669675038999969, 0.0 ], [ 115.141764031000093, -8.670260958999961, 0.0 ], [ 115.142228021000051, -8.670619979999969, 0.0 ], [ 115.142936963000011, -8.671014990999936, 0.0 ], [ 115.14326002100006, -8.671224997999957, 0.0 ], [ 115.143561031000104, -8.671576988999959, 0.0 ], [ 115.143658017, -8.671689993999962, 0.0 ], [ 115.143810026000097, -8.671902964999958, 0.0 ], [ 115.144085991000111, -8.672519038999951, 0.0 ], [ 115.144122036000113, -8.672623973999976, 0.0 ], [ 115.144144003000065, -8.672651016999964, 0.0 ], [ 115.144301982000115, -8.672868988999937, 0.0 ], [ 115.144489018000058, -8.673150011999951, 0.0 ], [ 115.144737995000014, -8.673464960999979, 0.0 ], [ 115.145438034000108, -8.674194995999926, 0.0 ], [ 115.145944995000036, -8.674654011999962, 0.0 ], [ 115.146306971000058, -8.675102018999951, 0.0 ], [ 115.146932993000064, -8.676062003999959, 0.0 ], [ 115.147113032000107, -8.676578996999979, 0.0 ], [ 115.147291973000051, -8.676937985999928, 0.0 ], [ 115.147546976000058, -8.677293004999967, 0.0 ], [ 115.147877036000068, -8.67763501099995, 0.0 ], [ 115.14809299500007, -8.677793967999946, 0.0 ], [ 115.14854901800004, -8.678238001999944, 0.0 ], [ 115.149079022000024, -8.67890402699993, 0.0 ], [ 115.14965702500001, -8.679926957999953, 0.0 ], [ 115.149943973000063, -8.68044501199995, 0.0 ], [ 115.150273977000097, -8.680982979999953, 0.0 ], [ 115.150492034000081, -8.681127031999949, 0.0 ], [ 115.15054503500005, -8.681211983999958, 0.0 ], [ 115.150589002000061, -8.681458957999951, 0.0 ], [ 115.150725998000098, -8.682183997999971, 0.0 ], [ 115.150907990000064, -8.682624983999972, 0.0 ], [ 115.151120035000076, -8.682972019999966, 0.0 ], [ 115.151323965000074, -8.683231972999977, 0.0 ], [ 115.152165024000055, -8.684224, 0.0 ], [ 115.152684034000117, -8.685042003999968, 0.0 ], [ 115.153838997000094, -8.686894967999933, 0.0 ], [ 115.154337976000079, -8.687581989999956, 0.0 ], [ 115.154804993000084, -8.688386001999959, 0.0 ], [ 115.155001998000103, -8.688653964999958, 0.0 ], [ 115.155463964000091, -8.689097027999935, 0.0 ], [ 115.156112013000097, -8.689559973999962, 0.0 ], [ 115.156289969000113, -8.68973998599995, 0.0 ], [ 115.156333978000021, -8.689794974999927, 0.0 ], [ 115.156665983000039, -8.690263982999966, 0.0 ], [ 115.156884026000057, -8.690657958999964, 0.0 ], [ 115.157065973000044, -8.69101795499995, 0.0 ], [ 115.157418014000086, -8.691542015999971, 0.0 ], [ 115.158101969000086, -8.692386032999934, 0.0 ], [ 115.15893703200004, -8.69370803399994, 0.0 ], [ 115.159787028000096, -8.694749990999981, 0.0 ], [ 115.16011400800005, -8.695236960999978, 0.0 ], [ 115.160378005000098, -8.695780028999934, 0.0 ], [ 115.161023032000116, -8.69712696199997, 0.0 ], [ 115.16133702400009, -8.697620014999927, 0.0 ], [ 115.161584994, -8.698008982999966, 0.0 ], [ 115.162072993000038, -8.698755965999965, 0.0 ], [ 115.163029986000083, -8.70075303699997, 0.0 ], [ 115.163234982000063, -8.701259031999939, 0.0 ], [ 115.16370297800006, -8.702253041999938, 0.0 ], [ 115.164622031000022, -8.704181956999946, 0.0 ], [ 115.164843983000083, -8.704852993999964, 0.0 ], [ 115.164964029000089, -8.705249025999933, 0.0 ], [ 115.165006005, -8.705352995999931, 0.0 ], [ 115.165175012000077, -8.705864962999954, 0.0 ], [ 115.165541027000017, -8.706924013999981, 0.0 ], [ 115.165798985000038, -8.70767901499994, 0.0 ], [ 115.166042032000064, -8.708618971999954, 0.0 ], [ 115.166182024000022, -8.709288980999929, 0.0 ], [ 115.166632033000042, -8.711516990999939, 0.0 ], [ 115.167094978000023, -8.713259039999969, 0.0 ], [ 115.167189983000071, -8.71361301099995, 0.0 ], [ 115.167574027000114, -8.71481803699993, 0.0 ], [ 115.16782701000011, -8.715518961999976, 0.0 ], [ 115.167870992000076, -8.715765033999958, 0.0 ], [ 115.168297006000103, -8.717676022999967, 0.0 ], [ 115.168775998000115, -8.71980203399994, 0.0 ], [ 115.169260016000067, -8.721988991999979, 0.0 ], [ 115.169347031000029, -8.722906955999974, 0.0 ], [ 115.169328036000024, -8.723452997999971, 0.0 ], [ 115.169217995000054, -8.724092966999933, 0.0 ], [ 115.169078991000106, -8.72447997699993, 0.0 ], [ 115.168895975000055, -8.724842007999939, 0.0 ], [ 115.168477022000047, -8.725523962999944, 0.0 ], [ 115.167968012000074, -8.726189031999979, 0.0 ], [ 115.167486992000022, -8.726675986999965, 0.0 ], [ 115.166806027, -8.72717001999996, 0.0 ], [ 115.16537096400009, -8.728126994999968, 0.0 ], [ 115.165001981000046, -8.728471039999931, 0.0 ], [ 115.164445036000075, -8.729083985999978, 0.0 ], [ 115.164042009000013, -8.729754983999953, 0.0 ], [ 115.163836985000103, -8.730248961999962, 0.0 ], [ 115.16371902800006, -8.730650984999954, 0.0 ], [ 115.163622991000011, -8.731641998999976, 0.0 ], [ 115.163353986000061, -8.733174961999964, 0.0 ], [ 115.162942987000065, -8.73478397699995, 0.0 ], [ 115.162540978000038, -8.735596976999943, 0.0 ], [ 115.162082020000071, -8.736424974999977, 0.0 ], [ 115.161847966000096, -8.736984975999974, 0.0 ], [ 115.161622968000074, -8.737332966999929, 0.0 ], [ 115.161298968000096, -8.737868034999963, 0.0 ], [ 115.161057011000025, -8.738434955999935, 0.0 ], [ 115.16078299600008, -8.739060021999933, 0.0 ], [ 115.160569966000025, -8.739533981999955, 0.0 ], [ 115.160416993000013, -8.740046015999951, 0.0 ], [ 115.160339035000106, -8.740892039999949, 0.0 ], [ 115.160325027000113, -8.741044006999971, 0.0 ], [ 115.1602159790001, -8.741857971999934, 0.0 ], [ 115.159935999000027, -8.743437966999977, 0.0 ], [ 115.159898002000091, -8.743652998999949, 0.0 ], [ 115.159633012000086, -8.744803988999934, 0.0 ], [ 115.159458966000102, -8.745287989999952, 0.0 ], [ 115.159316973000045, -8.745439965999935, 0.0 ], [ 115.158861032000118, -8.745756008999933, 0.0 ], [ 115.158429024000043, -8.746066020999933, 0.0 ], [ 115.157958968000116, -8.746417967999946, 0.0 ], [ 115.157610016000035, -8.74658403199993, 0.0 ], [ 115.157129002000033, -8.746726041999977, 0.0 ], [ 115.156132970000044, -8.746869971999956, 0.0 ], [ 115.15546298400011, -8.746919042999934, 0.0 ], [ 115.154933026000094, -8.746957044999931, 0.0 ], [ 115.153869027000042, -8.746994972999971, 0.0 ], [ 115.15311503700002, -8.747014977999982, 0.0 ], [ 115.152495011000042, -8.74705298899994, 0.0 ], [ 115.152341981000063, -8.747147962999975, 0.0 ], [ 115.152252034000071, -8.74725996799998, 0.0 ], [ 115.152159020000113, -8.74752299599993, 0.0 ], [ 115.152196980000099, -8.748774972999968, 0.0 ], [ 115.152215033000061, -8.74955095599995, 0.0 ], [ 115.15221701400003, -8.750000015999944, 0.0 ], [ 115.152217009000083, -8.750001010999938, 0.0 ], [ 115.152217007000104, -8.750123034999945, 0.0 ], [ 115.152278016000082, -8.750348038999959, 0.0 ], [ 115.152411016000087, -8.750485988999969, 0.0 ], [ 115.152523996000014, -8.750519983999936, 0.0 ], [ 115.152756017000115, -8.750498970999956, 0.0 ], [ 115.153020989000083, -8.750497010999936, 0.0 ], [ 115.153724029000045, -8.750493029999973, 0.0 ], [ 115.155280994, -8.750415023999949, 0.0 ], [ 115.157552, -8.750320965999947, 0.0 ], [ 115.158432036000022, -8.750240012999939, 0.0 ], [ 115.158957005000048, -8.750227019999954, 0.0 ], [ 115.159593996000012, -8.750291039999979, 0.0 ], [ 115.159768963000033, -8.750383002999968, 0.0 ], [ 115.160151987000063, -8.750694989999943, 0.0 ], [ 115.1609320230001, -8.75159896599996, 0.0 ], [ 115.16122800900007, -8.751828002999957, 0.0 ], [ 115.16153797000004, -8.751958042999945, 0.0 ], [ 115.162009029000046, -8.752150961999973, 0.0 ], [ 115.162487985000098, -8.752444973999957, 0.0 ], [ 115.163097980000089, -8.753003014999933, 0.0 ], [ 115.163552028000026, -8.753486992999967, 0.0 ], [ 115.164021008000077, -8.753966975999958, 0.0 ], [ 115.164572982000095, -8.754453959999978, 0.0 ], [ 115.16592599, -8.755571043999964, 0.0 ], [ 115.165890999000112, -8.755661986999939, 0.0 ], [ 115.165702987000031, -8.756014044999972, 0.0 ], [ 115.165209988000015, -8.756748957999946, 0.0 ], [ 115.164898985000036, -8.757029010999929, 0.0 ], [ 115.16459997100003, -8.757187005999981, 0.0 ], [ 115.164227001000086, -8.757298000999981, 0.0 ], [ 115.16379401100005, -8.757271041999957, 0.0 ], [ 115.162933037000016, -8.757144020999931, 0.0 ], [ 115.161830975000044, -8.756915043999982, 0.0 ], [ 115.16098101700004, -8.756772977999958, 0.0 ], [ 115.160392996000041, -8.756759993999935, 0.0 ], [ 115.159921978000057, -8.756816997999977, 0.0 ], [ 115.158331976000113, -8.757009016999973, 0.0 ], [ 115.157717005000109, -8.756945008999935, 0.0 ], [ 115.157344024000054, -8.756830024999942, 0.0 ], [ 115.156782973000077, -8.756575015999942, 0.0 ], [ 115.155770971000038, -8.756122024999968, 0.0 ], [ 115.155265025000062, -8.755816031999927, 0.0 ], [ 115.154982972000084, -8.755558042999951, 0.0 ], [ 115.154172020000033, -8.754831971999977, 0.0 ], [ 115.153874975, -8.754712021999978, 0.0 ], [ 115.152342030000113, -8.75409495699995, 0.0 ], [ 115.15180297500001, -8.753787985999963, 0.0 ], [ 115.151302026000053, -8.753382043999977, 0.0 ], [ 115.15104602100007, -8.753070036999929, 0.0 ], [ 115.150908029000107, -8.752804975999936, 0.0 ], [ 115.150772024000048, -8.752350018999948, 0.0 ], [ 115.150687028000107, -8.751792990999945, 0.0 ], [ 115.150436010000021, -8.750000987999954, 0.0 ], [ 115.150436015000082, -8.74999999399995, 0.0 ], [ 115.150432966000039, -8.749980002999962, 0.0 ], [ 115.150381967000044, -8.749199972999975, 0.0 ], [ 115.150370987000088, -8.748343035999937, 0.0 ], [ 115.150456979000069, -8.746815980999941, 0.0 ], [ 115.150603985000089, -8.745573043999968, 0.0 ], [ 115.150851992000071, -8.743510956999955, 0.0 ], [ 115.150999971000033, -8.742084986999942, 0.0 ], [ 115.151138029000094, -8.740846975999943, 0.0 ], [ 115.151155029000051, -8.740697013999977, 0.0 ], [ 115.151333964000059, -8.739724040999931, 0.0 ], [ 115.15145996800004, -8.738817967999978, 0.0 ], [ 115.151507026000104, -8.737662037999939, 0.0 ], [ 115.151542970000037, -8.73608502299993, 0.0 ], [ 115.151638977000061, -8.735669973999961, 0.0 ], [ 115.151837978000117, -8.73514000199998, 0.0 ], [ 115.152097009000045, -8.734622976999958, 0.0 ], [ 115.152430989000095, -8.734330027999931, 0.0 ], [ 115.152704025000048, -8.734027019999928, 0.0 ], [ 115.153220024, -8.733334986999978, 0.0 ], [ 115.154166978000035, -8.732132004999926, 0.0 ], [ 115.155472965000058, -8.730658966999954, 0.0 ], [ 115.156393974000025, -8.729869016999942, 0.0 ], [ 115.1568229720001, -8.729634011999963, 0.0 ], [ 115.157273978000035, -8.729464012999927, 0.0 ], [ 115.157642991000102, -8.729389968999953, 0.0 ], [ 115.158248032000074, -8.72934599499996, 0.0 ], [ 115.160507019000079, -8.729110013999957, 0.0 ], [ 115.160776999000063, -8.729015962999938, 0.0 ], [ 115.161222017000114, -8.728768013999968, 0.0 ], [ 115.161720976000083, -8.728399022999952, 0.0 ], [ 115.162002014000109, -8.728112042999953, 0.0 ], [ 115.162357030000067, -8.72765196499995, 0.0 ], [ 115.162710036000021, -8.727234991999978, 0.0 ], [ 115.163323983000055, -8.726641033999954, 0.0 ], [ 115.163555989000088, -8.726574003999929, 0.0 ], [ 115.163929974000098, -8.726540019999959, 0.0 ], [ 115.164376007000101, -8.726573994999967, 0.0 ], [ 115.164890024000101, -8.726602964999927, 0.0 ], [ 115.165287026000101, -8.726566017999971, 0.0 ], [ 115.165683024000032, -8.726474017999976, 0.0 ], [ 115.166545978000045, -8.726013044999945, 0.0 ], [ 115.166835034000087, -8.725771022999936, 0.0 ], [ 115.167480002000048, -8.725160032999952, 0.0 ], [ 115.167840963000117, -8.724662011999953, 0.0 ], [ 115.16802098900007, -8.724267969999971, 0.0 ], [ 115.168098023000084, -8.723959028999957, 0.0 ], [ 115.168115035000028, -8.723573961999932, 0.0 ], [ 115.168076978000045, -8.722789016999968, 0.0 ], [ 115.167989992000116, -8.722372985999925, 0.0 ], [ 115.16777099300009, -8.721832032999941, 0.0 ], [ 115.167592979, -8.721613967999929, 0.0 ], [ 115.167362006000076, -8.721439034999946, 0.0 ], [ 115.167052014000092, -8.721304032999967, 0.0 ], [ 115.16667399500011, -8.721213987999931, 0.0 ], [ 115.165117031000023, -8.720901040999934, 0.0 ], [ 115.16493501900004, -8.720781027999976, 0.0 ], [ 115.164883022000026, -8.720673032999969, 0.0 ], [ 115.164852034000091, -8.720420967999928, 0.0 ], [ 115.164885015000095, -8.720234020999953, 0.0 ], [ 115.165010008000081, -8.719954960999928, 0.0 ], [ 115.165493011000081, -8.71884496399997, 0.0 ], [ 115.165520997000044, -8.718576009999936, 0.0 ], [ 115.165475999000023, -8.718170034999957, 0.0 ], [ 115.165474015000086, -8.717731997999977, 0.0 ], [ 115.165595991000032, -8.715598042999943, 0.0 ], [ 115.165520032000018, -8.714796012999955, 0.0 ], [ 115.165405023000062, -8.714134982999951, 0.0 ], [ 115.165203963000067, -8.713389022999934, 0.0 ], [ 115.164996009000106, -8.712705036999978, 0.0 ], [ 115.16491696300011, -8.712244030999955, 0.0 ], [ 115.164707010000029, -8.710018987999945, 0.0 ], [ 115.16458100400007, -8.709370016999969, 0.0 ], [ 115.16436499200006, -8.708541007999941, 0.0 ], [ 115.16416997400006, -8.70795497599994, 0.0 ], [ 115.163570979000042, -8.70649003699998, 0.0 ], [ 115.162958976000027, -8.704805026999964, 0.0 ], [ 115.162484997000092, -8.703685977999953, 0.0 ], [ 115.161736018000056, -8.701759960999937, 0.0 ], [ 115.161501033000036, -8.701105040999948, 0.0 ], [ 115.161285983000084, -8.700617978999958, 0.0 ], [ 115.16038598800003, -8.699348, 0.0 ], [ 115.159769966000113, -8.698536038999976, 0.0 ], [ 115.15947600800007, -8.698160044999952, 0.0 ], [ 115.159020033000047, -8.697193026999969, 0.0 ], [ 115.158541964000051, -8.696193993999941, 0.0 ], [ 115.158207978000064, -8.695623016999946, 0.0 ], [ 115.157528013000046, -8.69471303499995, 0.0 ], [ 115.156856986000093, -8.69389104399994, 0.0 ], [ 115.156299023000088, -8.693067971999938, 0.0 ], [ 115.155886021000015, -8.692308964999938, 0.0 ], [ 115.155844974000047, -8.692215032999968, 0.0 ], [ 115.155626970000071, -8.691751998999962, 0.0 ], [ 115.155442995000044, -8.691331974999969, 0.0 ], [ 115.155308976000015, -8.690992005999931, 0.0 ], [ 115.154622021000023, -8.689921003999928, 0.0 ], [ 115.154208033000032, -8.689380009999979, 0.0 ], [ 115.153821981000078, -8.688871961999951, 0.0 ], [ 115.153354964000073, -8.688144960999978, 0.0 ], [ 115.153030032000061, -8.687625005999962, 0.0 ], [ 115.152504994000083, -8.68673701199998, 0.0 ], [ 115.151622029, -8.685580995999942, 0.0 ], [ 115.150911965000091, -8.684597014999952, 0.0 ], [ 115.15022301700003, -8.683875985999975, 0.0 ], [ 115.149964036000028, -8.683612962999973, 0.0 ], [ 115.149749034000024, -8.683303965999926, 0.0 ], [ 115.149570003, -8.682779022999966, 0.0 ], [ 115.149325965000116, -8.681851986999959, 0.0 ], [ 115.14912503100004, -8.681133957999975, 0.0 ], [ 115.149037984000074, -8.68079602499995, 0.0 ], [ 115.148694994000039, -8.680126025999925, 0.0 ], [ 115.148390031000076, -8.679646027999979, 0.0 ], [ 115.147771965000061, -8.678879965999954, 0.0 ], [ 115.147153020000019, -8.678217032999953, 0.0 ], [ 115.146793020000018, -8.677838995999934, 0.0 ], [ 115.145992977000105, -8.676540021999926, 0.0 ], [ 115.145602034000035, -8.675933964999956, 0.0 ], [ 115.14527403000011, -8.675463976999936, 0.0 ], [ 115.144896012000117, -8.674896036999939, 0.0 ], [ 115.143637998000031, -8.673295014999951, 0.0 ], [ 115.143362006000075, -8.672958963999974, 0.0 ], [ 115.142720030000078, -8.67242797199998, 0.0 ], [ 115.141788028000065, -8.671704035999937, 0.0 ], [ 115.141048965000095, -8.670989984999949, 0.0 ], [ 115.140042997000023, -8.66986101699996, 0.0 ], [ 115.139456009000014, -8.669043035999948, 0.0 ], [ 115.139370010000107, -8.66890495499996, 0.0 ], [ 115.139324026000054, -8.668902019999962, 0.0 ], [ 115.139031979000038, -8.668830997999976, 0.0 ], [ 115.1385530230001, -8.668652044999931, 0.0 ], [ 115.138199016000044, -8.668444956999963, 0.0 ], [ 115.137648968, -8.668006964999961, 0.0 ], [ 115.136912031000065, -8.667336034999948, 0.0 ], [ 115.136747015000083, -8.667088018999948, 0.0 ], [ 115.13635096500002, -8.66632203599994, 0.0 ], [ 115.136102978000054, -8.666052010999977, 0.0 ], [ 115.135637991000067, -8.665639018999968, 0.0 ], [ 115.135235020000096, -8.665365977999954, 0.0 ], [ 115.13505796600009, -8.665220040999941, 0.0 ], [ 115.134762017000071, -8.664832005999926, 0.0 ], [ 115.134070014000031, -8.663984041999981, 0.0 ], [ 115.133703983000032, -8.663695000999951, 0.0 ], [ 115.133448996000084, -8.663584023999931, 0.0 ], [ 115.133306029000096, -8.663590013999965, 0.0 ], [ 115.133211012000061, -8.663670989999957, 0.0 ], [ 115.133131969000033, -8.66387, 0.0 ], [ 115.133111985000028, -8.664169989999948, 0.0 ], [ 115.133148024000093, -8.664836957999967, 0.0 ], [ 115.13328401800004, -8.665318034999927, 0.0 ], [ 115.133527005000019, -8.66576600999997, 0.0 ], [ 115.133787989000098, -8.666088975999969, 0.0 ], [ 115.133950013000117, -8.666380997999966, 0.0 ], [ 115.133967025000061, -8.666562037999938, 0.0 ], [ 115.133907035000107, -8.666755987999977, 0.0 ], [ 115.133794030000104, -8.666883967999979, 0.0 ], [ 115.133603999000115, -8.666953993999925, 0.0 ], [ 115.133373010000014, -8.66695901199995, 0.0 ], [ 115.133049983000092, -8.666911967999965, 0.0 ], [ 115.132692979000012, -8.666781961999959, 0.0 ], [ 115.132302017000029, -8.666550012999949, 0.0 ], [ 115.131899006000026, -8.666224995999926, 0.0 ], [ 115.131474978000028, -8.665801985999963, 0.0 ], [ 115.130853035000086, -8.665089036999973, 0.0 ], [ 115.130534017000059, -8.664609956999925, 0.0 ], [ 115.129986964000068, -8.663630006999938, 0.0 ], [ 115.129624004000107, -8.662977979999937, 0.0 ], [ 115.129309971000112, -8.662536976999945, 0.0 ], [ 115.128887036000037, -8.662076007999929, 0.0 ], [ 115.128217975000098, -8.661501028999965, 0.0 ], [ 115.127982030000112, -8.661387973999979, 0.0 ], [ 115.127007024000022, -8.660828034999952, 0.0 ], [ 115.126898036000057, -8.660644013999956, 0.0 ], [ 115.126915026, -8.660525960999962, 0.0 ], [ 115.126939976000017, -8.660177005999969, 0.0 ], [ 115.126809965, -8.660048017999941, 0.0 ], [ 115.126577008000027, -8.659921960999952, 0.0 ], [ 115.125675969000099, -8.659402966999949, 0.0 ], [ 115.125497008000025, -8.659129028999928, 0.0 ], [ 115.125396970000111, -8.658801967999977, 0.0 ], [ 115.125318029000027, -8.658269016999952, 0.0 ], [ 115.125159029000088, -8.657595029999982, 0.0 ], [ 115.125001037000061, -8.657353010999941, 0.0 ], [ 115.124999998000021, -8.657351016999939, 0.0 ], [ 115.124979031000066, -8.657319006999955, 0.0 ], [ 115.124669990000029, -8.656976007999958, 0.0 ], [ 115.124177005000092, -8.65654903899997, 0.0 ], [ 115.123748982000052, -8.656149956999968, 0.0 ], [ 115.123594002000118, -8.655889964999972, 0.0 ], [ 115.123581989000058, -8.655714011999976, 0.0 ], [ 115.123532985000111, -8.655293017999952, 0.0 ], [ 115.123367965000057, -8.654972958999963, 0.0 ], [ 115.123092968000037, -8.65465398799995, 0.0 ], [ 115.1228230050001, -8.654437992999931, 0.0 ], [ 115.122472987000037, -8.654247002999966, 0.0 ], [ 115.122060985000076, -8.654137961999936, 0.0 ], [ 115.121566004000101, -8.653978980999966, 0.0 ], [ 115.12114598900007, -8.653793973999939, 0.0 ], [ 115.120927988000062, -8.653614025999957, 0.0 ], [ 115.120720968000114, -8.653364985999929, 0.0 ], [ 115.120575004000102, -8.653069967999954, 0.0 ], [ 115.120378998000092, -8.652729960999977, 0.0 ], [ 115.120129026000086, -8.652531959999976, 0.0 ], [ 115.119472036000047, -8.652006020999977, 0.0 ], [ 115.119292993000045, -8.651856001999931, 0.0 ], [ 115.119121027, -8.651743979999935, 0.0 ], [ 115.11896398600004, -8.651553032999971, 0.0 ], [ 115.118553979000012, -8.65101303199998, 0.0 ], [ 115.117905963000112, -8.650084007999965, 0.0 ], [ 115.117618012000094, -8.649825981999982, 0.0 ], [ 115.117302020000011, -8.649602978999951, 0.0 ], [ 115.116840001000014, -8.649340028999973, 0.0 ], [ 115.116603, -8.649276043999976, 0.0 ], [ 115.116087014000072, -8.649140001999967, 0.0 ], [ 115.116048035000063, -8.649129957999946, 0.0 ], [ 115.115724016000058, -8.648985008999944, 0.0 ], [ 115.11524100400004, -8.648711016999926, 0.0 ], [ 115.11500598300006, -8.648505041999954, 0.0 ], [ 115.114847975000089, -8.648434032999944, 0.0 ], [ 115.113358997000091, -8.64817297999997, 0.0 ], [ 115.113275974000089, -8.648056965999956, 0.0 ], [ 115.113033021000092, -8.647608984999977, 0.0 ], [ 115.112937987, -8.647467964999976, 0.0 ], [ 115.112798011000109, -8.647310994999941, 0.0 ], [ 115.112706963000051, -8.647197019999965, 0.0 ], [ 115.112645974000088, -8.647094039999956, 0.0 ], [ 115.112600980000025, -8.646922986999925, 0.0 ], [ 115.112544975000105, -8.646766973999945, 0.0 ], [ 115.11252597500004, -8.646610961999954, 0.0 ], [ 115.112513966000051, -8.646405001999938, 0.0 ], [ 115.112574030000019, -8.646438017999969, 0.0 ], [ 115.114379033000091, -8.647424991999969, 0.0 ], [ 115.114959998000018, -8.647780000999944, 0.0 ], [ 115.115484012000024, -8.648108969999953, 0.0 ], [ 115.115968963000114, -8.648249016999955, 0.0 ], [ 115.116091004000054, -8.648277004999954, 0.0 ], [ 115.116253976000053, -8.648313961999975, 0.0 ], [ 115.116347006000069, -8.648330959999953, 0.0 ], [ 115.116978006000068, -8.648733033999974, 0.0 ], [ 115.117569988000014, -8.649073000999977, 0.0 ], [ 115.117715003000058, -8.64913599099998, 0.0 ], [ 115.11843297300004, -8.649659970999949, 0.0 ], [ 115.118554971000094, -8.649757013999931, 0.0 ], [ 115.119359004000103, -8.650358968999967, 0.0 ], [ 115.120572998000057, -8.65117896299995, 0.0 ], [ 115.120739970000045, -8.65130099199996, 0.0 ], [ 115.120958966000103, -8.651688021999973, 0.0 ], [ 115.12104398200006, -8.651856017999933, 0.0 ], [ 115.121514988000058, -8.652151004999951, 0.0 ], [ 115.122146, -8.652644002999978, 0.0 ], [ 115.122311036000042, -8.652779038999938, 0.0 ], [ 115.122497990000056, -8.65286003999995, 0.0 ], [ 115.122586029000104, -8.652916963999928, 0.0 ], [ 115.122892023000077, -8.653118040999971, 0.0 ], [ 115.123054976000049, -8.653204979999941, 0.0 ], [ 115.12355397400006, -8.653657015999954, 0.0 ], [ 115.123949021000044, -8.653982992999943, 0.0 ], [ 115.124451989000022, -8.654480963999958, 0.0 ], [ 115.124891996000088, -8.654956028999948, 0.0 ], [ 115.125000036000074, -8.655088976999934, 0.0 ], [ 115.125001005000058, -8.655089975999942, 0.0 ], [ 115.125124013000118, -8.655240983999931, 0.0 ], [ 115.125291015000016, -8.655493983999975, 0.0 ], [ 115.126262032000113, -8.65620602599995, 0.0 ], [ 115.12716199700003, -8.656941038999946, 0.0 ], [ 115.127706017000037, -8.657365, 0.0 ], [ 115.128841011000077, -8.658368979999977, 0.0 ], [ 115.129337025000041, -8.658988032999957, 0.0 ], [ 115.129636994000066, -8.659348972999965, 0.0 ], [ 115.130439009000042, -8.660048972999959, 0.0 ], [ 115.131320990000063, -8.660818960999961, 0.0 ], [ 115.131596018000096, -8.661058025999978, 0.0 ], [ 115.13197599700004, -8.661312969999926, 0.0 ], [ 115.132631972000013, -8.661672032999945, 0.0 ], [ 115.132758982000041, -8.661741980999977, 0.0 ], [ 115.132994974000098, -8.661861, 0.0 ], [ 115.133308011000054, -8.662018989999979, 0.0 ], [ 115.133596993000083, -8.662223955999934, 0.0 ], [ 115.133879016000037, -8.662534007999966, 0.0 ], [ 115.13431601100001, -8.662909986999978, 0.0 ], [ 115.134529966000059, -8.663046974999929, 0.0 ], [ 115.134680029000037, -8.663106007999943, 0.0 ], [ 115.134889968000039, -8.663237009999932, 0.0 ], [ 115.135200981000025, -8.663487004999979, 0.0 ], [ 115.135259034000114, -8.663549023999963, 0.0 ] ] ] ] } },
{ "type": "Feature", "properties": { "REMARK": "Pasir/Bukit Pasir Laut", "SHAPE_Leng": 0.36055726749, "SHAPE_Area": 0.00116912044 }, "geometry": { "type": "MultiPolygon", "coordinates": [ [ [ [ 115.205143974000066, -8.729165031999969, 0.0 ], [ 115.205295964000015, -8.72923697899995, 0.0 ], [ 115.205516013000079, -8.729225997999947, 0.0 ], [ 115.205755027, -8.729135019999944, 0.0 ], [ 115.205797028, -8.729110993999939, 0.0 ], [ 115.205805031000068, -8.729114014999936, 0.0 ], [ 115.206229997000037, -8.72910698499993, 0.0 ], [ 115.206441022000035, -8.729134015999932, 0.0 ], [ 115.206880028000114, -8.729278004999969, 0.0 ], [ 115.207155036000017, -8.729400971999951, 0.0 ], [ 115.207356983000068, -8.729556043999935, 0.0 ], [ 115.207494035000082, -8.729680978999966, 0.0 ], [ 115.207993965000014, -8.72977698699998, 0.0 ], [ 115.208173021000107, -8.729892990999929, 0.0 ], [ 115.208345036000082, -8.730023966999966, 0.0 ], [ 115.209084982000036, -8.730102034999959, 0.0 ], [ 115.209250025000074, -8.730123965999951, 0.0 ], [ 115.209491024000044, -8.730370967999932, 0.0 ], [ 115.209597032000033, -8.730485, 0.0 ], [ 115.209717985000111, -8.730544957999939, 0.0 ], [ 115.20988696500001, -8.730527044999974, 0.0 ], [ 115.210092031000045, -8.730436987999951, 0.0 ], [ 115.210276985000064, -8.730321978999939, 0.0 ], [ 115.210430005000035, -8.730303989999982, 0.0 ], [ 115.210584976000064, -8.730364017999932, 0.0 ], [ 115.210929966000094, -8.730786959999932, 0.0 ], [ 115.211199991000058, -8.731060040999978, 0.0 ], [ 115.211372035000068, -8.731263961999957, 0.0 ], [ 115.211457991000088, -8.731435026999975, 0.0 ], [ 115.211450004000085, -8.731633036999938, 0.0 ], [ 115.211383014000035, -8.73245103499994, 0.0 ], [ 115.211387998000077, -8.732836035999981, 0.0 ], [ 115.211442979000026, -8.733123016999969, 0.0 ], [ 115.211565977000078, -8.733493026999952, 0.0 ], [ 115.211552036000057, -8.73399698399993, 0.0 ], [ 115.211461973000041, -8.73438903899995, 0.0 ], [ 115.210996019000049, -8.736375000999942, 0.0 ], [ 115.210832999000104, -8.737075035999965, 0.0 ], [ 115.210519012000077, -8.738492969999982, 0.0 ], [ 115.210481981000044, -8.738652968999929, 0.0 ], [ 115.210164967000082, -8.738459027999966, 0.0 ], [ 115.209916967000026, -8.73842197099998, 0.0 ], [ 115.209528029000012, -8.738366983999981, 0.0 ], [ 115.209298025000066, -8.738296023999965, 0.0 ], [ 115.209032986000011, -8.738171025999975, 0.0 ], [ 115.208802976000015, -8.738116969999965, 0.0 ], [ 115.208537979000084, -8.73804602499996, 0.0 ], [ 115.208289985000079, -8.737991973999954, 0.0 ], [ 115.208094981000045, -8.738061014999971, 0.0 ], [ 115.208004970000047, -8.738237032999962, 0.0 ], [ 115.207951032000096, -8.738500991999956, 0.0 ], [ 115.207897029000037, -8.738746961999937, 0.0 ], [ 115.207842975000062, -8.738940956999954, 0.0 ], [ 115.207966963000104, -8.739306995999925, 0.0 ], [ 115.20716897300008, -8.738952954999945, 0.0 ], [ 115.207009994000032, -8.738899955999955, 0.0 ], [ 115.206916963000026, -8.738924011999927, 0.0 ], [ 115.206866972000057, -8.738989037999943, 0.0 ], [ 115.206809027000077, -8.73911901699995, 0.0 ], [ 115.206493982000097, -8.739156032999972, 0.0 ], [ 115.206411029000037, -8.739188, 0.0 ], [ 115.206248985000116, -8.739494020999928, 0.0 ], [ 115.205975025000043, -8.740387957999928, 0.0 ], [ 115.205915035000089, -8.740773011999977, 0.0 ], [ 115.205885018000117, -8.741111022999974, 0.0 ], [ 115.20586701000002, -8.741304012999933, 0.0 ], [ 115.205731984000067, -8.74191396599997, 0.0 ], [ 115.205459985000061, -8.742789019999975, 0.0 ], [ 115.204972998000017, -8.744478020999964, 0.0 ], [ 115.204825989000028, -8.745117021999931, 0.0 ], [ 115.204742963000058, -8.745774042999926, 0.0 ], [ 115.204656031000013, -8.746198016999926, 0.0 ], [ 115.204641003, -8.746457005999957, 0.0 ], [ 115.204693036000094, -8.746670033999976, 0.0 ], [ 115.204881002000093, -8.746991993999927, 0.0 ], [ 115.205376965000028, -8.747498004999954, 0.0 ], [ 115.205557970000086, -8.747709021999981, 0.0 ], [ 115.20567199300001, -8.747965007999937, 0.0 ], [ 115.205728034000117, -8.748280015999967, 0.0 ], [ 115.205714016000115, -8.748468956999943, 0.0 ], [ 115.205196013000091, -8.74902801099995, 0.0 ], [ 115.204836029000035, -8.749355959999946, 0.0 ], [ 115.20450999500008, -8.74955797399997, 0.0 ], [ 115.203945970000063, -8.749728034999976, 0.0 ], [ 115.203678978000084, -8.749806040999943, 0.0 ], [ 115.203643978000059, -8.749822958999971, 0.0 ], [ 115.203616984000064, -8.749810989999958, 0.0 ], [ 115.203291005000096, -8.749797962999935, 0.0 ], [ 115.202318986000023, -8.749634981999975, 0.0 ], [ 115.201661985000101, -8.749489042999926, 0.0 ], [ 115.201241024000069, -8.749468963999959, 0.0 ], [ 115.200931969000067, -8.749521006999942, 0.0 ], [ 115.200553963000061, -8.749668987999939, 0.0 ], [ 115.200198983000064, -8.749906021999948, 0.0 ], [ 115.200044016000106, -8.750000014999955, 0.0 ], [ 115.199583026000028, -8.750279027999966, 0.0 ], [ 115.198719012000083, -8.75071900599994, 0.0 ], [ 115.198202998000056, -8.75090899199995, 0.0 ], [ 115.197485016000087, -8.751117990999944, 0.0 ], [ 115.195480967000094, -8.751676995999958, 0.0 ], [ 115.194045967000079, -8.752251993999948, 0.0 ], [ 115.193626018000032, -8.752487987999928, 0.0 ], [ 115.193481018000057, -8.75262803399994, 0.0 ], [ 115.193388006000077, -8.752818041999944, 0.0 ], [ 115.193334028000095, -8.753133970999954, 0.0 ], [ 115.193474967000043, -8.75326100999996, 0.0 ], [ 115.193619031000026, -8.753315027999975, 0.0 ], [ 115.193955978000076, -8.753337968999972, 0.0 ], [ 115.194844975000024, -8.75329801099997, 0.0 ], [ 115.195779979, -8.753289996999968, 0.0 ], [ 115.196524018000105, -8.753366037999967, 0.0 ], [ 115.196625981000011, -8.753510967999944, 0.0 ], [ 115.19661, -8.753592966999975, 0.0 ], [ 115.196436021000068, -8.753962015999946, 0.0 ], [ 115.196291019000114, -8.754398001999959, 0.0 ], [ 115.196323966000023, -8.754511960999935, 0.0 ], [ 115.196395980000034, -8.754574040999955, 0.0 ], [ 115.196583965000059, -8.754642006999973, 0.0 ], [ 115.196872024000072, -8.754656034999925, 0.0 ], [ 115.197092009000016, -8.754598962999978, 0.0 ], [ 115.197611030000076, -8.754392994999932, 0.0 ], [ 115.198431991, -8.754010033999975, 0.0 ], [ 115.198671970000078, -8.75380002299994, 0.0 ], [ 115.199219008000114, -8.753314968999973, 0.0 ], [ 115.199459022000042, -8.753269017999969, 0.0 ], [ 115.199732981000011, -8.753269959999955, 0.0 ], [ 115.199874967000028, -8.753319988999976, 0.0 ], [ 115.199974030000021, -8.753445018999969, 0.0 ], [ 115.200029012000073, -8.753652004999935, 0.0 ], [ 115.200032984000018, -8.75386995599996, 0.0 ], [ 115.199939999000094, -8.754211009999949, 0.0 ], [ 115.199726014000021, -8.754640974999973, 0.0 ], [ 115.199507009000058, -8.755133014999956, 0.0 ], [ 115.199362973, -8.755617998999981, 0.0 ], [ 115.199359973000014, -8.755930013999944, 0.0 ], [ 115.199431998000023, -8.756239040999958, 0.0 ], [ 115.199566997000034, -8.756635956999958, 0.0 ], [ 115.199593001000039, -8.756697998999925, 0.0 ], [ 115.199630977000083, -8.75682599199996, 0.0 ], [ 115.199707977000116, -8.757285001999946, 0.0 ], [ 115.199721019000094, -8.758000958999958, 0.0 ], [ 115.199724019000087, -8.760212022999951, 0.0 ], [ 115.19973097400009, -8.762394993999976, 0.0 ], [ 115.199686028000087, -8.763932959999977, 0.0 ], [ 115.199568032000116, -8.764160001999926, 0.0 ], [ 115.199362977000078, -8.764399011999956, 0.0 ], [ 115.19899, -8.764743973999941, 0.0 ], [ 115.198622020000016, -8.764985008999929, 0.0 ], [ 115.197222987000032, -8.765845001999935, 0.0 ], [ 115.196813019000047, -8.76619900399993, 0.0 ], [ 115.196529981000026, -8.766524956999945, 0.0 ], [ 115.196352021000052, -8.766862981999964, 0.0 ], [ 115.196264006000092, -8.767166002999943, 0.0 ], [ 115.196216983000113, -8.767623967999953, 0.0 ], [ 115.196106015000055, -8.768210976999967, 0.0 ], [ 115.195928001000084, -8.768529024999964, 0.0 ], [ 115.195680018000076, -8.768842037999946, 0.0 ], [ 115.195379004000074, -8.769274021999934, 0.0 ], [ 115.195173011000065, -8.769706008999947, 0.0 ], [ 115.194903004000025, -8.770466981999959, 0.0 ], [ 115.194885025000076, -8.770714022999925, 0.0 ], [ 115.194939997, -8.771062018999942, 0.0 ], [ 115.195065993000071, -8.77141396899998, 0.0 ], [ 115.195346002000065, -8.771979976999944, 0.0 ], [ 115.195642034000116, -8.772657964999951, 0.0 ], [ 115.195879987000012, -8.773119009999959, 0.0 ], [ 115.196227004000093, -8.773620979999976, 0.0 ], [ 115.196507997000026, -8.773952970999972, 0.0 ], [ 115.197263991000113, -8.774727975999951, 0.0 ], [ 115.197855999000012, -8.775320963999945, 0.0 ], [ 115.198047995000024, -8.775616011999944, 0.0 ], [ 115.198342996000065, -8.776042979999943, 0.0 ], [ 115.198937029000035, -8.776916006999954, 0.0 ], [ 115.199184962000118, -8.77732900999996, 0.0 ], [ 115.200500994000095, -8.779161995999971, 0.0 ], [ 115.201283980000085, -8.780108957999971, 0.0 ], [ 115.20180502200003, -8.780471016999968, 0.0 ], [ 115.202490037000075, -8.780941963999965, 0.0 ], [ 115.20317396400003, -8.78142104099993, 0.0 ], [ 115.203618019000032, -8.781633043999932, 0.0 ], [ 115.20467002700002, -8.782088018999957, 0.0 ], [ 115.205317013000013, -8.782536002999962, 0.0 ], [ 115.206506026000056, -8.783472958999937, 0.0 ], [ 115.207083990000115, -8.784046978999982, 0.0 ], [ 115.207522971000117, -8.784473994999928, 0.0 ], [ 115.207799037000086, -8.784634033999964, 0.0 ], [ 115.208125031, -8.784743961999936, 0.0 ], [ 115.208662024000091, -8.78484603499993, 0.0 ], [ 115.209143, -8.784861968999962, 0.0 ], [ 115.210343027000022, -8.784819036999977, 0.0 ], [ 115.21134901500011, -8.784700968999971, 0.0 ], [ 115.211703018000094, -8.784658989999969, 0.0 ], [ 115.211876013000051, -8.784559023999975, 0.0 ], [ 115.212157023000032, -8.784298040999943, 0.0 ], [ 115.212294986000074, -8.784080038999946, 0.0 ], [ 115.212490033000108, -8.783631989999947, 0.0 ], [ 115.212596005000023, -8.783193009999934, 0.0 ], [ 115.212682027000028, -8.78255398899995, 0.0 ], [ 115.212735015000021, -8.78144197499995, 0.0 ], [ 115.21272797000006, -8.780690970999956, 0.0 ], [ 115.212624020000021, -8.779987956999946, 0.0 ], [ 115.212526983000089, -8.779735033999941, 0.0 ], [ 115.212375030000089, -8.77952596199998, 0.0 ], [ 115.212158971, -8.779339002999961, 0.0 ], [ 115.211930985000095, -8.779216978999955, 0.0 ], [ 115.211796986000081, -8.77921797099998, 0.0 ], [ 115.211674016000075, -8.779279034999945, 0.0 ], [ 115.211459028000036, -8.779462955999975, 0.0 ], [ 115.210917970000082, -8.780006985999933, 0.0 ], [ 115.210726976000046, -8.780328957999927, 0.0 ], [ 115.21046999400005, -8.78090904499993, 0.0 ], [ 115.209934023000073, -8.782172971999955, 0.0 ], [ 115.209655998000017, -8.782639968999945, 0.0 ], [ 115.209109985000055, -8.78343399399995, 0.0 ], [ 115.208819970000036, -8.783713008999939, 0.0 ], [ 115.208586024000056, -8.78384902099998, 0.0 ], [ 115.208400007000023, -8.783867028999964, 0.0 ], [ 115.208179002000065, -8.783804964999945, 0.0 ], [ 115.207925970000019, -8.783654978999948, 0.0 ], [ 115.207737012000052, -8.783474020999961, 0.0 ], [ 115.207432991000019, -8.783096006999926, 0.0 ], [ 115.206576983000105, -8.781885035999949, 0.0 ], [ 115.205864963000067, -8.780809972999975, 0.0 ], [ 115.205283970000096, -8.780165974999932, 0.0 ], [ 115.204857986000093, -8.779764962999934, 0.0 ], [ 115.204416972000104, -8.779482018999943, 0.0 ], [ 115.20384500800003, -8.779204959999959, 0.0 ], [ 115.202266985000051, -8.778488958999958, 0.0 ], [ 115.201797003000024, -8.77815299699995, 0.0 ], [ 115.20147402900011, -8.777837981999937, 0.0 ], [ 115.20112998500008, -8.777401018999967, 0.0 ], [ 115.199989002000052, -8.775834981999935, 0.0 ], [ 115.199043977000088, -8.774832016999937, 0.0 ], [ 115.198291032000043, -8.774092010999937, 0.0 ], [ 115.197811997000031, -8.773521979999941, 0.0 ], [ 115.19700699200007, -8.772654001999967, 0.0 ], [ 115.196148988000118, -8.771806015999971, 0.0 ], [ 115.196015967000108, -8.771542976999967, 0.0 ], [ 115.196011999, -8.771356029999936, 0.0 ], [ 115.196105035000073, -8.771131040999933, 0.0 ], [ 115.196573991000037, -8.770185986999934, 0.0 ], [ 115.196626017000085, -8.769856038999933, 0.0 ], [ 115.196856036000099, -8.768327004999946, 0.0 ], [ 115.19703698100011, -8.767804958999932, 0.0 ], [ 115.197294025000019, -8.767321962999972, 0.0 ], [ 115.197653026000012, -8.766768043999946, 0.0 ], [ 115.19790601200009, -8.766520043999947, 0.0 ], [ 115.198291010000048, -8.766247001999943, 0.0 ], [ 115.199855972000023, -8.765227984999967, 0.0 ], [ 115.200516036000067, -8.76464901199995, 0.0 ], [ 115.200909001000014, -8.764230023999971, 0.0 ], [ 115.201130969000019, -8.763870963999977, 0.0 ], [ 115.201227996000057, -8.763563011999963, 0.0 ], [ 115.201230979000115, -8.763269978999972, 0.0 ], [ 115.201159996000115, -8.762509995999949, 0.0 ], [ 115.201060993000056, -8.76207600999993, 0.0 ], [ 115.200633980000021, -8.760584968999979, 0.0 ], [ 115.200643978000016, -8.76018901499998, 0.0 ], [ 115.200636965000058, -8.75915400599996, 0.0 ], [ 115.200634966000052, -8.758401040999956, 0.0 ], [ 115.200805033000051, -8.757161958999973, 0.0 ], [ 115.200839027000029, -8.756808962999969, 0.0 ], [ 115.201037036000116, -8.755930039999953, 0.0 ], [ 115.20119597200005, -8.755072986999949, 0.0 ], [ 115.201330963000032, -8.754457975999969, 0.0 ], [ 115.201521028000116, -8.753952961999971, 0.0 ], [ 115.201951969000106, -8.75326903399997, 0.0 ], [ 115.202193001000069, -8.752964024999926, 0.0 ], [ 115.202535024000099, -8.75269501899993, 0.0 ], [ 115.202798007000069, -8.752547032999928, 0.0 ], [ 115.203350999, -8.752365984999926, 0.0 ], [ 115.204100021000045, -8.752215966999927, 0.0 ], [ 115.204400998000096, -8.752176989999953, 0.0 ], [ 115.20444499000007, -8.752176023999937, 0.0 ], [ 115.204877025000087, -8.752169034999952, 0.0 ], [ 115.20518598700005, -8.75221497299998, 0.0 ], [ 115.205369036000093, -8.752250008999965, 0.0 ], [ 115.206008986000029, -8.751874033999968, 0.0 ], [ 115.206472014000042, -8.751576039999975, 0.0 ], [ 115.207326004000038, -8.751163021999957, 0.0 ], [ 115.208455028000117, -8.750697972999944, 0.0 ], [ 115.2093169850001, -8.750436030999936, 0.0 ], [ 115.210911991000103, -8.750197980999928, 0.0 ], [ 115.211422997000113, -8.750145980999946, 0.0 ], [ 115.211939027000085, -8.750156011999934, 0.0 ], [ 115.212712024000098, -8.750273014999948, 0.0 ], [ 115.213308036000058, -8.750419008999927, 0.0 ], [ 115.213876008000057, -8.750584032999939, 0.0 ], [ 115.214685025000108, -8.750784994999947, 0.0 ], [ 115.215371002000097, -8.751017010999931, 0.0 ], [ 115.215925022000079, -8.751264042999935, 0.0 ], [ 115.216941010000028, -8.751954, 0.0 ], [ 115.217250001000025, -8.752151967999964, 0.0 ], [ 115.2183050000001, -8.75193601999996, 0.0 ], [ 115.218815985000106, -8.751951983999959, 0.0 ], [ 115.219981004000033, -8.752867982999931, 0.0 ], [ 115.219752976000109, -8.752772992999951, 0.0 ], [ 115.219538011000054, -8.752799008999943, 0.0 ], [ 115.21938203000002, -8.752948957999934, 0.0 ], [ 115.219068008000022, -8.752862963999974, 0.0 ], [ 115.218700993000084, -8.752700970999967, 0.0 ], [ 115.218408037000017, -8.752439986999946, 0.0 ], [ 115.218369990000042, -8.752404012999932, 0.0 ], [ 115.218167005000055, -8.752384977999952, 0.0 ], [ 115.217898988000115, -8.752442018999943, 0.0 ], [ 115.217680967000092, -8.752559042999962, 0.0 ], [ 115.217388964000065, -8.752837971999952, 0.0 ], [ 115.216989030000036, -8.753389012999946, 0.0 ], [ 115.216805980000117, -8.75374700499998, 0.0 ], [ 115.216481988000055, -8.754763016999959, 0.0 ], [ 115.216378998000096, -8.75516197099995, 0.0 ], [ 115.216264973000079, -8.755612035999945, 0.0 ], [ 115.216028967000057, -8.756058993999943, 0.0 ], [ 115.215818980000108, -8.756581008999945, 0.0 ], [ 115.215818001000116, -8.756581998999934, 0.0 ], [ 115.215722014000107, -8.756895023999959, 0.0 ], [ 115.215669004, -8.757247029999974, 0.0 ], [ 115.215685979000114, -8.75733298199998, 0.0 ], [ 115.216279003000068, -8.757526957999971, 0.0 ], [ 115.216452993000075, -8.75757704199998, 0.0 ], [ 115.216578981000112, -8.757683032999978, 0.0 ], [ 115.216750974000092, -8.757931968999969, 0.0 ], [ 115.216926034000039, -8.758575026999949, 0.0 ], [ 115.217028026000094, -8.758951988999968, 0.0 ], [ 115.217047013000069, -8.759009024999955, 0.0 ], [ 115.217146019000097, -8.759304982999936, 0.0 ], [ 115.217280008000102, -8.759635000999936, 0.0 ], [ 115.217320010000094, -8.759811001999935, 0.0 ], [ 115.217273964000015, -8.759944021999956, 0.0 ], [ 115.217131970000082, -8.760083006999935, 0.0 ], [ 115.21691703700003, -8.76017997799994, 0.0 ], [ 115.216565990000049, -8.760219992999964, 0.0 ], [ 115.216388997000081, -8.760233981999932, 0.0 ], [ 115.216230998000015, -8.760319017999961, 0.0 ], [ 115.216055997000012, -8.760527990999947, 0.0 ], [ 115.215959021000117, -8.760780990999933, 0.0 ], [ 115.215926037000031, -8.762339005999934, 0.0 ], [ 115.215903997000055, -8.762812010999937, 0.0 ], [ 115.21581500100001, -8.76327701699995, 0.0 ], [ 115.215709034000042, -8.763811995999959, 0.0 ], [ 115.215627030000064, -8.764491985999939, 0.0 ], [ 115.215591026000084, -8.76545701699996, 0.0 ], [ 115.215593007000052, -8.765826998999955, 0.0 ], [ 115.215593028000058, -8.765854025999943, 0.0 ], [ 115.2161700260001, -8.767556021999951, 0.0 ], [ 115.216371027000037, -8.768181033999952, 0.0 ], [ 115.216505986000016, -8.76862196899998, 0.0 ], [ 115.216944036000086, -8.769447955999965, 0.0 ], [ 115.217256, -8.770078011999942, 0.0 ], [ 115.217475972000102, -8.770764037999982, 0.0 ], [ 115.217604022000046, -8.771397021999974, 0.0 ], [ 115.217645970000035, -8.772248980999962, 0.0 ], [ 115.217612990000021, -8.772596018999934, 0.0 ], [ 115.217493033000096, -8.772999954999932, 0.0 ], [ 115.217364012000075, -8.773230024999975, 0.0 ], [ 115.215769002000116, -8.774074971999937, 0.0 ], [ 115.215212972000018, -8.774305010999967, 0.0 ], [ 115.214942996000104, -8.774407954999958, 0.0 ], [ 115.214722966000068, -8.774566003999951, 0.0 ], [ 115.214424024000095, -8.774911963999955, 0.0 ], [ 115.214134026000011, -8.775331001999973, 0.0 ], [ 115.21401198, -8.775575023999977, 0.0 ], [ 115.213962977000051, -8.775824000999933, 0.0 ], [ 115.214004964000083, -8.776289986999927, 0.0 ], [ 115.214213972000039, -8.777245960999949, 0.0 ], [ 115.214362988000062, -8.777709018999929, 0.0 ], [ 115.214572997, -8.778079984999977, 0.0 ], [ 115.214839981000068, -8.778430971999967, 0.0 ], [ 115.215148016000057, -8.77911497599996, 0.0 ], [ 115.215614028000118, -8.780613972999959, 0.0 ], [ 115.216143972000054, -8.782801964999976, 0.0 ], [ 115.216309997000053, -8.783376012999952, 0.0 ], [ 115.216706020000061, -8.78429499799995, 0.0 ], [ 115.216934970000011, -8.784718028999976, 0.0 ], [ 115.217262006000055, -8.785143963999928, 0.0 ], [ 115.217562029000078, -8.785435990999929, 0.0 ], [ 115.218120975000033, -8.785869981999952, 0.0 ], [ 115.2186589800001, -8.786248010999941, 0.0 ], [ 115.219566992000068, -8.786638996999955, 0.0 ], [ 115.219900966000068, -8.786789991999967, 0.0 ], [ 115.220111012000075, -8.786950976999947, 0.0 ], [ 115.220223026000099, -8.787082030999954, 0.0 ], [ 115.220226010000033, -8.787132031999931, 0.0 ], [ 115.220034, -8.787149022999927, 0.0 ], [ 115.219486035000045, -8.787113983999973, 0.0 ], [ 115.217887011000016, -8.787091963999956, 0.0 ], [ 115.21754803400006, -8.787156979999963, 0.0 ], [ 115.217358000000104, -8.787184011999955, 0.0 ], [ 115.216904017000047, -8.786976042999981, 0.0 ], [ 115.215626022000038, -8.78639600899993, 0.0 ], [ 115.21545698500006, -8.786341968999977, 0.0 ], [ 115.215268031000051, -8.786347039999953, 0.0 ], [ 115.214994996000087, -8.786444996999933, 0.0 ], [ 115.214798015000042, -8.786577029999933, 0.0 ], [ 115.214644012, -8.786857959999963, 0.0 ], [ 115.214591020000057, -8.786937975999933, 0.0 ], [ 115.214474016000054, -8.787020039999959, 0.0 ], [ 115.214410031000057, -8.787048028999948, 0.0 ], [ 115.214345963000028, -8.787062007999964, 0.0 ], [ 115.213904015000026, -8.786860961999935, 0.0 ], [ 115.213134971000045, -8.786576018999938, 0.0 ], [ 115.212654005000104, -8.786353997999981, 0.0 ], [ 115.212233030000107, -8.78614003399997, 0.0 ], [ 115.210526002000051, -8.785778955999945, 0.0 ], [ 115.209790013000088, -8.785744005999959, 0.0 ], [ 115.208995, -8.785608980999939, 0.0 ], [ 115.208275968000066, -8.785570040999971, 0.0 ], [ 115.208135026000036, -8.785565031999965, 0.0 ], [ 115.208088011000086, -8.785554955999942, 0.0 ], [ 115.207934014000102, -8.785475040999927, 0.0 ], [ 115.207828976000087, -8.78529701399998, 0.0 ], [ 115.207786989000056, -8.785191960999953, 0.0 ], [ 115.207077982000101, -8.784579986999972, 0.0 ], [ 115.206114982000031, -8.783878038999944, 0.0 ], [ 115.204502024000021, -8.782333986999959, 0.0 ], [ 115.204294014000084, -8.782157004999931, 0.0 ], [ 115.204084975000114, -8.782053957999949, 0.0 ], [ 115.20366901500006, -8.781968003999964, 0.0 ], [ 115.202874027, -8.781954996999957, 0.0 ], [ 115.202594020000106, -8.781944984999939, 0.0 ], [ 115.202333976000091, -8.781867003999935, 0.0 ], [ 115.202119003, -8.781719997999971, 0.0 ], [ 115.201766023, -8.781363982999949, 0.0 ], [ 115.20151798400002, -8.781173973999955, 0.0 ], [ 115.201295015000028, -8.78108495999993, 0.0 ], [ 115.201035, -8.781063019999976, 0.0 ], [ 115.200796980000064, -8.781126965999931, 0.0 ], [ 115.200379008000027, -8.781319040999961, 0.0 ], [ 115.199998022000045, -8.781424968999943, 0.0 ], [ 115.199679035000031, -8.781464031999974, 0.0 ], [ 115.199642983000103, -8.78146503499994, 0.0 ], [ 115.199610979000113, -8.781465966999974, 0.0 ], [ 115.19913998800007, -8.78147899399994, 0.0 ], [ 115.198487028000045, -8.781510042999969, 0.0 ], [ 115.197539032, -8.781632963999925, 0.0 ], [ 115.197501013000078, -8.78163802499995, 0.0 ], [ 115.197278001000086, -8.78165096999993, 0.0 ], [ 115.197123016000091, -8.781606027999942, 0.0 ], [ 115.197008003000064, -8.781493031999958, 0.0 ], [ 115.196958969000093, -8.781358025999964, 0.0 ], [ 115.197228971000072, -8.780847976999951, 0.0 ], [ 115.197522006000099, -8.780378983999981, 0.0 ], [ 115.197595033000084, -8.780200992999937, 0.0 ], [ 115.19759297500002, -8.780053012999929, 0.0 ], [ 115.197474967000062, -8.779799988999969, 0.0 ], [ 115.197176982000087, -8.779432030999942, 0.0 ], [ 115.196819007000045, -8.779134018999969, 0.0 ], [ 115.195478972000046, -8.778100955999946, 0.0 ], [ 115.194856967000078, -8.77755898199996, 0.0 ], [ 115.194792003000089, -8.777495035999948, 0.0 ], [ 115.194303002000083, -8.776910038999972, 0.0 ], [ 115.19389298100009, -8.77637296499995, 0.0 ], [ 115.19377496300001, -8.776169021999976, 0.0 ], [ 115.193695001000037, -8.775874960999943, 0.0 ], [ 115.193703988000038, -8.775116988999969, 0.0 ], [ 115.19370802800006, -8.774452005999933, 0.0 ], [ 115.193925988000046, -8.77356098599995, 0.0 ], [ 115.194037997, -8.773069977999967, 0.0 ], [ 115.194078012000091, -8.772745034999957, 0.0 ], [ 115.194028013000093, -8.772438010999963, 0.0 ], [ 115.193837987000052, -8.771999972999936, 0.0 ], [ 115.193665991000103, -8.771739006999951, 0.0 ], [ 115.193384016000095, -8.771456000999933, 0.0 ], [ 115.193057020000083, -8.771246989999952, 0.0 ], [ 115.192672974000061, -8.771058043999972, 0.0 ], [ 115.19252700200002, -8.770947971999931, 0.0 ], [ 115.192293988000074, -8.770505028999935, 0.0 ], [ 115.192217975000062, -8.76996801699994, 0.0 ], [ 115.192196022000076, -8.769672967999952, 0.0 ], [ 115.192096966, -8.769376012999942, 0.0 ], [ 115.191917969000087, -8.768936039999971, 0.0 ], [ 115.191689034000092, -8.767928988999927, 0.0 ], [ 115.19158896700003, -8.767577975999927, 0.0 ], [ 115.191443025000012, -8.767276005999975, 0.0 ], [ 115.191214991000038, -8.766996963999929, 0.0 ], [ 115.191026020000095, -8.766852970999935, 0.0 ], [ 115.190837975000022, -8.766781023999954, 0.0 ], [ 115.190502001000027, -8.766818010999941, 0.0 ], [ 115.190433005000045, -8.766828978999968, 0.0 ], [ 115.190368977000048, -8.766819994999935, 0.0 ], [ 115.19034302700004, -8.76680902399994, 0.0 ], [ 115.190322013000014, -8.766799974999969, 0.0 ], [ 115.190239964000057, -8.766721031999964, 0.0 ], [ 115.190161017000037, -8.766605044999949, 0.0 ], [ 115.190165965, -8.766140009999958, 0.0 ], [ 115.190145963000077, -8.765952986999935, 0.0 ], [ 115.190034965000109, -8.765724038999963, 0.0 ], [ 115.18992198, -8.76559595699996, 0.0 ], [ 115.18978202400001, -8.765544034999948, 0.0 ], [ 115.189645010000049, -8.765549976999978, 0.0 ], [ 115.189216021000107, -8.765961998999956, 0.0 ], [ 115.189022971000099, -8.766149989999974, 0.0 ], [ 115.188845988000025, -8.76623898899993, 0.0 ], [ 115.188670037000065, -8.76625396399993, 0.0 ], [ 115.187880025000027, -8.765871981999965, 0.0 ], [ 115.187247029000105, -8.765562974999966, 0.0 ], [ 115.187005022000108, -8.765431018999948, 0.0 ], [ 115.186877002000074, -8.765312987999948, 0.0 ], [ 115.186807002000023, -8.764743012999929, 0.0 ], [ 115.186760976000073, -8.764576021999972, 0.0 ], [ 115.186710990000051, -8.764453032999938, 0.0 ], [ 115.186708037000017, -8.76441297599996, 0.0 ], [ 115.186905979000016, -8.76406601399998, 0.0 ], [ 115.187130022000019, -8.763637011999947, 0.0 ], [ 115.187184987000023, -8.763444021999931, 0.0 ], [ 115.187167987000066, -8.763318025999979, 0.0 ], [ 115.18712903100004, -8.763254023999934, 0.0 ], [ 115.187105963000022, -8.763236015999951, 0.0 ], [ 115.186745029, -8.763043018999952, 0.0 ], [ 115.186463023000101, -8.762876974999926, 0.0 ], [ 115.186175997000078, -8.762788008999962, 0.0 ], [ 115.185988020000082, -8.762779965999925, 0.0 ], [ 115.185779019000051, -8.762857963999977, 0.0 ], [ 115.185632005000116, -8.762979013999939, 0.0 ], [ 115.185532022000075, -8.763167990999932, 0.0 ], [ 115.185484001000077, -8.763644025999952, 0.0 ], [ 115.185502030000066, -8.764221976999977, 0.0 ], [ 115.185510966000038, -8.764495991999979, 0.0 ], [ 115.185465029000056, -8.764665975999947, 0.0 ], [ 115.185338975000036, -8.764838015999942, 0.0 ], [ 115.18500903000006, -8.76506900499993, 0.0 ], [ 115.184633035000047, -8.765307996999979, 0.0 ], [ 115.184411018000105, -8.765534984999931, 0.0 ], [ 115.184326974000101, -8.765604994999933, 0.0 ], [ 115.183691998000086, -8.765611975999946, 0.0 ], [ 115.183650028000102, -8.765613038999959, 0.0 ], [ 115.183619017000069, -8.765455972999973, 0.0 ], [ 115.183653031000063, -8.765365023999948, 0.0 ], [ 115.18387000700011, -8.765281009999967, 0.0 ], [ 115.183979989000022, -8.765239958999928, 0.0 ], [ 115.184069993000094, -8.765131019999956, 0.0 ], [ 115.184136967000086, -8.764842002999956, 0.0 ], [ 115.184138989000076, -8.764765, 0.0 ], [ 115.183287981000035, -8.764770038999927, 0.0 ], [ 115.18304101800004, -8.764763969999933, 0.0 ], [ 115.182835023000052, -8.764700971999957, 0.0 ], [ 115.18276103300002, -8.764645025999926, 0.0 ], [ 115.182761011000025, -8.764448970999979, 0.0 ], [ 115.182781987000112, -8.764327044999959, 0.0 ], [ 115.182728982000071, -8.764038987999982, 0.0 ], [ 115.182577014000117, -8.763699023999948, 0.0 ], [ 115.18205003300011, -8.763056979999931, 0.0 ], [ 115.18177598300008, -8.762704044999964, 0.0 ], [ 115.181329964000042, -8.761562985999944, 0.0 ], [ 115.180943008000099, -8.759463986999947, 0.0 ], [ 115.180876993000084, -8.758969959999945, 0.0 ], [ 115.180885000000103, -8.758479000999955, 0.0 ], [ 115.181041981000021, -8.757709994999971, 0.0 ], [ 115.181226981, -8.75708095799996, 0.0 ], [ 115.18123301300011, -8.75705802799996, 0.0 ], [ 115.181467997000027, -8.756566984999949, 0.0 ], [ 115.181979978000072, -8.755620983999961, 0.0 ], [ 115.182103014000063, -8.755421994999949, 0.0 ], [ 115.182137978000014, -8.755382028999975, 0.0 ], [ 115.182174989000032, -8.755337011999927, 0.0 ], [ 115.182492997000054, -8.75486200499995, 0.0 ], [ 115.1828130130001, -8.754219964999947, 0.0 ], [ 115.183109037, -8.753502966999974, 0.0 ], [ 115.183180019000019, -8.753144007999936, 0.0 ], [ 115.183295011000041, -8.752501976999952, 0.0 ], [ 115.183508974, -8.751817033999941, 0.0 ], [ 115.183621012000117, -8.751412985999934, 0.0 ], [ 115.183758029000046, -8.750879980999969, 0.0 ], [ 115.184014968000042, -8.750000994999937, 0.0 ], [ 115.184014973000103, -8.750000000999933, 0.0 ], [ 115.184130998000114, -8.749607992999927, 0.0 ], [ 115.184301972000071, -8.749102989999926, 0.0 ], [ 115.18464102400003, -8.748350039999934, 0.0 ], [ 115.18475197600003, -8.748045956999931, 0.0 ], [ 115.184740998000052, -8.747899020999967, 0.0 ], [ 115.184616003000087, -8.747528996999961, 0.0 ], [ 115.184591976000092, -8.747337976999972, 0.0 ], [ 115.184490966000112, -8.74614696499998, 0.0 ], [ 115.18446197500009, -8.745340997999961, 0.0 ], [ 115.184420984000099, -8.745063031999962, 0.0 ], [ 115.184339016000081, -8.744921991999945, 0.0 ], [ 115.184138978000078, -8.744775956999945, 0.0 ], [ 115.184037013000079, -8.744633012999941, 0.0 ], [ 115.184006015000023, -8.744457958999931, 0.0 ], [ 115.184057014000018, -8.744262960999947, 0.0 ], [ 115.184212972000068, -8.743979973999956, 0.0 ], [ 115.18467397500001, -8.743403958999977, 0.0 ], [ 115.18484697100007, -8.743285020999963, 0.0 ], [ 115.185154027000067, -8.743196011999942, 0.0 ], [ 115.18548501500004, -8.743100970999933, 0.0 ], [ 115.185516993000078, -8.743151018999981, 0.0 ], [ 115.18574396300005, -8.743429965999951, 0.0 ], [ 115.185864005000099, -8.74349200599994, 0.0 ], [ 115.185983025000041, -8.743377961999954, 0.0 ], [ 115.186050023, -8.74320599899994, 0.0 ], [ 115.186079987000085, -8.742991013999927, 0.0 ], [ 115.186079985000106, -8.742465032999974, 0.0 ], [ 115.186110029000019, -8.742032026999937, 0.0 ], [ 115.186264967000056, -8.741448033999973, 0.0 ], [ 115.186437989000069, -8.741153014999952, 0.0 ], [ 115.186620986000094, -8.741041987999949, 0.0 ], [ 115.186656990000074, -8.741019020999943, 0.0 ], [ 115.187028990000044, -8.740779006999958, 0.0 ], [ 115.187200027000017, -8.740723963999926, 0.0 ], [ 115.18736797400004, -8.740749986999958, 0.0 ], [ 115.187656036000021, -8.740853957999946, 0.0 ], [ 115.18793800100002, -8.740917042999968, 0.0 ], [ 115.188203010000052, -8.740938015999973, 0.0 ], [ 115.188476015000106, -8.740885990999971, 0.0 ], [ 115.188723997000011, -8.740740020999965, 0.0 ], [ 115.18882102900011, -8.74058600799998, 0.0 ], [ 115.188872977000074, -8.740348981999944, 0.0 ], [ 115.188945010000111, -8.740064957999948, 0.0 ], [ 115.189344989, -8.739741011999968, 0.0 ], [ 115.189385014000095, -8.739599019999957, 0.0 ], [ 115.189349002000085, -8.739514964999955, 0.0 ], [ 115.189256019000027, -8.739466974999971, 0.0 ], [ 115.188982970000097, -8.739404023999953, 0.0 ], [ 115.188892010000018, -8.739356043999976, 0.0 ], [ 115.188754971000094, -8.739338033999957, 0.0 ], [ 115.18867801600004, -8.73930702399997, 0.0 ], [ 115.188418016000014, -8.739241964999962, 0.0 ], [ 115.187851005000084, -8.739025028999947, 0.0 ], [ 115.187644033000083, -8.738840998999933, 0.0 ], [ 115.187448025000094, -8.738590040999952, 0.0 ], [ 115.187288005000028, -8.738210992999939, 0.0 ], [ 115.187175988000035, -8.737760041999934, 0.0 ], [ 115.18714400600004, -8.737385039999936, 0.0 ], [ 115.187167996000085, -8.736995029999946, 0.0 ], [ 115.187253033000047, -8.736020034999967, 0.0 ], [ 115.187275032000116, -8.736166030999925, 0.0 ], [ 115.187359969000113, -8.73656098999993, 0.0 ], [ 115.187539002000108, -8.737393979999979, 0.0 ], [ 115.18768302400008, -8.737843004999945, 0.0 ], [ 115.187852995000071, -8.738116976999947, 0.0 ], [ 115.188276996000013, -8.738621031999969, 0.0 ], [ 115.188489999000012, -8.738751037999975, 0.0 ], [ 115.188699988000053, -8.738775994999969, 0.0 ], [ 115.188920965000079, -8.738759967999954, 0.0 ], [ 115.188984995000055, -8.738751957999966, 0.0 ], [ 115.189416990000041, -8.738795962999973, 0.0 ], [ 115.189690030000065, -8.738782985999933, 0.0 ], [ 115.189757001000089, -8.738678000999926, 0.0 ], [ 115.189907024000036, -8.738349967999966, 0.0 ], [ 115.190050007000082, -8.738130007999928, 0.0 ], [ 115.190270981000026, -8.737897041999929, 0.0 ], [ 115.190596001000017, -8.737670990999959, 0.0 ], [ 115.190652992000082, -8.73763103899995, 0.0 ], [ 115.191235020000022, -8.737329020999937, 0.0 ], [ 115.191593986000044, -8.737148958999967, 0.0 ], [ 115.192082968000022, -8.736795965999931, 0.0 ], [ 115.192234991000078, -8.736690030999966, 0.0 ], [ 115.192305996000073, -8.736633965999943, 0.0 ], [ 115.192716037000082, -8.736241998999958, 0.0 ], [ 115.192700983, -8.736085008999964, 0.0 ], [ 115.192719017000059, -8.73594996099996, 0.0 ], [ 115.192830037000022, -8.735815988999946, 0.0 ], [ 115.192928997000081, -8.735789976999968, 0.0 ], [ 115.193070010000042, -8.73588501699993, 0.0 ], [ 115.193240021000065, -8.736089024999956, 0.0 ], [ 115.19342197800006, -8.736302038999952, 0.0 ], [ 115.193528026000081, -8.736329028999933, 0.0 ], [ 115.19368097600011, -8.736294957999974, 0.0 ], [ 115.193760022000106, -8.73631196599996, 0.0 ], [ 115.193774974, -8.736459012999944, 0.0 ], [ 115.193707031000031, -8.73659499799993, 0.0 ], [ 115.193714998000019, -8.736729988999969, 0.0 ], [ 115.193816976000107, -8.736871032999943, 0.0 ], [ 115.193930967000028, -8.736897969999973, 0.0 ], [ 115.194166989000109, -8.736853989999929, 0.0 ], [ 115.194466974000079, -8.736816007999948, 0.0 ], [ 115.194680967000068, -8.736943031999942, 0.0 ], [ 115.194723003000036, -8.736911956999961, 0.0 ], [ 115.194934963000037, -8.736683012999947, 0.0 ], [ 115.195089029000087, -8.736448007999968, 0.0 ], [ 115.195172973000012, -8.736179042999936, 0.0 ], [ 115.19524101200011, -8.735726961999944, 0.0 ], [ 115.195274993000112, -8.734877992999941, 0.0 ], [ 115.195235985000068, -8.733812010999941, 0.0 ], [ 115.195130021000068, -8.73278602399995, 0.0 ], [ 115.194973965000031, -8.732063962999973, 0.0 ], [ 115.194912995000095, -8.731841040999939, 0.0 ], [ 115.194923018000054, -8.731611043999976, 0.0 ], [ 115.194886995000047, -8.731419967999955, 0.0 ], [ 115.194769988000076, -8.731147967999959, 0.0 ], [ 115.194566996000049, -8.730961970999942, 0.0 ], [ 115.194922972000086, -8.730966015999968, 0.0 ], [ 115.195140992, -8.731267963999926, 0.0 ], [ 115.195236991000115, -8.731468003999964, 0.0 ], [ 115.195239966000031, -8.731644008999979, 0.0 ], [ 115.19524900600004, -8.731821036999975, 0.0 ], [ 115.195351001000063, -8.732192033999979, 0.0 ], [ 115.195422999000016, -8.732615042999953, 0.0 ], [ 115.19549702200004, -8.732990968999957, 0.0 ], [ 115.195528988000092, -8.733340028999976, 0.0 ], [ 115.195588034000025, -8.733557970999925, 0.0 ], [ 115.195638012000018, -8.735553041999935, 0.0 ], [ 115.195638979000023, -8.736021993999941, 0.0 ], [ 115.195707005000031, -8.736413979999952, 0.0 ], [ 115.195778029000053, -8.736758977999955, 0.0 ], [ 115.195761025000024, -8.736976015999971, 0.0 ], [ 115.195688014000098, -8.737153014999933, 0.0 ], [ 115.195571021000092, -8.737235978999934, 0.0 ], [ 115.195290032000116, -8.737047983999958, 0.0 ], [ 115.195163990000083, -8.736955998999974, 0.0 ], [ 115.19510897300006, -8.736943985999972, 0.0 ], [ 115.195062982000081, -8.737064980999946, 0.0 ], [ 115.195072993000053, -8.73736702399998, 0.0 ], [ 115.195072988000106, -8.737368017999927, 0.0 ], [ 115.1951, -8.737454017999937, 0.0 ], [ 115.195164026000043, -8.737696027999959, 0.0 ], [ 115.195334037000066, -8.737916034999955, 0.0 ], [ 115.195470005000061, -8.738001016999931, 0.0 ], [ 115.195685991, -8.738041003999967, 0.0 ], [ 115.195841009000105, -8.737950988999955, 0.0 ], [ 115.19604898800003, -8.73772401399998, 0.0 ], [ 115.196158963000016, -8.737511034999955, 0.0 ], [ 115.196283990000097, -8.737113006999948, 0.0 ], [ 115.196312964000072, -8.736821995999946, 0.0 ], [ 115.196201033000079, -8.736647008999967, 0.0 ], [ 115.196133024, -8.736453971999936, 0.0 ], [ 115.196211019000089, -8.736222038999927, 0.0 ], [ 115.196287029000018, -8.735873040999934, 0.0 ], [ 115.196513970000069, -8.734459956999956, 0.0 ], [ 115.196698002000062, -8.73399197599997, 0.0 ], [ 115.19695003400011, -8.733563004999951, 0.0 ], [ 115.19713699700003, -8.733404986999972, 0.0 ], [ 115.197306978000029, -8.733366022999974, 0.0 ], [ 115.197509024000055, -8.733453035999958, 0.0 ], [ 115.19790901500005, -8.733669976999977, 0.0 ], [ 115.198186985, -8.733878021999942, 0.0 ], [ 115.198490002000085, -8.734082027999932, 0.0 ], [ 115.19866198200009, -8.734048043999962, 0.0 ], [ 115.198949964, -8.733918977999963, 0.0 ], [ 115.199201970000104, -8.733728998999936, 0.0 ], [ 115.199284035, -8.733601032999957, 0.0 ], [ 115.199307967000095, -8.733469989999946, 0.0 ], [ 115.199288989000024, -8.733240035999927, 0.0 ], [ 115.199324993, -8.733075965999944, 0.0 ], [ 115.199443980000069, -8.732904969999936, 0.0 ], [ 115.200169984000013, -8.732187005999947, 0.0 ], [ 115.200518030000012, -8.732017005999978, 0.0 ], [ 115.201152036000053, -8.731670019999967, 0.0 ], [ 115.201426972000036, -8.731666984999947, 0.0 ], [ 115.20169003, -8.731766035999954, 0.0 ], [ 115.20196402900001, -8.731989967999937, 0.0 ], [ 115.202242030000093, -8.732363967999959, 0.0 ], [ 115.202282998000101, -8.73246196599996, 0.0 ], [ 115.202486001000011, -8.732724971999971, 0.0 ], [ 115.202607036000018, -8.732830036999928, 0.0 ], [ 115.202954036000051, -8.732940964999955, 0.0 ], [ 115.20333701200002, -8.732971975999931, 0.0 ], [ 115.203881035000109, -8.732982959999958, 0.0 ], [ 115.204205005000063, -8.732990007999945, 0.0 ], [ 115.20440097900007, -8.732936972999937, 0.0 ], [ 115.204583011000068, -8.732791039999938, 0.0 ], [ 115.204788027000063, -8.732476996999935, 0.0 ], [ 115.204926033000106, -8.732229978999953, 0.0 ], [ 115.205235978000019, -8.731973016999973, 0.0 ], [ 115.205407972000103, -8.731842040999936, 0.0 ], [ 115.205493001000036, -8.731735962999949, 0.0 ], [ 115.205512964000036, -8.731603994999944, 0.0 ], [ 115.205439999000077, -8.731475022999973, 0.0 ], [ 115.204988974000116, -8.731525044999955, 0.0 ], [ 115.204811995000114, -8.731539030999954, 0.0 ], [ 115.204674025000031, -8.731480979999958, 0.0 ], [ 115.204351022000083, -8.730989981999926, 0.0 ], [ 115.204272002000039, -8.730810994999956, 0.0 ], [ 115.204391002000079, -8.730385996999928, 0.0 ], [ 115.204173983000032, -8.730202017999943, 0.0 ], [ 115.20407302600006, -8.73012895599993, 0.0 ], [ 115.204032015000053, -8.729992993999929, 0.0 ], [ 115.204085020000093, -8.729798993999964, 0.0 ], [ 115.204328967000038, -8.729648020999946, 0.0 ], [ 115.204442004000043, -8.729560966999941, 0.0 ], [ 115.204506972000104, -8.729434997999931, 0.0 ], [ 115.204519031000018, -8.729154028999972, 0.0 ], [ 115.204529023000077, -8.728929002999962, 0.0 ], [ 115.204575032000093, -8.728819032999979, 0.0 ], [ 115.204678017000106, -8.728797012999962, 0.0 ], [ 115.204839005000053, -8.728852009999969, 0.0 ], [ 115.204977011000096, -8.728965018999929, 0.0 ], [ 115.205143974000066, -8.729165031999969, 0.0 ] ], [ [ 115.188163006000082, -8.765589965999936, 0.0 ], [ 115.188501976000111, -8.76564600699993, 0.0 ], [ 115.188699003000011, -8.765626974999975, 0.0 ], [ 115.188821001000065, -8.765565009999932, 0.0 ], [ 115.188916008000092, -8.765443980999976, 0.0 ], [ 115.188972999000043, -8.765235000999951, 0.0 ], [ 115.188965974000098, -8.764968043999943, 0.0 ], [ 115.188860003000059, -8.764443995999954, 0.0 ], [ 115.188757027000065, -8.764198996999937, 0.0 ], [ 115.188622031000023, -8.764036008999938, 0.0 ], [ 115.188504015000035, -8.76397198899997, 0.0 ], [ 115.188295983000103, -8.763957975999972, 0.0 ], [ 115.188170969000112, -8.763992989999963, 0.0 ], [ 115.188043995000044, -8.76412299499998, 0.0 ], [ 115.187880998000082, -8.764557983999964, 0.0 ], [ 115.187836965000088, -8.764660004999939, 0.0 ], [ 115.18779599800007, -8.764686020999932, 0.0 ], [ 115.187720028000058, -8.764960985999949, 0.0 ], [ 115.187709992, -8.76512996699995, 0.0 ], [ 115.18776399300009, -8.765275030999931, 0.0 ], [ 115.187960984000028, -8.765479986999935, 0.0 ], [ 115.188163006000082, -8.765589965999936, 0.0 ] ], [ [ 115.214057, -8.756816025999967, 0.0 ], [ 115.213948975000108, -8.756762003999938, 0.0 ], [ 115.213852010000096, -8.756777002999968, 0.0 ], [ 115.213775995000105, -8.756845974999976, 0.0 ], [ 115.213750997000034, -8.756980991999967, 0.0 ], [ 115.213761965000117, -8.757352009999977, 0.0 ], [ 115.213818963000108, -8.757671993999963, 0.0 ], [ 115.213880992000099, -8.758147022999935, 0.0 ], [ 115.213920977000043, -8.758389008999927, 0.0 ], [ 115.214010998000049, -8.758510016999935, 0.0 ], [ 115.21414697900002, -8.758578994999937, 0.0 ], [ 115.214193, -8.758577042999946, 0.0 ], [ 115.214221972000018, -8.75842595499995, 0.0 ], [ 115.214183996000088, -8.758186960999979, 0.0 ], [ 115.214165993000051, -8.757798011999967, 0.0 ], [ 115.214127024000049, -8.756919041999936, 0.0 ], [ 115.214057, -8.756816025999967, 0.0 ] ] ] ] } },
{ "type": "Feature", "properties": { "REMARK": "Pasir/Bukit Pasir Laut", "SHAPE_Leng": 0.00823319062, "SHAPE_Area": 2.69891e-06 }, "geometry": { "type": "MultiPolygon", "coordinates": [ [ [ [ 115.236067969000032, -8.799066978999974, 0.0 ], [ 115.236117032000038, -8.798961991999931, 0.0 ], [ 115.236338967000052, -8.79892597099996, 0.0 ], [ 115.236534969000104, -8.798922007999977, 0.0 ], [ 115.236587018000023, -8.79902502799996, 0.0 ], [ 115.236729012000069, -8.799696042999926, 0.0 ], [ 115.236846971000091, -8.800092965999966, 0.0 ], [ 115.23699299000009, -8.800372962999973, 0.0 ], [ 115.237219974000027, -8.800648004999971, 0.0 ], [ 115.237763979000079, -8.801065996999967, 0.0 ], [ 115.238192004000098, -8.801429027999973, 0.0 ], [ 115.238228028000094, -8.801465985999926, 0.0 ], [ 115.238226974000099, -8.801466975999972, 0.0 ], [ 115.237920983000095, -8.801844015999961, 0.0 ], [ 115.237751966000019, -8.80198902799998, 0.0 ], [ 115.237577994000048, -8.80205700199997, 0.0 ], [ 115.237428030000046, -8.802056027999981, 0.0 ], [ 115.237180981000051, -8.801919010999939, 0.0 ], [ 115.236938035000094, -8.801690987999962, 0.0 ], [ 115.23693400600007, -8.801686991999929, 0.0 ], [ 115.236594969000066, -8.801192041999968, 0.0 ], [ 115.236092989000099, -8.800019017999944, 0.0 ], [ 115.236021988000061, -8.799740005999979, 0.0 ], [ 115.23600800600002, -8.799463971999955, 0.0 ], [ 115.23606699000004, -8.799067968999964, 0.0 ], [ 115.236067969000032, -8.799066978999974, 0.0 ] ] ] ] } },
{ "type": "Feature", "properties": { "REMARK": "Pasir/Bukit Pasir Laut", "SHAPE_Leng": 0.06203300685, "SHAPE_Area": 0.00012160018 }, "geometry": { "type": "MultiPolygon", "coordinates": [ [ [ [ 115.167143999000018, -8.773697998999978, 0.0 ], [ 115.166886028000022, -8.77437701499997, 0.0 ], [ 115.166606964000039, -8.775016969999967, 0.0 ], [ 115.165674010000089, -8.776826997999933, 0.0 ], [ 115.165151965000064, -8.777715966999949, 0.0 ], [ 115.164337037000109, -8.779051025999934, 0.0 ], [ 115.163957976, -8.779572985999948, 0.0 ], [ 115.163384017000112, -8.780228042999966, 0.0 ], [ 115.162668007000093, -8.780967009999927, 0.0 ], [ 115.162186002000112, -8.781377015999965, 0.0 ], [ 115.161708964000013, -8.781675957999937, 0.0 ], [ 115.16145799800006, -8.781766026999946, 0.0 ], [ 115.161016994000079, -8.781747967999934, 0.0 ], [ 115.160416008000084, -8.781726958999968, 0.0 ], [ 115.159937983000077, -8.781785006999939, 0.0 ], [ 115.159173030000034, -8.781916043999956, 0.0 ], [ 115.158888007000087, -8.781845956999973, 0.0 ], [ 115.158608989000072, -8.781712987999981, 0.0 ], [ 115.157762981000019, -8.781230971999946, 0.0 ], [ 115.157498023000016, -8.781179963999932, 0.0 ], [ 115.156977979000089, -8.781066967999948, 0.0 ], [ 115.156713993000039, -8.78089502399996, 0.0 ], [ 115.156052997000074, -8.780461994999939, 0.0 ], [ 115.155606018000071, -8.780227962999959, 0.0 ], [ 115.155353019000017, -8.780213980999974, 0.0 ], [ 115.154126035000104, -8.780321957999945, 0.0 ], [ 115.153327018000027, -8.780552966999949, 0.0 ], [ 115.153149997000014, -8.780540981999934, 0.0 ], [ 115.152900033000037, -8.780473954999934, 0.0 ], [ 115.152745036000056, -8.780387959999928, 0.0 ], [ 115.152723987000059, -8.780371044999981, 0.0 ], [ 115.152606980000087, -8.780225035999933, 0.0 ], [ 115.152337989000102, -8.779884038999967, 0.0 ], [ 115.152129998000078, -8.779830956999945, 0.0 ], [ 115.151852020000092, -8.779837006999969, 0.0 ], [ 115.150664964000043, -8.779888042999971, 0.0 ], [ 115.150128997000024, -8.779737990999934, 0.0 ], [ 115.149254969000026, -8.77948495499993, 0.0 ], [ 115.148924999000087, -8.779458027999965, 0.0 ], [ 115.148545967000018, -8.779501993999929, 0.0 ], [ 115.148089976000051, -8.779620966999971, 0.0 ], [ 115.147450983000113, -8.77984596899995, 0.0 ], [ 115.146868002000019, -8.780034004999948, 0.0 ], [ 115.14653803300007, -8.780036992999953, 0.0 ], [ 115.146101984000097, -8.779973024999947, 0.0 ], [ 115.145691016000114, -8.779928973999972, 0.0 ], [ 115.145079024000097, -8.779937986999926, 0.0 ], [ 115.144975036, -8.779812016999927, 0.0 ], [ 115.144654967000065, -8.77936103299993, 0.0 ], [ 115.144621971000106, -8.77919997999993, 0.0 ], [ 115.145099978000076, -8.778329995999968, 0.0 ], [ 115.145466965000082, -8.777995013999941, 0.0 ], [ 115.146197986000061, -8.777361007999957, 0.0 ], [ 115.146524964000037, -8.777009015999965, 0.0 ], [ 115.146753037000053, -8.776623997999934, 0.0 ], [ 115.147828015000073, -8.774675986999966, 0.0 ], [ 115.148304030000077, -8.773962989999973, 0.0 ], [ 115.148874972000044, -8.773329004999937, 0.0 ], [ 115.149312997000038, -8.772886983999967, 0.0 ], [ 115.149769008000021, -8.772278013999937, 0.0 ], [ 115.15008600200008, -8.771837025999957, 0.0 ], [ 115.151550997000072, -8.770630013999948, 0.0 ], [ 115.151890978000097, -8.770388984999954, 0.0 ], [ 115.152114974000028, -8.770280981999974, 0.0 ], [ 115.152302005000024, -8.77025297299997, 0.0 ], [ 115.152509008000038, -8.770308037999939, 0.0 ], [ 115.152693997000029, -8.770420030999958, 0.0 ], [ 115.152901035000014, -8.770649997999953, 0.0 ], [ 115.153096979000111, -8.771017029999939, 0.0 ], [ 115.153188984000053, -8.77132398699996, 0.0 ], [ 115.153225028000065, -8.771975954999959, 0.0 ], [ 115.153189980000093, -8.772411003999935, 0.0 ], [ 115.152459036000096, -8.774366958999963, 0.0 ], [ 115.152311983000118, -8.774781031999964, 0.0 ], [ 115.152252974000021, -8.775105960999952, 0.0 ], [ 115.152256019000106, -8.775369005999949, 0.0 ], [ 115.152333977000012, -8.775727958999937, 0.0 ], [ 115.152484987000093, -8.77605897799998, 0.0 ], [ 115.15265901500004, -8.776297008999961, 0.0 ], [ 115.153044992000105, -8.776423995999949, 0.0 ], [ 115.153725973000064, -8.776511027999959, 0.0 ], [ 115.155271994000032, -8.776561975999925, 0.0 ], [ 115.155756009000015, -8.776548975999958, 0.0 ], [ 115.155978013000095, -8.776496007999981, 0.0 ], [ 115.156657028000041, -8.776161995999928, 0.0 ], [ 115.157140021000032, -8.775869958999976, 0.0 ], [ 115.157775972000081, -8.775424012999963, 0.0 ], [ 115.158728019000023, -8.774945982999952, 0.0 ], [ 115.159582036000074, -8.774576028999945, 0.0 ], [ 115.160350996000034, -8.774313040999971, 0.0 ], [ 115.161060986000052, -8.774154974999931, 0.0 ], [ 115.161754015000042, -8.774062990999937, 0.0 ], [ 115.16392199400002, -8.773981978999927, 0.0 ], [ 115.165126026000053, -8.773905037999953, 0.0 ], [ 115.166056021000031, -8.773780029999955, 0.0 ], [ 115.166572988000098, -8.773709958999973, 0.0 ], [ 115.167094994000081, -8.773697037999966, 0.0 ], [ 115.167143999000018, -8.773697998999978, 0.0 ] ] ] ] } },
{ "type": "Feature", "properties": { "REMARK": "Pasir/Bukit Pasir Laut", "SHAPE_Leng": 0.19819654168, "SHAPE_Area": 0.00021560198 }, "geometry": { "type": "MultiPolygon", "coordinates": [ [ [ [ 115.129334966000101, -8.847436025999968, 0.0 ], [ 115.129861994000066, -8.847457006999946, 0.0 ], [ 115.130473026000118, -8.847481028999937, 0.0 ], [ 115.131058016000111, -8.847526973999948, 0.0 ], [ 115.131201995000083, -8.847571981999977, 0.0 ], [ 115.131242024000016, -8.847571006999942, 0.0 ], [ 115.133543995000082, -8.847604001999969, 0.0 ], [ 115.134337025000036, -8.847669959999962, 0.0 ], [ 115.1359379700001, -8.847883022999952, 0.0 ], [ 115.136746003000098, -8.847946971999932, 0.0 ], [ 115.137444988000084, -8.847980006999933, 0.0 ], [ 115.137988011000061, -8.84792097299993, 0.0 ], [ 115.139232011000104, -8.847766990999958, 0.0 ], [ 115.139787965000096, -8.847759991999965, 0.0 ], [ 115.140252977000046, -8.847727954999925, 0.0 ], [ 115.141580965000117, -8.847715024999957, 0.0 ], [ 115.142134034000037, -8.847819998999967, 0.0 ], [ 115.142783975000043, -8.848007975999963, 0.0 ], [ 115.14346798400004, -8.848202989999947, 0.0 ], [ 115.144022993000021, -8.848280040999953, 0.0 ], [ 115.145524969, -8.848443040999939, 0.0 ], [ 115.145959037000011, -8.848483967999925, 0.0 ], [ 115.146514969, -8.848437006999973, 0.0 ], [ 115.146897976000105, -8.848316969999928, 0.0 ], [ 115.147094996000078, -8.848187966999944, 0.0 ], [ 115.147284986000045, -8.848100959999954, 0.0 ], [ 115.147445993000019, -8.848098954999955, 0.0 ], [ 115.147974032000093, -8.848129044999951, 0.0 ], [ 115.148461971000074, -8.848084004999976, 0.0 ], [ 115.148641023000096, -8.848011042999929, 0.0 ], [ 115.149263972000085, -8.847661971999969, 0.0 ], [ 115.149996010000109, -8.847366043999955, 0.0 ], [ 115.150216969000098, -8.847380964999957, 0.0 ], [ 115.150595968000061, -8.847493019999945, 0.0 ], [ 115.151726970000027, -8.847813968999958, 0.0 ], [ 115.152435031000095, -8.847862024999927, 0.0 ], [ 115.153985009000053, -8.847914954999965, 0.0 ], [ 115.15525999700003, -8.847965981999948, 0.0 ], [ 115.15582698500009, -8.848076969999966, 0.0 ], [ 115.157020990000092, -8.848300956999935, 0.0 ], [ 115.157460018000052, -8.848324991999959, 0.0 ], [ 115.15794697900003, -8.848251009999956, 0.0 ], [ 115.158147991000078, -8.848162965999961, 0.0 ], [ 115.158248967000077, -8.848190036999938, 0.0 ], [ 115.158638035000081, -8.848297975999969, 0.0 ], [ 115.159221008000031, -8.848345042999938, 0.0 ], [ 115.160439033000102, -8.848367028999974, 0.0 ], [ 115.161488965000103, -8.848594993999939, 0.0 ], [ 115.162566967000089, -8.848543974999927, 0.0 ], [ 115.162825015000067, -8.848546958999975, 0.0 ], [ 115.163775014000066, -8.848537970999928, 0.0 ], [ 115.164112020000061, -8.848595031999935, 0.0 ], [ 115.165737978000038, -8.849078988999963, 0.0 ], [ 115.166829980000102, -8.849258969999937, 0.0 ], [ 115.167251972000031, -8.849257962999957, 0.0 ], [ 115.167741978000095, -8.84919003899995, 0.0 ], [ 115.168375966000099, -8.849046982999937, 0.0 ], [ 115.168753014000117, -8.848994954999966, 0.0 ], [ 115.169433019000053, -8.848973966999949, 0.0 ], [ 115.170050026000013, -8.849082014999965, 0.0 ], [ 115.170377980000012, -8.849045021999927, 0.0 ], [ 115.170697030000042, -8.84892898499993, 0.0 ], [ 115.171079030000101, -8.848724040999969, 0.0 ], [ 115.171112034000089, -8.848703955999952, 0.0 ], [ 115.171595983000088, -8.848450969999931, 0.0 ], [ 115.172533012000031, -8.84801797199998, 0.0 ], [ 115.173059010000088, -8.847871034999969, 0.0 ], [ 115.173485978000031, -8.847863988999961, 0.0 ], [ 115.174196964000089, -8.847929011999952, 0.0 ], [ 115.174640028000113, -8.848062959999936, 0.0 ], [ 115.174928031000036, -8.848101965999945, 0.0 ], [ 115.175208005000059, -8.848066993999964, 0.0 ], [ 115.175755019, -8.847929013999931, 0.0 ], [ 115.176300014000049, -8.847836036999979, 0.0 ], [ 115.176771969000015, -8.847826042999941, 0.0 ], [ 115.177187028000048, -8.847787026999981, 0.0 ], [ 115.177475016000017, -8.847676978999971, 0.0 ], [ 115.177879976000099, -8.847435983999958, 0.0 ], [ 115.178245971000024, -8.847284011999932, 0.0 ], [ 115.178579014000093, -8.847218020999946, 0.0 ], [ 115.17905298200003, -8.847195016999933, 0.0 ], [ 115.179811006000023, -8.847145011999942, 0.0 ], [ 115.180271015000017, -8.847018984999977, 0.0 ], [ 115.181697031000112, -8.846600990999946, 0.0 ], [ 115.182510030000117, -8.846375980999937, 0.0 ], [ 115.182940003000112, -8.84616899699995, 0.0 ], [ 115.183137020000117, -8.846114995999926, 0.0 ], [ 115.184147994000114, -8.845991997999931, 0.0 ], [ 115.185317, -8.845770966999964, 0.0 ], [ 115.186127984000109, -8.845558954999944, 0.0 ], [ 115.187154995000014, -8.84528299599998, 0.0 ], [ 115.187796966000064, -8.845053981999968, 0.0 ], [ 115.188386033000029, -8.844760985999926, 0.0 ], [ 115.189181967000081, -8.844314963999977, 0.0 ], [ 115.189884029000041, -8.843782977999979, 0.0 ], [ 115.190370979000022, -8.843464988999926, 0.0 ], [ 115.190853994, -8.843231042999946, 0.0 ], [ 115.191236984000057, -8.843097035999961, 0.0 ], [ 115.191349030000083, -8.843068018999929, 0.0 ], [ 115.192805996000061, -8.842723975999945, 0.0 ], [ 115.194052965000083, -8.842329018999976, 0.0 ], [ 115.195594966000044, -8.841960967999967, 0.0 ], [ 115.196571976000087, -8.841792031999944, 0.0 ], [ 115.197137991000091, -8.841752001999964, 0.0 ], [ 115.197236999000097, -8.841753020999931, 0.0 ], [ 115.197622992000106, -8.841755961999979, 0.0 ], [ 115.197837979000042, -8.841767029999971, 0.0 ], [ 115.198286034000034, -8.841738993999968, 0.0 ], [ 115.198522984000078, -8.841687978999971, 0.0 ], [ 115.198901034000073, -8.841490032999957, 0.0 ], [ 115.19929503100002, -8.841264956999964, 0.0 ], [ 115.199928993000071, -8.841015994999964, 0.0 ], [ 115.20025298600001, -8.840913962999934, 0.0 ], [ 115.200668002000043, -8.84079004299997, 0.0 ], [ 115.201079001000039, -8.840629041999932, 0.0 ], [ 115.201825993000057, -8.840363986999932, 0.0 ], [ 115.20220999300011, -8.840206018999936, 0.0 ], [ 115.202516035000031, -8.840034027999934, 0.0 ], [ 115.202716972000076, -8.839850955999964, 0.0 ], [ 115.202895009000031, -8.839613991999954, 0.0 ], [ 115.203140035000047, -8.839149022999948, 0.0 ], [ 115.2034769710001, -8.838710977999938, 0.0 ], [ 115.20380499800001, -8.838348004999943, 0.0 ], [ 115.204102010000042, -8.838121010999942, 0.0 ], [ 115.204149025000106, -8.838085983999974, 0.0 ], [ 115.204448031000084, -8.837926972999981, 0.0 ], [ 115.205184965000058, -8.837679034999951, 0.0 ], [ 115.206056035000074, -8.837374972999953, 0.0 ], [ 115.207317037000053, -8.836893979999957, 0.0 ], [ 115.207864027000028, -8.836664019999944, 0.0 ], [ 115.207967978000056, -8.836618959999953, 0.0 ], [ 115.20819202000007, -8.836524035999958, 0.0 ], [ 115.208685013000036, -8.836377969999944, 0.0 ], [ 115.209859011000049, -8.835877026999981, 0.0 ], [ 115.211788003000038, -8.835018026999933, 0.0 ], [ 115.212399020000021, -8.834830034999982, 0.0 ], [ 115.213067034, -8.834665995999956, 0.0 ], [ 115.213747974000057, -8.834494965999966, 0.0 ], [ 115.214630980000038, -8.834246979999932, 0.0 ], [ 115.216140014000075, -8.83380600199996, 0.0 ], [ 115.216948978, -8.833524032999946, 0.0 ], [ 115.217182037000043, -8.83340799399997, 0.0 ], [ 115.217559011000048, -8.833118996999929, 0.0 ], [ 115.217896971000073, -8.832791035999946, 0.0 ], [ 115.218426997000051, -8.832127007999929, 0.0 ], [ 115.218712011000093, -8.831680020999954, 0.0 ], [ 115.219016979000116, -8.831166960999951, 0.0 ], [ 115.219385012000089, -8.830615964999936, 0.0 ], [ 115.220005018000052, -8.829380001999937, 0.0 ], [ 115.220206032000078, -8.829303037999978, 0.0 ], [ 115.220431013000052, -8.829511011999955, 0.0 ], [ 115.220443027000101, -8.830381989999978, 0.0 ], [ 115.220422032000101, -8.830837011999961, 0.0 ], [ 115.220328026000061, -8.831278037999937, 0.0 ], [ 115.220117993000031, -8.831859975999976, 0.0 ], [ 115.219823963000067, -8.832468, 0.0 ], [ 115.219520024000076, -8.832954037999968, 0.0 ], [ 115.21839103700006, -8.834370983999975, 0.0 ], [ 115.217948991000071, -8.83488104099996, 0.0 ], [ 115.217503969000063, -8.835324011999944, 0.0 ], [ 115.216495992000091, -8.836168986999951, 0.0 ], [ 115.214652036000075, -8.837408963999962, 0.0 ], [ 115.213971025000092, -8.837796028999946, 0.0 ], [ 115.213432014000091, -8.838049989999945, 0.0 ], [ 115.212558993000016, -8.838354964999951, 0.0 ], [ 115.210403006000092, -8.838985005999973, 0.0 ], [ 115.209692969000116, -8.839203976999954, 0.0 ], [ 115.208899035000059, -8.839489975999982, 0.0 ], [ 115.206838024000035, -8.84033295699993, 0.0 ], [ 115.206402964000063, -8.840479025999969, 0.0 ], [ 115.205933027000015, -8.840567979999946, 0.0 ], [ 115.204319996000095, -8.840421955999943, 0.0 ], [ 115.20383701600008, -8.840372004999949, 0.0 ], [ 115.203580031000115, -8.840396985999973, 0.0 ], [ 115.203214031000016, -8.840567967999959, 0.0 ], [ 115.202893, -8.840785986999947, 0.0 ], [ 115.20215702500002, -8.841421969999942, 0.0 ], [ 115.201783965000118, -8.841673001999936, 0.0 ], [ 115.199903993000021, -8.842505960999972, 0.0 ], [ 115.19898098300007, -8.842975983999963, 0.0 ], [ 115.198419998000077, -8.843307007999954, 0.0 ], [ 115.198026983000091, -8.843607020999968, 0.0 ], [ 115.197592968000095, -8.844061042999954, 0.0 ], [ 115.197406993000072, -8.844279976999928, 0.0 ], [ 115.197364033000099, -8.844313033999981, 0.0 ], [ 115.196471036000048, -8.844374990999938, 0.0 ], [ 115.19559700800005, -8.844450957999982, 0.0 ], [ 115.194553031000055, -8.844563975999961, 0.0 ], [ 115.193657008000059, -8.844569960999934, 0.0 ], [ 115.19307501500009, -8.844611986999951, 0.0 ], [ 115.192922965000093, -8.844698027999925, 0.0 ], [ 115.192819979000092, -8.844821003999925, 0.0 ], [ 115.192736996, -8.84503799099997, 0.0 ], [ 115.19241201400007, -8.845940956999925, 0.0 ], [ 115.192183984000053, -8.846267971999964, 0.0 ], [ 115.191824023000095, -8.846627974999933, 0.0 ], [ 115.191431030000103, -8.846937018999938, 0.0 ], [ 115.190857995000101, -8.847308012999974, 0.0 ], [ 115.189083036000056, -8.848299958999974, 0.0 ], [ 115.188159981000013, -8.848666994999974, 0.0 ], [ 115.186080017000108, -8.84941502199996, 0.0 ], [ 115.184342004000086, -8.850174998999933, 0.0 ], [ 115.183314032000112, -8.850613009999961, 0.0 ], [ 115.182215990000032, -8.851032961999977, 0.0 ], [ 115.181522012000073, -8.85119599799998, 0.0 ], [ 115.180532006000021, -8.851366, 0.0 ], [ 115.179799972000069, -8.851418029999934, 0.0 ], [ 115.178843023000013, -8.851510994999956, 0.0 ], [ 115.1772000200001, -8.851679978999925, 0.0 ], [ 115.176405980000027, -8.851675025999953, 0.0 ], [ 115.175876999000025, -8.85160501699994, 0.0 ], [ 115.175499008000088, -8.851497961999939, 0.0 ], [ 115.174854020000112, -8.851225998999951, 0.0 ], [ 115.172876019000114, -8.850262019999946, 0.0 ], [ 115.172627995000084, -8.850216969999963, 0.0 ], [ 115.17236196600004, -8.850251012999934, 0.0 ], [ 115.171994980000022, -8.850375042999929, 0.0 ], [ 115.170992014000035, -8.850802021999925, 0.0 ], [ 115.169892978, -8.851285020999967, 0.0 ], [ 115.169461985000112, -8.851393006999956, 0.0 ], [ 115.169066030000067, -8.85141800599996, 0.0 ], [ 115.168445980000115, -8.851378997999973, 0.0 ], [ 115.166564995000044, -8.851247039999976, 0.0 ], [ 115.165328991000024, -8.851174998999966, 0.0 ], [ 115.164560001000041, -8.851017024999976, 0.0 ], [ 115.16328700400004, -8.850697040999933, 0.0 ], [ 115.162745982000047, -8.850607973999956, 0.0 ], [ 115.161936018, -8.85053602499994, 0.0 ], [ 115.160486966, -8.850381030999927, 0.0 ], [ 115.15874696700007, -8.850161960999969, 0.0 ], [ 115.158079025, -8.850168978999932, 0.0 ], [ 115.156454991000032, -8.850143989999935, 0.0 ], [ 115.155673989000093, -8.850067018999937, 0.0 ], [ 115.154245029000094, -8.84989799899995, 0.0 ], [ 115.153131963000078, -8.849855991999959, 0.0 ], [ 115.15159901700008, -8.849752975999934, 0.0 ], [ 115.149517990000049, -8.849550980999936, 0.0 ], [ 115.147949992, -8.849368957999957, 0.0 ], [ 115.146934020000117, -8.849382007999964, 0.0 ], [ 115.144764026000075, -8.849420972999951, 0.0 ], [ 115.143437989000063, -8.849372005999953, 0.0 ], [ 115.142818005000095, -8.849278000999959, 0.0 ], [ 115.142200001000106, -8.849118020999981, 0.0 ], [ 115.141583033000074, -8.848946024999975, 0.0 ], [ 115.140800969000111, -8.84884397999997, 0.0 ], [ 115.140082024000094, -8.848830014999976, 0.0 ], [ 115.137884999000107, -8.848805985999945, 0.0 ], [ 115.135635973000035, -8.848601001999953, 0.0 ], [ 115.134741010000084, -8.848549, 0.0 ], [ 115.133171969000045, -8.848534038999958, 0.0 ], [ 115.132320025000013, -8.848482968999974, 0.0 ], [ 115.13167098100007, -8.848326975999953, 0.0 ], [ 115.131365028, -8.848223040999926, 0.0 ], [ 115.130602011000065, -8.848210011999981, 0.0 ], [ 115.129334966000101, -8.847436025999968, 0.0 ] ] ] ] } },
{ "type": "Feature", "properties": { "REMARK": "Pasir/Bukit Pasir Laut", "SHAPE_Leng": 0.05336294877, "SHAPE_Area": 5.415611e-05 }, "geometry": { "type": "MultiPolygon", "coordinates": [ [ [ [ 115.22294699400004, -8.822116971999947, 0.0 ], [ 115.223254971000074, -8.821660956999949, 0.0 ], [ 115.223690001000023, -8.821014002999959, 0.0 ], [ 115.223883970000088, -8.82077899799998, 0.0 ], [ 115.22469499400006, -8.820215986999926, 0.0 ], [ 115.224880001000088, -8.82008398499994, 0.0 ], [ 115.225030031000074, -8.819884024999965, 0.0 ], [ 115.225177009000049, -8.819506971999942, 0.0 ], [ 115.225253978000069, -8.819194037999978, 0.0 ], [ 115.225158985, -8.818572959999926, 0.0 ], [ 115.22511703300006, -8.817595987999937, 0.0 ], [ 115.225156004000041, -8.817517982999959, 0.0 ], [ 115.225205982000034, -8.817458018999957, 0.0 ], [ 115.22532, -8.817234023999958, 0.0 ], [ 115.22558498300009, -8.816959038999926, 0.0 ], [ 115.226527967000038, -8.816068973999961, 0.0 ], [ 115.227747980000117, -8.815126971999973, 0.0 ], [ 115.228256972000054, -8.814715014999933, 0.0 ], [ 115.228899017000117, -8.814172978999977, 0.0 ], [ 115.229533999000068, -8.81364997999998, 0.0 ], [ 115.230117981000035, -8.812944960999971, 0.0 ], [ 115.23046096600001, -8.812531043999968, 0.0 ], [ 115.231074032000038, -8.811918992999949, 0.0 ], [ 115.231422980000048, -8.811479972999962, 0.0 ], [ 115.23173000700001, -8.81098299599995, 0.0 ], [ 115.231803023000111, -8.810616979999963, 0.0 ], [ 115.231899980000094, -8.809423988999981, 0.0 ], [ 115.231973990000029, -8.80895899799998, 0.0 ], [ 115.232252006000067, -8.808225959999959, 0.0 ], [ 115.232620011000108, -8.807465954999941, 0.0 ], [ 115.232900971000049, -8.807011969999962, 0.0 ], [ 115.233559994000075, -8.806251974999952, 0.0 ], [ 115.235050999, -8.804638963999935, 0.0 ], [ 115.235399010000037, -8.80422099599997, 0.0 ], [ 115.235684973000048, -8.803817017999961, 0.0 ], [ 115.236602977000075, -8.802951023999981, 0.0 ], [ 115.236854017000041, -8.802751980999972, 0.0 ], [ 115.237016986000071, -8.802696972999968, 0.0 ], [ 115.237497989000076, -8.802808962999961, 0.0 ], [ 115.237536969000075, -8.80282297499997, 0.0 ], [ 115.237510995000093, -8.803306994999957, 0.0 ], [ 115.23757002900004, -8.803691981999975, 0.0 ], [ 115.237613974000055, -8.803813042999934, 0.0 ], [ 115.237553023000032, -8.803833004999944, 0.0 ], [ 115.236981965000041, -8.804727021999952, 0.0 ], [ 115.236760024000091, -8.805079957999965, 0.0 ], [ 115.236369018, -8.805714034999937, 0.0 ], [ 115.236024016000101, -8.806161033999956, 0.0 ], [ 115.235593015000063, -8.806615041999976, 0.0 ], [ 115.235277027000052, -8.806870001999926, 0.0 ], [ 115.234970979000082, -8.807035971999937, 0.0 ], [ 115.233742981000091, -8.807238018999954, 0.0 ], [ 115.233578006000016, -8.807273038999938, 0.0 ], [ 115.233298991000083, -8.807491019999929, 0.0 ], [ 115.233027001000096, -8.807792013999972, 0.0 ], [ 115.23282499600009, -8.808127955999964, 0.0 ], [ 115.232710986000029, -8.808430956999928, 0.0 ], [ 115.232645999000056, -8.808890024999926, 0.0 ], [ 115.232622991000085, -8.80936302899994, 0.0 ], [ 115.232661967000013, -8.809598954999956, 0.0 ], [ 115.233147967000036, -8.810237961999974, 0.0 ], [ 115.233195996000063, -8.810366995999971, 0.0 ], [ 115.233100997000065, -8.810690966999971, 0.0 ], [ 115.232911975000093, -8.811149, 0.0 ], [ 115.232827995000093, -8.811504026999955, 0.0 ], [ 115.232760975000019, -8.813399957999934, 0.0 ], [ 115.232705002000102, -8.815588991999959, 0.0 ], [ 115.232671027000038, -8.816114009999978, 0.0 ], [ 115.232623022000098, -8.81637402299998, 0.0 ], [ 115.232465973000103, -8.816679984999951, 0.0 ], [ 115.232065002000013, -8.817151029999934, 0.0 ], [ 115.23145501700003, -8.817728023999962, 0.0 ], [ 115.230852987000048, -8.818207972999971, 0.0 ], [ 115.229394976000094, -8.819140003999962, 0.0 ], [ 115.227437973000065, -8.820206977999931, 0.0 ], [ 115.2266950180001, -8.820531954999979, 0.0 ], [ 115.22617596900011, -8.82077202499994, 0.0 ], [ 115.225757989000044, -8.821019982999928, 0.0 ], [ 115.225177024000118, -8.821418034999965, 0.0 ], [ 115.22464199, -8.821709006999981, 0.0 ], [ 115.224100963000069, -8.821905038999944, 0.0 ], [ 115.223145015000114, -8.822085005999952, 0.0 ], [ 115.22294699400004, -8.822116971999947, 0.0 ] ] ] ] } },
{ "type": "Feature", "properties": { "REMARK": "Pasir/Bukit Pasir Laut", "SHAPE_Leng": 0.10223788092, "SHAPE_Area": 0.00012020998 }, "geometry": { "type": "MultiPolygon", "coordinates": [ [ [ [ 115.222349037000072, -8.755491984999935, 0.0 ], [ 115.222505994000016, -8.755530958999941, 0.0 ], [ 115.222633973000029, -8.755581004999954, 0.0 ], [ 115.222864995, -8.755693000999941, 0.0 ], [ 115.223136006000118, -8.755889972999967, 0.0 ], [ 115.223399, -8.756197003999944, 0.0 ], [ 115.223527970000077, -8.75643299099994, 0.0 ], [ 115.223573005000048, -8.757065041999965, 0.0 ], [ 115.223601016000089, -8.757604993999962, 0.0 ], [ 115.223673989000076, -8.758018970999956, 0.0 ], [ 115.223779032000039, -8.758307000999935, 0.0 ], [ 115.223876007000058, -8.758432015999972, 0.0 ], [ 115.224884019000115, -8.759010015999934, 0.0 ], [ 115.226462997000112, -8.759759002999942, 0.0 ], [ 115.227204009000047, -8.760084996999979, 0.0 ], [ 115.228417992000118, -8.76051399499994, 0.0 ], [ 115.228894970000056, -8.76064097099993, 0.0 ], [ 115.230477027, -8.760711021999953, 0.0 ], [ 115.230771962000063, -8.760747022999965, 0.0 ], [ 115.231010027000025, -8.76082903799994, 0.0 ], [ 115.231158995000101, -8.760926002999952, 0.0 ], [ 115.231267036000077, -8.761057034999965, 0.0 ], [ 115.231305998000039, -8.761185031999958, 0.0 ], [ 115.231264015000079, -8.761378997999941, 0.0 ], [ 115.231074015000104, -8.761670979999963, 0.0 ], [ 115.2307720230001, -8.761986029999946, 0.0 ], [ 115.230348995000099, -8.762319042999934, 0.0 ], [ 115.229377993000071, -8.762767992999954, 0.0 ], [ 115.22797498400007, -8.763562019999938, 0.0 ], [ 115.227681982000036, -8.763766016999966, 0.0 ], [ 115.227219005000052, -8.764226019999967, 0.0 ], [ 115.226872033000063, -8.76465402599996, 0.0 ], [ 115.226657011000043, -8.765465007999978, 0.0 ], [ 115.226554997000108, -8.765911969999934, 0.0 ], [ 115.226496011000108, -8.766229963999933, 0.0 ], [ 115.226462976000107, -8.767096034999952, 0.0 ], [ 115.226487032000023, -8.767632986999956, 0.0 ], [ 115.226884034000022, -8.769470983999952, 0.0 ], [ 115.227140035000048, -8.771285992999935, 0.0 ], [ 115.22728702500001, -8.772211031999973, 0.0 ], [ 115.227542963000019, -8.773155022999958, 0.0 ], [ 115.22789901200008, -8.774275025999941, 0.0 ], [ 115.228101036000112, -8.774783977999959, 0.0 ], [ 115.228894029000116, -8.776876028999936, 0.0 ], [ 115.229395020000084, -8.778327998999941, 0.0 ], [ 115.229769982000107, -8.77942802299998, 0.0 ], [ 115.230386019000093, -8.781195005999962, 0.0 ], [ 115.230605026000035, -8.781885002999957, 0.0 ], [ 115.230726996000044, -8.782430006999959, 0.0 ], [ 115.230861012000105, -8.783500969999977, 0.0 ], [ 115.230924010000081, -8.784803002999979, 0.0 ], [ 115.230950014000086, -8.787063019999948, 0.0 ], [ 115.230949994000071, -8.787794020999968, 0.0 ], [ 115.230986993000101, -8.788114995999933, 0.0 ], [ 115.231091035000077, -8.788394976999939, 0.0 ], [ 115.231269994000058, -8.788665004999928, 0.0 ], [ 115.23193101600009, -8.789055979999944, 0.0 ], [ 115.232210035000094, -8.789245033999975, 0.0 ], [ 115.232367023000052, -8.78940702999995, 0.0 ], [ 115.232936020000011, -8.790508958999965, 0.0 ], [ 115.233320992000017, -8.791302961999975, 0.0 ], [ 115.233614977000116, -8.792034980999972, 0.0 ], [ 115.233787997000036, -8.792609963999951, 0.0 ], [ 115.233901998000078, -8.793287988999964, 0.0 ], [ 115.233943036000028, -8.793863979999969, 0.0 ], [ 115.23395498800005, -8.794758014999957, 0.0 ], [ 115.234008030000041, -8.795267985999942, 0.0 ], [ 115.234098996000057, -8.79566704299998, 0.0 ], [ 115.234228966000046, -8.795995956999946, 0.0 ], [ 115.234582010000054, -8.79658597599996, 0.0 ], [ 115.234876964000023, -8.796971977999931, 0.0 ], [ 115.235247001000062, -8.79734504399994, 0.0 ], [ 115.235662998000066, -8.797666982999942, 0.0 ], [ 115.235921983000026, -8.797830992999934, 0.0 ], [ 115.235986997000055, -8.797854979999954, 0.0 ], [ 115.235986987000047, -8.797856968999952, 0.0 ], [ 115.235900027000071, -8.798225994999939, 0.0 ], [ 115.23577802200009, -8.79844597999994, 0.0 ], [ 115.23565097300002, -8.798576001999947, 0.0 ], [ 115.235641975000021, -8.798577044999945, 0.0 ], [ 115.23516999200001, -8.798619033999955, 0.0 ], [ 115.234855995000089, -8.79858203699996, 0.0 ], [ 115.234611026000039, -8.798497004999945, 0.0 ], [ 115.234264036000013, -8.798258006999959, 0.0 ], [ 115.233778977000043, -8.797627957999964, 0.0 ], [ 115.233387037000057, -8.796959023999932, 0.0 ], [ 115.233220023000058, -8.796602998999958, 0.0 ], [ 115.233040020000089, -8.795935962999977, 0.0 ], [ 115.232638986000097, -8.794467015999942, 0.0 ], [ 115.232545034000054, -8.79406595699993, 0.0 ], [ 115.232429989000025, -8.793182013999967, 0.0 ], [ 115.232059030000073, -8.792356980999955, 0.0 ], [ 115.23190101900002, -8.791635993999932, 0.0 ], [ 115.231827034000048, -8.791259976999982, 0.0 ], [ 115.23172696600011, -8.791011018999939, 0.0 ], [ 115.231314018000035, -8.790648957999963, 0.0 ], [ 115.230994976000034, -8.790349979999974, 0.0 ], [ 115.230794972000012, -8.790076960999954, 0.0 ], [ 115.230616030000078, -8.789598035999973, 0.0 ], [ 115.230539004000093, -8.789184039999952, 0.0 ], [ 115.230482976000076, -8.788782977999972, 0.0 ], [ 115.230345980000038, -8.78830904199998, 0.0 ], [ 115.230276005000064, -8.788178005999953, 0.0 ], [ 115.230077032000054, -8.788066973999946, 0.0 ], [ 115.229927014000054, -8.788000011999941, 0.0 ], [ 115.229771034, -8.787846968999929, 0.0 ], [ 115.229657007000014, -8.787618012999928, 0.0 ], [ 115.229579029000092, -8.787389044999941, 0.0 ], [ 115.229469996000034, -8.787244989999976, 0.0 ], [ 115.229369028000065, -8.787186031999966, 0.0 ], [ 115.229116024000064, -8.787185023999939, 0.0 ], [ 115.228752004000057, -8.787221006999971, 0.0 ], [ 115.228535008000108, -8.787181027999964, 0.0 ], [ 115.228303978000099, -8.787035043999936, 0.0 ], [ 115.228125016000035, -8.786861010999928, 0.0 ], [ 115.227907979000065, -8.786466966999967, 0.0 ], [ 115.227782986000079, -8.786212015999979, 0.0 ], [ 115.227689991000034, -8.786084034999931, 0.0 ], [ 115.227486992000081, -8.786048008999956, 0.0 ], [ 115.22736202100009, -8.786025003999953, 0.0 ], [ 115.227147963000107, -8.785792954999977, 0.0 ], [ 115.227032997000038, -8.785573032999935, 0.0 ], [ 115.226921030000085, -8.784990020999942, 0.0 ], [ 115.226852987000029, -8.784720964999963, 0.0 ], [ 115.22675301400011, -8.784374022999941, 0.0 ], [ 115.226713008000047, -8.783014971999933, 0.0 ], [ 115.226762996000048, -8.782304996999926, 0.0 ], [ 115.226782036000031, -8.781814980999968, 0.0 ], [ 115.226707976000057, -8.781518960999961, 0.0 ], [ 115.22662002800007, -8.781291030999967, 0.0 ], [ 115.226668010000026, -8.780592977999959, 0.0 ], [ 115.226695999000071, -8.780206954999926, 0.0 ], [ 115.22650400200007, -8.779449019999959, 0.0 ], [ 115.226423016000012, -8.779065015999947, 0.0 ], [ 115.225997003000089, -8.777449967999928, 0.0 ], [ 115.225801030000071, -8.776440994999973, 0.0 ], [ 115.22557499200002, -8.775718965999943, 0.0 ], [ 115.224915015000079, -8.774720013999968, 0.0 ], [ 115.224679001000027, -8.774221025999964, 0.0 ], [ 115.224532963000115, -8.773711974999969, 0.0 ], [ 115.224405001000036, -8.773184025999967, 0.0 ], [ 115.224337982000065, -8.772290005999935, 0.0 ], [ 115.224299023000071, -8.771262970999942, 0.0 ], [ 115.224190971000098, -8.770755996999981, 0.0 ], [ 115.223918022000021, -8.770019012999967, 0.0 ], [ 115.223813031000077, -8.768931013999975, 0.0 ], [ 115.223796983000057, -8.768002975999934, 0.0 ], [ 115.223695969, -8.76738702199998, 0.0 ], [ 115.22368399100003, -8.767210972999976, 0.0 ], [ 115.223665980000078, -8.766964027999961, 0.0 ], [ 115.223743997000042, -8.766395015999933, 0.0 ], [ 115.223639967000054, -8.765641019999975, 0.0 ], [ 115.223600023000017, -8.765325996999934, 0.0 ], [ 115.223657023000101, -8.764969035999968, 0.0 ], [ 115.224076966000098, -8.763662043999943, 0.0 ], [ 115.224219023000046, -8.763115026999969, 0.0 ], [ 115.224262974000112, -8.762601987999972, 0.0 ], [ 115.224246000000107, -8.762105023999936, 0.0 ], [ 115.224191008000048, -8.761755038999979, 0.0 ], [ 115.223870029000068, -8.760828007999976, 0.0 ], [ 115.223618007000027, -8.76027696899996, 0.0 ], [ 115.223069024000097, -8.759422987999926, 0.0 ], [ 115.222881990000019, -8.759058009999933, 0.0 ], [ 115.222621977000017, -8.758264954999959, 0.0 ], [ 115.222391002000109, -8.75713297599998, 0.0 ], [ 115.222353025000075, -8.756529973999932, 0.0 ], [ 115.222349037000072, -8.755491984999935, 0.0 ] ] ] ] } },
{ "type": "Feature", "properties": { "REMARK": "Pasir/Bukit Pasir Laut", "SHAPE_Leng": 0.08511790763, "SHAPE_Area": 5.037248e-05 }, "geometry": { "type": "MultiPolygon", "coordinates": [ [ [ [ 115.085244975000023, -8.831720006999944, 0.0 ], [ 115.086054988000114, -8.832287962999942, 0.0 ], [ 115.086404023000114, -8.832576986999982, 0.0 ], [ 115.086603982000042, -8.832780017999937, 0.0 ], [ 115.086684989000105, -8.832942038999931, 0.0 ], [ 115.086750033000044, -8.833684973999937, 0.0 ], [ 115.086804991, -8.834320027999979, 0.0 ], [ 115.086873972000035, -8.834852023999929, 0.0 ], [ 115.087071008000066, -8.835593010999958, 0.0 ], [ 115.087353996000047, -8.836235012999964, 0.0 ], [ 115.087550997000108, -8.836518018999925, 0.0 ], [ 115.087930022000023, -8.836921984999947, 0.0 ], [ 115.08821102200011, -8.837194030999967, 0.0 ], [ 115.088465015000111, -8.837441986999977, 0.0 ], [ 115.088654020000035, -8.837619020999966, 0.0 ], [ 115.088722976000099, -8.837748984999962, 0.0 ], [ 115.088797035000084, -8.838066975999936, 0.0 ], [ 115.088859, -8.838200970999935, 0.0 ], [ 115.089314982000019, -8.838273976999972, 0.0 ], [ 115.089684999000042, -8.838273964999928, 0.0 ], [ 115.090679994000084, -8.838262042999929, 0.0 ], [ 115.090867037000066, -8.838281976999951, 0.0 ], [ 115.091266974000064, -8.838511964999952, 0.0 ], [ 115.091514986000107, -8.838684959999966, 0.0 ], [ 115.091554013000064, -8.838688954999952, 0.0 ], [ 115.091641990000085, -8.838706033999927, 0.0 ], [ 115.092063994000114, -8.83882803399996, 0.0 ], [ 115.092700014000116, -8.839131982999959, 0.0 ], [ 115.094661990000077, -8.840171, 0.0 ], [ 115.095975972000019, -8.840670007999961, 0.0 ], [ 115.096626025000091, -8.840753030999963, 0.0 ], [ 115.097866021000073, -8.840948956999966, 0.0 ], [ 115.098546963000103, -8.841118, 0.0 ], [ 115.099366017000079, -8.841320009999947, 0.0 ], [ 115.101328020000096, -8.841805024999928, 0.0 ], [ 115.10224297000002, -8.842117965999932, 0.0 ], [ 115.103471029000048, -8.84256897299997, 0.0 ], [ 115.104412036000099, -8.842961038999931, 0.0 ], [ 115.106449011000109, -8.843914970999947, 0.0 ], [ 115.107766011000081, -8.844519980999962, 0.0 ], [ 115.108770001000039, -8.844879997999954, 0.0 ], [ 115.109396971000024, -8.844994970999949, 0.0 ], [ 115.110022964000109, -8.845140036999965, 0.0 ], [ 115.110545992000084, -8.845325978999938, 0.0 ], [ 115.111260972000082, -8.845570012999929, 0.0 ], [ 115.11223497900005, -8.845799985999975, 0.0 ], [ 115.112562027000081, -8.84580696699993, 0.0 ], [ 115.113368017000084, -8.845812022999951, 0.0 ], [ 115.11405, -8.845883970999978, 0.0 ], [ 115.114544966000039, -8.846002970999962, 0.0 ], [ 115.115413978000106, -8.846217041999978, 0.0 ], [ 115.115852025000095, -8.846268958999929, 0.0 ], [ 115.116701994000096, -8.846278024999947, 0.0 ], [ 115.116743972000108, -8.846276970999952, 0.0 ], [ 115.119006989000013, -8.84625598699995, 0.0 ], [ 115.119292008000116, -8.846303967999972, 0.0 ], [ 115.119574992000025, -8.846428043999936, 0.0 ], [ 115.119741017000024, -8.846440988999973, 0.0 ], [ 115.120085022000012, -8.846371039999951, 0.0 ], [ 115.120483005000096, -8.846313020999958, 0.0 ], [ 115.120822976000113, -8.846329007999941, 0.0 ], [ 115.121010013000046, -8.846396019999929, 0.0 ], [ 115.12121597700002, -8.846544021999932, 0.0 ], [ 115.121303029000046, -8.846685009999931, 0.0 ], [ 115.120907020000118, -8.846797, 0.0 ], [ 115.120045024000092, -8.847060036999949, 0.0 ], [ 115.119489034000026, -8.847297039999944, 0.0 ], [ 115.117960984000092, -8.847419970999965, 0.0 ], [ 115.116404996000028, -8.847451011999965, 0.0 ], [ 115.115677965000032, -8.847423039999967, 0.0 ], [ 115.114288015000056, -8.847229032999962, 0.0 ], [ 115.113367002000018, -8.847115025999926, 0.0 ], [ 115.112558009000054, -8.847022007999954, 0.0 ], [ 115.111748983000098, -8.846862012999964, 0.0 ], [ 115.109922976, -8.846227961999944, 0.0 ], [ 115.109500986000057, -8.846085009999967, 0.0 ], [ 115.108167009000113, -8.845969989999958, 0.0 ], [ 115.107617990000108, -8.845912984999927, 0.0 ], [ 115.1071720220001, -8.845813023999938, 0.0 ], [ 115.105261001000031, -8.84490799699995, 0.0 ], [ 115.103563017000056, -8.843838002999973, 0.0 ], [ 115.102968001000022, -8.843485015999931, 0.0 ], [ 115.102245971000116, -8.843141960999958, 0.0 ], [ 115.10149599600004, -8.842869985999926, 0.0 ], [ 115.099400999000068, -8.842303038999944, 0.0 ], [ 115.098642970000014, -8.84214101799995, 0.0 ], [ 115.098077999000111, -8.842069004999928, 0.0 ], [ 115.096765995000055, -8.842088011999977, 0.0 ], [ 115.095115022000073, -8.842174976999956, 0.0 ], [ 115.094467978000011, -8.842177018999962, 0.0 ], [ 115.094077976000108, -8.842127040999969, 0.0 ], [ 115.093695964000062, -8.842010035999976, 0.0 ], [ 115.093455991000042, -8.841891042999976, 0.0 ], [ 115.093066, -8.841504016999977, 0.0 ], [ 115.092745018000073, -8.841178984999942, 0.0 ], [ 115.091671024000107, -8.840563958999951, 0.0 ], [ 115.09142900400002, -8.840405997999937, 0.0 ], [ 115.091402971000093, -8.840382003999935, 0.0 ], [ 115.09004298800005, -8.839707037999972, 0.0 ], [ 115.089239969, -8.839159006999978, 0.0 ], [ 115.088516030000051, -8.83869697199998, 0.0 ], [ 115.087840988000039, -8.838301980999972, 0.0 ], [ 115.087072965000061, -8.837945017999971, 0.0 ], [ 115.087072992000117, -8.837939956999946, 0.0 ], [ 115.086771006000049, -8.837638969999944, 0.0 ], [ 115.086424002000058, -8.837129957999935, 0.0 ], [ 115.086167972000112, -8.836609027999941, 0.0 ], [ 115.086045989000013, -8.83623999699995, 0.0 ], [ 115.085964003000072, -8.835715977999939, 0.0 ], [ 115.085730001000115, -8.834179957999936, 0.0 ], [ 115.085378983000055, -8.832852038999931, 0.0 ], [ 115.085271025000111, -8.832365035999942, 0.0 ], [ 115.08523901600006, -8.831857993999961, 0.0 ], [ 115.085244975000023, -8.831720006999944, 0.0 ] ] ] ] } },
{ "type": "Feature", "properties": { "REMARK": "Pasir/Bukit Pasir Laut", "SHAPE_Leng": 0.13167305111, "SHAPE_Area": 8.912636e-05 }, "geometry": { "type": "MultiPolygon", "coordinates": [ [ [ [ 115.083932989000118, -8.82923296599995, 0.0 ], [ 115.083570008000038, -8.827000956999939, 0.0 ], [ 115.083573013000091, -8.826085012999954, 0.0 ], [ 115.083586974000013, -8.825441995999938, 0.0 ], [ 115.083757013000081, -8.824384005999946, 0.0 ], [ 115.083753026000068, -8.824226986999975, 0.0 ], [ 115.083719017000021, -8.823976989999949, 0.0 ], [ 115.083833976000051, -8.822670973999948, 0.0 ], [ 115.084017974000062, -8.821841004999953, 0.0 ], [ 115.084247993000076, -8.82044302099996, 0.0 ], [ 115.084332997000047, -8.819988998999975, 0.0 ], [ 115.084536036000031, -8.819447996999941, 0.0 ], [ 115.085324965000041, -8.817659957999979, 0.0 ], [ 115.085461007000049, -8.817277960999945, 0.0 ], [ 115.08555401000001, -8.816769025999974, 0.0 ], [ 115.085622991000037, -8.816297024999926, 0.0 ], [ 115.085772, -8.815797955999926, 0.0 ], [ 115.08591896300004, -8.815507031999971, 0.0 ], [ 115.086243025000044, -8.815126986999928, 0.0 ], [ 115.087271033000093, -8.814163022999935, 0.0 ], [ 115.087581966000016, -8.813930959999936, 0.0 ], [ 115.088391970000089, -8.813576974999933, 0.0 ], [ 115.089431009, -8.81325000399994, 0.0 ], [ 115.091613966000068, -8.812618003999944, 0.0 ], [ 115.092469030000075, -8.812347030999945, 0.0 ], [ 115.092650968000044, -8.812293, 0.0 ], [ 115.092691003000027, -8.812290039999937, 0.0 ], [ 115.093687004000117, -8.812126975999945, 0.0 ], [ 115.094200974000046, -8.81206604099998, 0.0 ], [ 115.094657974000029, -8.812036994999971, 0.0 ], [ 115.095135988000038, -8.811928965999925, 0.0 ], [ 115.096566002000031, -8.811439993999954, 0.0 ], [ 115.097159980000015, -8.811179979999963, 0.0 ], [ 115.098397004000049, -8.810458002999951, 0.0 ], [ 115.099421025000083, -8.80988498399995, 0.0 ], [ 115.10027900800003, -8.809524975999977, 0.0 ], [ 115.101131979000115, -8.809250986999928, 0.0 ], [ 115.101912999000092, -8.809066023999947, 0.0 ], [ 115.103197990000012, -8.809002007999936, 0.0 ], [ 115.103664004000052, -8.80893900999996, 0.0 ], [ 115.104107964000036, -8.808792020999931, 0.0 ], [ 115.104788989000099, -8.808464008999977, 0.0 ], [ 115.105461002000084, -8.808065991999968, 0.0 ], [ 115.106512004000024, -8.807430990999933, 0.0 ], [ 115.107863992000034, -8.806615010999963, 0.0 ], [ 115.108350006000023, -8.806347019999976, 0.0 ], [ 115.108875015000081, -8.806133004999936, 0.0 ], [ 115.109464011000114, -8.805951035999954, 0.0 ], [ 115.10991801800003, -8.805742988999953, 0.0 ], [ 115.110527029000082, -8.805367962999981, 0.0 ], [ 115.111151977000077, -8.804908956999952, 0.0 ], [ 115.112753034000093, -8.803771977999929, 0.0 ], [ 115.113247966000017, -8.803414, 0.0 ], [ 115.113639029000069, -8.803041037999947, 0.0 ], [ 115.113845963000017, -8.802771006999933, 0.0 ], [ 115.114014974000042, -8.802442033999966, 0.0 ], [ 115.114163982000036, -8.801889976999973, 0.0 ], [ 115.114305996000098, -8.801223997999955, 0.0 ], [ 115.114561995000031, -8.800424998999972, 0.0 ], [ 115.114842995000117, -8.799586986999941, 0.0 ], [ 115.11518, -8.798121972999979, 0.0 ], [ 115.115262963000077, -8.79782501699998, 0.0 ], [ 115.115401036000094, -8.797567021999953, 0.0 ], [ 115.11559502700004, -8.797335969999949, 0.0 ], [ 115.116085025000075, -8.796987993999949, 0.0 ], [ 115.11650897100003, -8.796705035999935, 0.0 ], [ 115.116828994000116, -8.796433035999939, 0.0 ], [ 115.117066967000028, -8.796143994999966, 0.0 ], [ 115.117188970000029, -8.795891974999961, 0.0 ], [ 115.117387977000021, -8.795186959999967, 0.0 ], [ 115.117606010000031, -8.794246039999962, 0.0 ], [ 115.117773018000094, -8.793763034999927, 0.0 ], [ 115.117925988000025, -8.793447987999969, 0.0 ], [ 115.118085976000089, -8.793241982999973, 0.0 ], [ 115.118538036000018, -8.792925989999958, 0.0 ], [ 115.12061901200002, -8.792100029999972, 0.0 ], [ 115.122612006000054, -8.791184043999976, 0.0 ], [ 115.123220969000045, -8.790855990999944, 0.0 ], [ 115.123708020000095, -8.79052497899994, 0.0 ], [ 115.124069019000103, -8.79025398899995, 0.0 ], [ 115.124449030000051, -8.790031991999967, 0.0 ], [ 115.124858011000015, -8.789861026999972, 0.0 ], [ 115.124908011000116, -8.789843017999942, 0.0 ], [ 115.124952986000039, -8.790123983999933, 0.0 ], [ 115.124961991000077, -8.790360028999942, 0.0 ], [ 115.12488901200004, -8.790446979999956, 0.0 ], [ 115.124185988000022, -8.790985982999928, 0.0 ], [ 115.123680983000099, -8.791414975999942, 0.0 ], [ 115.12343201200008, -8.791701979999971, 0.0 ], [ 115.122902965000094, -8.792484986999966, 0.0 ], [ 115.122333974000071, -8.793252969999969, 0.0 ], [ 115.122137977000079, -8.793437014999938, 0.0 ], [ 115.121578991000092, -8.793944009999962, 0.0 ], [ 115.121365024000056, -8.79400603299996, 0.0 ], [ 115.120398023, -8.794030040999928, 0.0 ], [ 115.120125025000107, -8.793954018999955, 0.0 ], [ 115.119990979000022, -8.79381596199994, 0.0 ], [ 115.119894026000111, -8.793618976999937, 0.0 ], [ 115.11970502600002, -8.793232985999964, 0.0 ], [ 115.119572018000099, -8.793112016999942, 0.0 ], [ 115.119448994000095, -8.793076964999955, 0.0 ], [ 115.119294021000087, -8.793106018999936, 0.0 ], [ 115.119104987000014, -8.793216973999961, 0.0 ], [ 115.118808015000013, -8.793495960999962, 0.0 ], [ 115.118641005000086, -8.79375697699993, 0.0 ], [ 115.118385023000087, -8.794348001999936, 0.0 ], [ 115.118280966000043, -8.794815956999969, 0.0 ], [ 115.118095016000098, -8.795606995999947, 0.0 ], [ 115.118058967000024, -8.795844983999928, 0.0 ], [ 115.118054989000029, -8.795949993999955, 0.0 ], [ 115.118054034000011, -8.795961015999978, 0.0 ], [ 115.11801498300008, -8.796081034999929, 0.0 ], [ 115.117808029000116, -8.796594029999937, 0.0 ], [ 115.117733029000078, -8.796931971999982, 0.0 ], [ 115.117707032000112, -8.797420019999947, 0.0 ], [ 115.117655989000014, -8.797836989999951, 0.0 ], [ 115.117490005000036, -8.798428011999931, 0.0 ], [ 115.117339008000044, -8.799049025999977, 0.0 ], [ 115.117256997000027, -8.799394976999963, 0.0 ], [ 115.117170032000104, -8.79978700099997, 0.0 ], [ 115.116885018000062, -8.800886031999937, 0.0 ], [ 115.116545021000093, -8.802054022999926, 0.0 ], [ 115.116076977000034, -8.803112004999946, 0.0 ], [ 115.115846979000025, -8.803452965999952, 0.0 ], [ 115.115432012000042, -8.803870009999969, 0.0 ], [ 115.114765993000105, -8.804449032999969, 0.0 ], [ 115.114149033000103, -8.804900041999929, 0.0 ], [ 115.113552979000019, -8.805233019999946, 0.0 ], [ 115.113118014000065, -8.805499013999963, 0.0 ], [ 115.112708015000067, -8.805836990999978, 0.0 ], [ 115.112351988000114, -8.80611296099994, 0.0 ], [ 115.110794027000111, -8.807172961999981, 0.0 ], [ 115.110548019000021, -8.807197034999945, 0.0 ], [ 115.110298010000065, -8.807138021999947, 0.0 ], [ 115.109931024000048, -8.807062963999954, 0.0 ], [ 115.109452983000097, -8.807162968999933, 0.0 ], [ 115.109155021000106, -8.807337994999955, 0.0 ], [ 115.107298972000081, -8.808609971999942, 0.0 ], [ 115.105539024000109, -8.809815986999979, 0.0 ], [ 115.105365996000046, -8.809915984999975, 0.0 ], [ 115.105029978000061, -8.810058005999963, 0.0 ], [ 115.10382000200002, -8.810739017999936, 0.0 ], [ 115.103692998000042, -8.810851992999972, 0.0 ], [ 115.10333, -8.811082000999932, 0.0 ], [ 115.1033079770001, -8.811079991999975, 0.0 ], [ 115.103156013000103, -8.811032043999944, 0.0 ], [ 115.102070022000021, -8.810589998999944, 0.0 ], [ 115.101834024000027, -8.810575971999981, 0.0 ], [ 115.101380972000015, -8.81055099799994, 0.0 ], [ 115.101117989000045, -8.810449973999937, 0.0 ], [ 115.100719964000064, -8.810303978999968, 0.0 ], [ 115.10044997600005, -8.810298004999936, 0.0 ], [ 115.100206007000111, -8.810348020999982, 0.0 ], [ 115.10003296800005, -8.81045000499995, 0.0 ], [ 115.099872996000045, -8.810620024999935, 0.0 ], [ 115.099872012000105, -8.810622008999928, 0.0 ], [ 115.099359979000042, -8.811183968999956, 0.0 ], [ 115.098946967000074, -8.81150699799997, 0.0 ], [ 115.098365, -8.81198300799997, 0.0 ], [ 115.097517038000092, -8.812594965999949, 0.0 ], [ 115.096270006000054, -8.813323032999961, 0.0 ], [ 115.095426019000115, -8.813699008999947, 0.0 ], [ 115.094947008000076, -8.81373797699996, 0.0 ], [ 115.094446004000019, -8.813842000999955, 0.0 ], [ 115.093972029000042, -8.813804979999929, 0.0 ], [ 115.093589011000063, -8.813714007999977, 0.0 ], [ 115.092866023000056, -8.813468015999945, 0.0 ], [ 115.092620023000109, -8.813519009999936, 0.0 ], [ 115.092338994000102, -8.813649003999956, 0.0 ], [ 115.092114, -8.813724960999934, 0.0 ], [ 115.091942981000102, -8.813680977999979, 0.0 ], [ 115.091329026000039, -8.813481001999946, 0.0 ], [ 115.091112974000112, -8.813523017999955, 0.0 ], [ 115.090785007000022, -8.813643009999964, 0.0 ], [ 115.090807969000025, -8.813651984999979, 0.0 ], [ 115.090427015000046, -8.813889027999949, 0.0 ], [ 115.090222005000101, -8.813969964999956, 0.0 ], [ 115.089755989000082, -8.813974013999939, 0.0 ], [ 115.089610998000012, -8.81398403299994, 0.0 ], [ 115.089309031000084, -8.814236027999925, 0.0 ], [ 115.089137028000096, -8.814369013999965, 0.0 ], [ 115.088572004000071, -8.814637023999978, 0.0 ], [ 115.088386019000041, -8.814748968999936, 0.0 ], [ 115.088289975000066, -8.814859020999961, 0.0 ], [ 115.088233008000088, -8.81523997599993, 0.0 ], [ 115.088226012000064, -8.816002970999932, 0.0 ], [ 115.088207990000114, -8.816140987999972, 0.0 ], [ 115.088053013000035, -8.8163, 0.0 ], [ 115.087451016000045, -8.816849007999963, 0.0 ], [ 115.087367992000054, -8.816963012999963, 0.0 ], [ 115.087239976000092, -8.817475024999965, 0.0 ], [ 115.087137967000103, -8.818045015999928, 0.0 ], [ 115.08690897200006, -8.818489989999932, 0.0 ], [ 115.086269, -8.819892034999953, 0.0 ], [ 115.086162005, -8.820090969999967, 0.0 ], [ 115.085711018000097, -8.820595006999952, 0.0 ], [ 115.085286006000047, -8.821089957999959, 0.0 ], [ 115.085193005000065, -8.821249012999942, 0.0 ], [ 115.0851539680001, -8.821480017999932, 0.0 ], [ 115.085213014000033, -8.821860025999968, 0.0 ], [ 115.085255988000085, -8.822391979999963, 0.0 ], [ 115.085199006000039, -8.822730993999926, 0.0 ], [ 115.085108972000057, -8.82317197499998, 0.0 ], [ 115.085088973000097, -8.823605991999955, 0.0 ], [ 115.085087993000116, -8.824042997999982, 0.0 ], [ 115.085054979, -8.824253967999937, 0.0 ], [ 115.084985015000029, -8.824377980999941, 0.0 ], [ 115.084607996000045, -8.824634015999948, 0.0 ], [ 115.084141987000066, -8.82470701799997, 0.0 ], [ 115.084046965000084, -8.824749013999963, 0.0 ], [ 115.083999988000073, -8.824848016999965, 0.0 ], [ 115.084009971000114, -8.825063002999968, 0.0 ], [ 115.084093996000092, -8.825293009999939, 0.0 ], [ 115.084286004000091, -8.825612957999965, 0.0 ], [ 115.084388032000106, -8.825898009999946, 0.0 ], [ 115.084255982000059, -8.826521985999932, 0.0 ], [ 115.084232972000109, -8.826682029999972, 0.0 ], [ 115.084415012000022, -8.827031031999979, 0.0 ], [ 115.084575026000039, -8.827305985999942, 0.0 ], [ 115.084640990000025, -8.827841038999964, 0.0 ], [ 115.084587002000035, -8.828775975999974, 0.0 ], [ 115.084540973000117, -8.828966994999973, 0.0 ], [ 115.084459004000109, -8.82907901599998, 0.0 ], [ 115.084077016000037, -8.829193028999953, 0.0 ], [ 115.083932989000118, -8.82923296599995, 0.0 ] ] ] ] } },
{ "type": "Feature", "properties": { "REMARK": "Pasir/Bukit Pasir Laut", "SHAPE_Leng": 0.04270425961, "SHAPE_Area": 2.742492e-05 }, "geometry": { "type": "MultiPolygon", "coordinates": [ [ [ [ 114.434799032000114, -8.163168968999969, 0.0 ], [ 114.434437013000093, -8.163577037999971, 0.0 ], [ 114.434344004000081, -8.163878032999946, 0.0 ], [ 114.43422299000008, -8.164523982999981, 0.0 ], [ 114.434047967000083, -8.164738986999964, 0.0 ], [ 114.433684023000069, -8.16505000899997, 0.0 ], [ 114.433265977000019, -8.165447962999963, 0.0 ], [ 114.433220008000035, -8.16549103899996, 0.0 ], [ 114.433063972000014, -8.165753957999925, 0.0 ], [ 114.43291096300004, -8.166221986999972, 0.0 ], [ 114.432824025000059, -8.166731001999949, 0.0 ], [ 114.432782969000073, -8.167538006999962, 0.0 ], [ 114.432840995000106, -8.167854956999975, 0.0 ], [ 114.433096024000065, -8.168788974999927, 0.0 ], [ 114.433106989000066, -8.169156040999951, 0.0 ], [ 114.433045034000088, -8.169360015999928, 0.0 ], [ 114.432940017000078, -8.169479964999937, 0.0 ], [ 114.43257699500009, -8.169750964999935, 0.0 ], [ 114.432133030000045, -8.170061023999949, 0.0 ], [ 114.432101024000076, -8.170084039999949, 0.0 ], [ 114.431989030000068, -8.170253996999975, 0.0 ], [ 114.431846034000046, -8.170593974999974, 0.0 ], [ 114.431667975000096, -8.171236034999936, 0.0 ], [ 114.431625971000017, -8.171793038999965, 0.0 ], [ 114.431644977000019, -8.172738024999944, 0.0 ], [ 114.431760001000043, -8.173461996999947, 0.0 ], [ 114.431899994000105, -8.174351012999978, 0.0 ], [ 114.432049010000014, -8.174624993999942, 0.0 ], [ 114.432274995000057, -8.174850041999946, 0.0 ], [ 114.43260599000007, -8.175201974999936, 0.0 ], [ 114.432842973000106, -8.175555027999962, 0.0 ], [ 114.433028024, -8.175795988999937, 0.0 ], [ 114.433203008000078, -8.176008967999962, 0.0 ], [ 114.43353597700002, -8.176415031999966, 0.0 ], [ 114.43355000400004, -8.176466980999976, 0.0 ], [ 114.433589989000097, -8.176622996999981, 0.0 ], [ 114.433629972000062, -8.177013014999943, 0.0 ], [ 114.433623984000064, -8.177083990999961, 0.0 ], [ 114.433595985000011, -8.177404008999929, 0.0 ], [ 114.433516004000012, -8.177643014999944, 0.0 ], [ 114.433514002000038, -8.177652037999962, 0.0 ], [ 114.433284033000064, -8.178283016999956, 0.0 ], [ 114.433262966000029, -8.178442981999979, 0.0 ], [ 114.433285030000093, -8.178653001999976, 0.0 ], [ 114.433365002000073, -8.17895301599998, 0.0 ], [ 114.433634975000018, -8.179561964999948, 0.0 ], [ 114.433899968000105, -8.180025962999935, 0.0 ], [ 114.434289001000025, -8.180471956999952, 0.0 ], [ 114.434072988000025, -8.180627971999968, 0.0 ], [ 114.433951974000024, -8.180710955999928, 0.0 ], [ 114.433665984000072, -8.180980003999935, 0.0 ], [ 114.433165021000036, -8.181230970999934, 0.0 ], [ 114.432639992000077, -8.18145603499994, 0.0 ], [ 114.43220399400002, -8.181558970999959, 0.0 ], [ 114.432054982000068, -8.181541037999978, 0.0 ], [ 114.431976013000053, -8.181469972999935, 0.0 ], [ 114.431929018, -8.181345986999929, 0.0 ], [ 114.431955975000051, -8.181153986999959, 0.0 ], [ 114.432055966, -8.180861983999932, 0.0 ], [ 114.43234798900005, -8.179977971999961, 0.0 ], [ 114.432370965000018, -8.179625035999948, 0.0 ], [ 114.432319992000089, -8.179257986999971, 0.0 ], [ 114.432224022000014, -8.179039003999947, 0.0 ], [ 114.432030992000023, -8.178770977999932, 0.0 ], [ 114.431647035000083, -8.178339018999964, 0.0 ], [ 114.431384986000012, -8.177987974999951, 0.0 ], [ 114.430866974000082, -8.177129983999976, 0.0 ], [ 114.43043302600006, -8.176259968999943, 0.0 ], [ 114.430284013, -8.175764001999937, 0.0 ], [ 114.430189967000047, -8.175268022999944, 0.0 ], [ 114.430135977000077, -8.174625030999948, 0.0 ], [ 114.430172016000029, -8.174170987999958, 0.0 ], [ 114.430573005000042, -8.172059019999949, 0.0 ], [ 114.430772963000095, -8.171360992999951, 0.0 ], [ 114.430918012, -8.170759018999945, 0.0 ], [ 114.430957994000096, -8.17029596499998, 0.0 ], [ 114.430994991000034, -8.170053975999963, 0.0 ], [ 114.431063002000087, -8.169605013999956, 0.0 ], [ 114.431256002000055, -8.168790030999958, 0.0 ], [ 114.431741037000052, -8.167097989999945, 0.0 ], [ 114.431954033000011, -8.166547040999944, 0.0 ], [ 114.432523027000116, -8.165419035999946, 0.0 ], [ 114.432975965000082, -8.164757032999944, 0.0 ], [ 114.433232973000031, -8.16429300599998, 0.0 ], [ 114.433443965000038, -8.163972973999932, 0.0 ], [ 114.433772966000106, -8.163618001999964, 0.0 ], [ 114.43440599600001, -8.163094017999981, 0.0 ], [ 114.4345480180001, -8.163046038999937, 0.0 ], [ 114.434799032000114, -8.163168968999969, 0.0 ] ] ] ] } },
{ "type": "Feature", "properties": { "REMARK": "Pasir/Bukit Pasir Laut", "SHAPE_Leng": 0.02388875727, "SHAPE_Area": 4.27631e-06 }, "geometry": { "type": "MultiPolygon", "coordinates": [ [ [ [ 114.470637011, -8.249999991999971, 0.0 ], [ 114.470160967000083, -8.249999966999951, 0.0 ], [ 114.469787016000055, -8.249050004999958, 0.0 ], [ 114.469575985, -8.248488043999942, 0.0 ], [ 114.469263993000027, -8.247523023999975, 0.0 ], [ 114.468986033000078, -8.246828998999945, 0.0 ], [ 114.468704025000079, -8.245960029999935, 0.0 ], [ 114.468398979000085, -8.245525955999938, 0.0 ], [ 114.468140014000028, -8.245255977999932, 0.0 ], [ 114.467696007000086, -8.244760037999981, 0.0 ], [ 114.467380037000112, -8.244455998999968, 0.0 ], [ 114.466913007000016, -8.244051980999927, 0.0 ], [ 114.466611024000031, -8.243572025999981, 0.0 ], [ 114.466074963000096, -8.242778972999929, 0.0 ], [ 114.465767976000052, -8.242439030999947, 0.0 ], [ 114.465683990000116, -8.242366038999933, 0.0 ], [ 114.465124990000049, -8.241874972999938, 0.0 ], [ 114.464829963000057, -8.24146598699997, 0.0 ], [ 114.464538975000096, -8.241069043999971, 0.0 ], [ 114.464359967000064, -8.24091802099997, 0.0 ], [ 114.464319989000046, -8.240806003999978, 0.0 ], [ 114.464258983000036, -8.240307966999978, 0.0 ], [ 114.464735012, -8.241047966999929, 0.0 ], [ 114.465133027000093, -8.24144703199994, 0.0 ], [ 114.465686988000016, -8.24200104099998, 0.0 ], [ 114.465759012000035, -8.242072963999931, 0.0 ], [ 114.467126988000018, -8.243586038999979, 0.0 ], [ 114.467457966000097, -8.243952965999938, 0.0 ], [ 114.468228975000102, -8.244805959999951, 0.0 ], [ 114.468720007000115, -8.245352973999957, 0.0 ], [ 114.469037019000098, -8.245810976999962, 0.0 ], [ 114.469297970000071, -8.246251006999955, 0.0 ], [ 114.469547980000016, -8.246893986999964, 0.0 ], [ 114.469709025000043, -8.247306009999932, 0.0 ], [ 114.469807020000076, -8.247611020999955, 0.0 ], [ 114.469928018000019, -8.248097963999953, 0.0 ], [ 114.470209003000036, -8.248893019999969, 0.0 ], [ 114.470286003000069, -8.249111973999959, 0.0 ], [ 114.470637011, -8.249999991999971, 0.0 ] ] ] ] } }
]
}
