{
"type": "FeatureCollection",
"name": "public_support_facillities",
"crs": { "type": "name", "properties": { "name": "urn:ogc:def:crs:OGC:1.3:CRS84" } },
"features": [
{ "type": "Feature", "properties": { "name": "Rumah Sakit Umum Negara", "facilities": "hospital", "lat": -8.35404, "lon": 114.62 }, "geometry": { "type": "Point", "coordinates": [ 114.6202709, -8.3540435 ] } },
{ "type": "Feature", "properties": { "name": "Kasih Ibu General Hospital (Uluwatu)", "facilities": "hospital", "lat": -8.76022, "lon": 115.176 }, "geometry": { "type": "Point", "coordinates": [ 115.1758366, -8.7602199 ] } },
{ "type": "Feature", "properties": { "name": "Klinik Putu Manuaba", "facilities": "hospital", "lat": -8.73685, "lon": 115.168 }, "geometry": { "type": "Point", "coordinates": [ 115.1679516, -8.7368514 ] } },
{ "type": "Feature", "properties": { "name": "Puskesmas Kelan", "facilities": "hospital", "lat": -8.75452, "lon": 115.177 }, "geometry": { "type": "Point", "coordinates": [ 115.1774988, -8.7545182 ] } },
{ "type": "Feature", "properties": { "name": "Padma Medical", "facilities": "clinic", "lat": -8.7004, "lon": 115.166 }, "geometry": { "type": "Point", "coordinates": [ 115.1660579, -8.700402 ] } },
{ "type": "Feature", "properties": { "name": "Kasih Ibu", "facilities": "hospital", "lat": -8.62802, "lon": 115.171 }, "geometry": { "type": "Point", "coordinates": [ 115.1712761, -8.6280229 ] } },
{ "type": "Feature", "properties": { "name": "puskesmas Sibang kaja", "facilities": "hospital", "lat": -8.56989, "lon": 115.221 }, "geometry": { "type": "Point", "coordinates": [ 115.2209213, -8.5698912 ] } },
{ "type": "Feature", "properties": { "name": "Puskesmas", "facilities": "clinic", "lat": -8.41912, "lon": 115.309 }, "geometry": { "type": "Point", "coordinates": [ 115.3090153, -8.4191232 ] } },
{ "type": "Feature", "properties": { "name": "Praktek Bidan PTT", "facilities": "clinic", "lat": -8.19101, "lon": 115.472 }, "geometry": { "type": "Point", "coordinates": [ 115.4720588, -8.1910116 ] } },
{ "type": "Feature", "properties": { "name": "Puskesmas", "facilities": "hospital", "lat": -8.47415, "lon": 115.547 }, "geometry": { "type": "Point", "coordinates": [ 115.5474422, -8.4741486 ] } },
{ "type": "Feature", "properties": { "name": "Klinik Manuaba", "facilities": "clinic", "lat": -8.72959, "lon": 115.177 }, "geometry": { "type": "Point", "coordinates": [ 115.1770714, -8.7295856 ] } },
{ "type": "Feature", "properties": { "name": "Legian Clinic", "facilities": "clinic", "lat": -8.71194, "lon": 115.173 }, "geometry": { "type": "Point", "coordinates": [ 115.1728269, -8.7119366 ] } },
{ "type": "Feature", "properties": { "name": "Puskesmas Gerokgak ll", "facilities": "hospital", "lat": -8.14415, "lon": 114.59 }, "geometry": { "type": "Point", "coordinates": [ 114.5895985, -8.1441468 ] } },
{ "type": "Feature", "properties": { "name": "Karya Prima", "facilities": "clinic", "lat": -8.68482, "lon": 115.216 }, "geometry": { "type": "Point", "coordinates": [ 115.215697, -8.6848155 ] } },
{ "type": "Feature", "properties": { "name": "Natasha Skin Clinic Center - Kuta", "facilities": "clinic", "lat": -8.70928, "lon": 115.184 }, "geometry": { "type": "Point", "coordinates": [ 115.1840666, -8.7092845 ] } },
{ "type": "Feature", "properties": { "name": "Pertamedica clinic", "facilities": "clinic", "lat": -8.68128, "lon": 115.191 }, "geometry": { "type": "Point", "coordinates": [ 115.1905897, -8.6812842 ] } },
{ "type": "Feature", "properties": { "name": "Rumah Sakit Jiwa Provinsi Bali", "facilities": "hospital", "lat": -8.45392, "lon": 115.352 }, "geometry": { "type": "Point", "coordinates": [ 115.3520053, -8.4539236 ] } },
{ "type": "Feature", "properties": { "name": "Rumah Sakit Dharma Kerti", "facilities": "hospital", "lat": -8.53955, "lon": 115.119 }, "geometry": { "type": "Point", "coordinates": [ 115.1190891, -8.5395546 ] } },
{ "type": "Feature", "properties": { "name": "Rumah Sakit Umum Karya Dharma Husada", "facilities": "hospital", "lat": -8.12216, "lon": 115.095 }, "geometry": { "type": "Point", "coordinates": [ 115.0948171, -8.1221635 ] } },
{ "type": "Feature", "properties": { "name": "Rumah Sakit Umum Kertha Usada", "facilities": "hospital", "lat": -8.11004, "lon": 115.086 }, "geometry": { "type": "Point", "coordinates": [ 115.0861758, -8.1100428 ] } },
{ "type": "Feature", "properties": { "name": "Rumah Sakit Umum Daerah Kabupaten Klungkung", "facilities": "hospital", "lat": -8.53878, "lon": 115.395 }, "geometry": { "type": "Point", "coordinates": [ 115.3949388, -8.5387815 ] } },
{ "type": "Feature", "properties": { "name": "Rumah Sakit Umum Singaraja", "facilities": "hospital", "lat": -8.12047, "lon": 115.093 }, "geometry": { "type": "Point", "coordinates": [ 115.0925921, -8.1204696 ] } },
{ "type": "Feature", "properties": { "name": "Rumah Sakit TNI-AD Singaraja", "facilities": "hospital", "lat": -8.11382, "lon": 115.092 }, "geometry": { "type": "Point", "coordinates": [ 115.0916689, -8.1138198 ] } },
{ "type": "Feature", "properties": { "name": "International SOS Bali Clinic", "facilities": "hospital", "lat": -8.7217, "lon": 115.191 }, "geometry": { "type": "Point", "coordinates": [ 115.1914124, -8.7216974 ] } },
{ "type": "Feature", "properties": { "name": "Udayana Veterinary Clinic", "facilities": "clinic", "lat": -8.79519, "lon": 115.186 }, "geometry": { "type": "Point", "coordinates": [ 115.1857098, -8.7951938 ] } },
{ "type": "Feature", "properties": { "name": "Toya", "facilities": "hospital", "lat": -8.52419, "lon": 115.264 }, "geometry": { "type": "Point", "coordinates": [ 115.2644531, -8.5241883 ] } },
{ "type": "Feature", "properties": { "name": "Erha Clinic", "facilities": "clinic", "lat": -8.67352, "lon": 115.239 }, "geometry": { "type": "Point", "coordinates": [ 115.2385835, -8.6735226 ] } },
{ "type": "Feature", "properties": { "name": "Klinik Tiara Husada", "facilities": "clinic", "lat": -8.74113, "lon": 115.179 }, "geometry": { "type": "Point", "coordinates": [ 115.1786158, -8.7411297 ] } },
{ "type": "Feature", "properties": { "name": "Laboratorium Klinik Prodia", "facilities": "clinic", "lat": -8.67183, "lon": 115.215 }, "geometry": { "type": "Point", "coordinates": [ 115.2152889, -8.6718265 ] } },
{ "type": "Feature", "properties": { "name": "Jalan Rumah Sakit Unud", "facilities": "hospital", "lat": -8.78917, "lon": 115.175 }, "geometry": { "type": "Point", "coordinates": [ 115.1751711, -8.7891663 ] } },
{ "type": "Feature", "properties": { "name": "Ubud Clinic", "facilities": "hospital", "lat": -8.50471, "lon": 115.255 }, "geometry": { "type": "Point", "coordinates": [ 115.2554075, -8.5047105 ] } },
{ "type": "Feature", "properties": { "name": "RSU Premagana", "facilities": "hospital", "lat": -8.61486, "lon": 115.258 }, "geometry": { "type": "Point", "coordinates": [ 115.2575308, -8.6148576 ] } },
{ "type": "Feature", "properties": { "name": "Tirta rahayu", "facilities": "clinic", "lat": -8.67836, "lon": 115.161 }, "geometry": { "type": "Point", "coordinates": [ 115.1605426, -8.6783565 ] } },
{ "type": "Feature", "properties": { "name": "Canggu Medical", "facilities": "clinic", "lat": -8.64076, "lon": 115.143 }, "geometry": { "type": "Point", "coordinates": [ 115.1431016, -8.6407601 ] } },
{ "type": "Feature", "properties": { "name": "SiloamMedika", "facilities": "hospital", "lat": -8.6435, "lon": 115.156 }, "geometry": { "type": "Point", "coordinates": [ 115.1558842, -8.6435023 ] } },
{ "type": "Feature", "properties": { "name": "Maitri Medical", "facilities": "clinic", "lat": -8.52336, "lon": 115.263 }, "geometry": { "type": "Point", "coordinates": [ 115.263484, -8.5233608 ] } },
{ "type": "Feature", "properties": { "name": "Green Code Medical Assistance STITCHES", "facilities": "clinic", "lat": -8.83055, "lon": 115.133 }, "geometry": { "type": "Point", "coordinates": [ 115.1329427, -8.8305498 ] } },
{ "type": "Feature", "properties": { "name": "Polindes Seraya Barat", "facilities": "clinic", "lat": -8.43877, "lon": 115.646 }, "geometry": { "type": "Point", "coordinates": [ 115.6455003, -8.4387687 ] } },
{ "type": "Feature", "properties": { "name": "RSUD Bangli", "facilities": "hospital", "lat": -8.45647, "lon": 115.353 }, "geometry": { "type": "Point", "coordinates": [ 115.3527596, -8.4564672 ] } },
{ "type": "Feature", "properties": { "name": "BaliMéd Canggu", "facilities": "hospital", "lat": -8.63846, "lon": 115.149 }, "geometry": { "type": "Point", "coordinates": [ 115.1493506, -8.6384581 ] } },
{ "type": "Feature", "properties": { "name": "AmrtaSiddhi Aryuvedic Health Center", "facilities": "clinic", "lat": -8.52224, "lon": 115.255 }, "geometry": { "type": "Point", "coordinates": [ 115.2548832, -8.5222439 ] } },
{ "type": "Feature", "properties": { "name": "Sivana rehab", "facilities": "clinic", "lat": -8.66559, "lon": 115.16 }, "geometry": { "type": "Point", "coordinates": [ 115.1598494, -8.6655916 ] } },
{ "type": "Feature", "properties": { "name": "BIMC Ubud", "facilities": "hospital", "lat": -8.4876, "lon": 115.254 }, "geometry": { "type": "Point", "coordinates": [ 115.2538212, -8.487599 ] } },
{ "type": "Feature", "properties": { "name": "East Medical Care Center", "facilities": "clinic", "lat": -8.68783, "lon": 115.437 }, "geometry": { "type": "Point", "coordinates": [ 115.4373897, -8.6878283 ] } },
{ "type": "Feature", "properties": { "name": "Ubud care", "facilities": "clinic", "lat": -8.51374, "lon": 115.268 }, "geometry": { "type": "Point", "coordinates": [ 115.2678348, -8.5137374 ] } },
{ "type": "Feature", "properties": { "name": "Toya Medical Clinic", "facilities": "clinic", "lat": -8.48882, "lon": 115.27 }, "geometry": { "type": "Point", "coordinates": [ 115.2698181, -8.4888188 ] } },
{ "type": "Feature", "properties": { "name": "Ubud Care Clinic", "facilities": "clinic", "lat": -8.52394, "lon": 115.269 }, "geometry": { "type": "Point", "coordinates": [ 115.2693568, -8.5239427 ] } },
{ "type": "Feature", "properties": { "name": "SOS Clinic", "facilities": "clinic", "lat": -8.78415, "lon": 115.166 }, "geometry": { "type": "Point", "coordinates": [ 115.1660573, -8.7841529 ] } },
{ "type": "Feature", "properties": { "name": "Klinik Adi Medica", "facilities": "clinic", "lat": -8.63998, "lon": 115.152 }, "geometry": { "type": "Point", "coordinates": [ 115.1518346, -8.639982 ] } },
{ "type": "Feature", "properties": { "name": "Rejuvenate", "facilities": "hospital", "lat": -8.70848, "lon": 115.178 }, "geometry": { "type": "Point", "coordinates": [ 115.1783917, -8.7084829 ] } },
{ "type": "Feature", "properties": { "name": "BaliMéd", "facilities": "hospital", "lat": -8.12746, "lon": 115.088 }, "geometry": { "type": "Point", "coordinates": [ 115.0884129, -8.1274599 ] } },
{ "type": "Feature", "properties": { "name": "Parama Sidhi Hospital", "facilities": "hospital", "lat": -8.12297, "lon": 115.071 }, "geometry": { "type": "Point", "coordinates": [ 115.0713879, -8.1229735 ] } },
{ "type": "Feature", "properties": { "name": "Bali Royal Hospital", "facilities": "hospital", "lat": -8.66842, "lon": 115.228 }, "geometry": { "type": "Point", "coordinates": [ 115.2278393, -8.6684209 ] } },
{ "type": "Feature", "properties": { "name": "Rumah Sakit Ibu Dan Anak Harapan Bunda", "facilities": "hospital", "lat": -8.67365, "lon": 115.232 }, "geometry": { "type": "Point", "coordinates": [ 115.2324413, -8.6736469 ] } },
{ "type": "Feature", "properties": { "name": "puskesmas petang II", "facilities": "clinic", "lat": -8.29531, "lon": 115.226 }, "geometry": { "type": "Point", "coordinates": [ 115.225855, -8.2953139 ] } },
{ "type": "Feature", "properties": { "name": "Polindes Seraya Barat", "facilities": "clinic", "lat": -8.43883, "lon": 115.646 }, "geometry": { "type": "Point", "coordinates": [ 115.6455491, -8.4388335 ] } },
{ "type": "Feature", "properties": { "name": "Puskesmas Pembantu Desa Batu Madeg", "facilities": "clinic", "lat": -8.74739, "lon": 115.507 }, "geometry": { "type": "Point", "coordinates": [ 115.5071087, -8.7473943 ] } },
{ "type": "Feature", "properties": { "name": "The Bali Physio - Pererenan", "facilities": "clinic", "lat": -8.64101, "lon": 115.135 }, "geometry": { "type": "Point", "coordinates": [ 115.1350133, -8.641007 ] } },
{ "type": "Feature", "properties": { "name": "Omsa Medic Seminyak", "facilities": "clinic", "lat": -8.67923, "lon": 115.154 }, "geometry": { "type": "Point", "coordinates": [ 115.1536083, -8.6792267 ] } },
{ "type": "Feature", "properties": { "name": "Bhakti Vedanta Medical", "facilities": "clinic", "lat": -8.691, "lon": 115.165 }, "geometry": { "type": "Point", "coordinates": [ 115.1647664, -8.6910023 ] } },
{ "type": "Feature", "properties": { "name": "Body Lab Slimming Spa", "facilities": "clinic", "lat": -8.68808, "lon": 115.167 }, "geometry": { "type": "Point", "coordinates": [ 115.1674925, -8.6880809 ] } },
{ "type": "Feature", "properties": { "name": "Sos Medical Seminyak", "facilities": "clinic", "lat": -8.69021, "lon": 115.162 }, "geometry": { "type": "Point", "coordinates": [ 115.1618611, -8.6902108 ] } },
{ "type": "Feature", "properties": { "name": "Sunset Vet Legian", "facilities": "clinic", "lat": -8.70004, "lon": 115.18 }, "geometry": { "type": "Point", "coordinates": [ 115.1804161, -8.7000432 ] } },
{ "type": "Feature", "properties": { "name": "Puskesmas Blahbatuh II", "facilities": "hospital", "lat": -8.57174, "lon": 115.327 }, "geometry": { "type": "Point", "coordinates": [ 115.3265226, -8.5717388 ] } },
{ "type": "Feature", "properties": { "name": "Bali Aesthetic & Beauty Clinic", "facilities": "clinic", "lat": -8.6895, "lon": 115.165 }, "geometry": { "type": "Point", "coordinates": [ 115.1650903, -8.6894952 ] } },
{ "type": "Feature", "properties": { "name": "BSI International Ungasan", "facilities": "clinic", "lat": -8.80767, "lon": 115.164 }, "geometry": { "type": "Point", "coordinates": [ 115.16385, -8.8076696 ] } },
{ "type": "Feature", "properties": { "name": "Murni Teguh Hospitals", "facilities": "hospital", "lat": -8.73735, "lon": 115.178 }, "geometry": { "type": "Point", "coordinates": [ 115.1783377, -8.7373482 ] } },
{ "type": "Feature", "properties": { "name": "Puskesmas", "facilities": "clinic", "lat": -8.72258, "lon": 115.178 }, "geometry": { "type": "Point", "coordinates": [ 115.1775527, -8.7225765 ] } },
{ "type": "Feature", "properties": { "name": "General Practitioner Medical Service", "facilities": "clinic", "lat": -8.64532, "lon": 115.141 }, "geometry": { "type": "Point", "coordinates": [ 115.1411304, -8.6453209 ] } },
{ "type": "Feature", "properties": { "name": "Puskesmas Karang Asem 1", "facilities": "hospital", "lat": -8.48603, "lon": 115.601 }, "geometry": { "type": "Point", "coordinates": [ 115.6004992, -8.486028 ] } },
{ "type": "Feature", "properties": { "name": "RSU Bintang", "facilities": "hospital", "lat": -8.53162, "lon": 115.398 }, "geometry": { "type": "Point", "coordinates": [ 115.397844, -8.5316171 ] } },
{ "type": "Feature", "properties": { "name": "RSUD Klungkung", "facilities": "hospital", "lat": -8.53859, "lon": 115.395 }, "geometry": { "type": "Point", "coordinates": [ 115.394843, -8.5385889 ] } },
{ "type": "Feature", "properties": { "name": "Global Sehat", "facilities": "clinic", "lat": -8.68857, "lon": 115.259 }, "geometry": { "type": "Point", "coordinates": [ 115.2589329, -8.6885707 ] } },
{ "type": "Feature", "properties": { "name": "UPTD Puskesmas Gianyar II", "facilities": "clinic", "lat": -8.47328, "lon": 115.324 }, "geometry": { "type": "Point", "coordinates": [ 115.3243278, -8.4732828 ] } },
{ "type": "Feature", "properties": { "name": "Yasa Medical Clinic", "facilities": "hospital", "lat": -8.33595, "lon": 115.65 }, "geometry": { "type": "Point", "coordinates": [ 115.6501151, -8.3359463 ] } },
{ "type": "Feature", "properties": { "name": "Ciputra SMG Eye Clinic Bali", "facilities": "hospital", "lat": -8.68693, "lon": 115.263 }, "geometry": { "type": "Point", "coordinates": [ 115.2633095, -8.6869341 ] } },
{ "type": "Feature", "properties": { "name": "The Medical", "facilities": "clinic", "lat": -8.6458, "lon": 115.141 }, "geometry": { "type": "Point", "coordinates": [ 115.1409392, -8.6457959 ] } },
{ "type": "Feature", "properties": { "name": "Medical Doctor General Practitioner", "facilities": "clinic", "lat": -8.64836, "lon": 115.139 }, "geometry": { "type": "Point", "coordinates": [ 115.1385745, -8.6483608 ] } },
{ "type": "Feature", "properties": { "name": "Hydro Medical", "facilities": "clinic", "lat": -8.64363, "lon": 115.142 }, "geometry": { "type": "Point", "coordinates": [ 115.1421864, -8.6436268 ] } },
{ "type": "Feature", "properties": { "name": "Abdi Medicca", "facilities": "clinic", "lat": -8.64077, "lon": 115.143 }, "geometry": { "type": "Point", "coordinates": [ 115.1433069, -8.6407729 ] } },
{ "type": "Feature", "properties": { "name": "Soma Aesthetics & Longevity Club", "facilities": "clinic", "lat": -8.81976, "lon": 115.09 }, "geometry": { "type": "Point", "coordinates": [ 115.0899672, -8.8197627 ] } },
{ "type": "Feature", "properties": { "name": "Bali Healing Clinic", "facilities": "clinic", "lat": -8.6573, "lon": 115.131 }, "geometry": { "type": "Point", "coordinates": [ 115.1310345, -8.6572963 ] } },
{ "type": "Feature", "properties": { "name": "Sanmed Medical", "facilities": "clinic", "lat": -8.65083, "lon": 115.136 }, "geometry": { "type": "Point", "coordinates": [ 115.1357639, -8.6508295 ] } },
{ "type": "Feature", "properties": { "name": "911 Medical Clinic", "facilities": "clinic", "lat": -8.81344, "lon": 115.113 }, "geometry": { "type": "Point", "coordinates": [ 115.1131957, -8.8134392 ] } },
{ "type": "Feature", "properties": { "name": "Dyatmika School", "facilities": "school", "lat": -8.65121, "lon": 115.266 }, "geometry": { "type": "Point", "coordinates": [ 115.2655605, -8.6512059 ] } },
{ "type": "Feature", "properties": { "name": "SD4", "facilities": "school", "lat": -8.23648, "lon": 115.514 }, "geometry": { "type": "Point", "coordinates": [ 115.5137073, -8.2364792 ] } },
{ "type": "Feature", "properties": { "name": "TK-SD Al-Azhar", "facilities": "school", "lat": -8.69377, "lon": 115.209 }, "geometry": { "type": "Point", "coordinates": [ 115.2094882, -8.6937718 ] } },
{ "type": "Feature", "properties": { "name": "SDN 1 Melaya", "facilities": "school", "lat": -8.27403, "lon": 114.496 }, "geometry": { "type": "Point", "coordinates": [ 114.4956041, -8.274031 ] } },
{ "type": "Feature", "properties": { "name": "SD Negeri 2 Sanur", "facilities": "school", "lat": -8.67441, "lon": 115.255 }, "geometry": { "type": "Point", "coordinates": [ 115.2553401, -8.6744054 ] } },
{ "type": "Feature", "properties": { "name": "SD No 3 Tisata Basangalas", "facilities": "school", "lat": -8.39773, "lon": 115.618 }, "geometry": { "type": "Point", "coordinates": [ 115.6177669, -8.3977316 ] } },
{ "type": "Feature", "properties": { "name": "Taman Rama Jimbaran", "facilities": "school", "lat": -8.8008, "lon": 115.146 }, "geometry": { "type": "Point", "coordinates": [ 115.1464501, -8.8007995 ] } },
{ "type": "Feature", "properties": { "name": "SD Bungbungan", "facilities": "school", "lat": -8.34714, "lon": 114.771 }, "geometry": { "type": "Point", "coordinates": [ 114.7710131, -8.3471428 ] } },
{ "type": "Feature", "properties": { "name": "Yayasan Widya Guna", "facilities": "school", "lat": -8.53151, "lon": 115.292 }, "geometry": { "type": "Point", "coordinates": [ 115.2917484, -8.5315077 ] } },
{ "type": "Feature", "properties": { "name": "SMA Mahardika Datah", "facilities": "school", "lat": -8.33978, "lon": 115.601 }, "geometry": { "type": "Point", "coordinates": [ 115.6005605, -8.3397841 ] } },
{ "type": "Feature", "properties": { "name": "Trihita Alam Eco School", "facilities": "school", "lat": -8.6967, "lon": 115.241 }, "geometry": { "type": "Point", "coordinates": [ 115.2409281, -8.6967048 ] } },
{ "type": "Feature", "properties": { "name": "Primagama Buluh Indah Denpasar", "facilities": "school", "lat": -8.64794, "lon": 115.195 }, "geometry": { "type": "Point", "coordinates": [ 115.1952398, -8.6479365 ] } },
{ "type": "Feature", "properties": { "name": "SD N 1 Apuan", "facilities": "school", "lat": -8.367, "lon": 115.179 }, "geometry": { "type": "Point", "coordinates": [ 115.1785031, -8.3670009 ] } },
{ "type": "Feature", "properties": { "name": "SMP N 3 Penebel", "facilities": "school", "lat": -8.37492, "lon": 115.164 }, "geometry": { "type": "Point", "coordinates": [ 115.1642605, -8.3749197 ] } },
{ "type": "Feature", "properties": { "name": "SDN 1 TIANYAR BARAT", "facilities": "school", "lat": -8.18468, "lon": 115.479 }, "geometry": { "type": "Point", "coordinates": [ 115.4792166, -8.1846749 ] } },
{ "type": "Feature", "properties": { "name": "SMK Pariwisata Nusa Dua", "facilities": "school", "lat": -8.78628, "lon": 115.203 }, "geometry": { "type": "Point", "coordinates": [ 115.203109, -8.7862766 ] } },
{ "type": "Feature", "properties": { "name": "SD N 04 Sumber Kima", "facilities": "school", "lat": -8.14335, "lon": 114.6 }, "geometry": { "type": "Point", "coordinates": [ 114.6000962, -8.1433513 ] } },
{ "type": "Feature", "properties": { "name": "SD N 6 Pejarakan", "facilities": "school", "lat": -8.13479, "lon": 114.583 }, "geometry": { "type": "Point", "coordinates": [ 114.5828047, -8.1347867 ] } },
{ "type": "Feature", "properties": { "name": "SD N 1 Pejarakan", "facilities": "school", "lat": -8.14129, "lon": 114.581 }, "geometry": { "type": "Point", "coordinates": [ 114.5806074, -8.1412935 ] } },
{ "type": "Feature", "properties": { "name": "SD N 5 Pejarakan", "facilities": "school", "lat": -8.15572, "lon": 114.577 }, "geometry": { "type": "Point", "coordinates": [ 114.5771657, -8.1557183 ] } },
{ "type": "Feature", "properties": { "name": "SD N 2 Pejarakan", "facilities": "school", "lat": -8.14526, "lon": 114.59 }, "geometry": { "type": "Point", "coordinates": [ 114.589931, -8.1452592 ] } },
{ "type": "Feature", "properties": { "name": "SD N 3 Pejarakan", "facilities": "school", "lat": -8.14953, "lon": 114.59 }, "geometry": { "type": "Point", "coordinates": [ 114.5898378, -8.1495288 ] } },
{ "type": "Feature", "properties": { "name": "SMK Nusa Dua Gerokgak", "facilities": "school", "lat": -8.1432, "lon": 114.604 }, "geometry": { "type": "Point", "coordinates": [ 114.6040026, -8.1432007 ] } },
{ "type": "Feature", "properties": { "name": "Paon cooking school", "facilities": "school", "lat": -8.50531, "lon": 115.279 }, "geometry": { "type": "Point", "coordinates": [ 115.2787804, -8.5053123 ] } },
{ "type": "Feature", "properties": { "name": "Pelangi School", "facilities": "school", "lat": -8.5369, "lon": 115.267 }, "geometry": { "type": "Point", "coordinates": [ 115.2670656, -8.5369 ] } },
{ "type": "Feature", "properties": { "name": "Garuda Bilingual School", "facilities": "school", "lat": -8.78393, "lon": 115.178 }, "geometry": { "type": "Point", "coordinates": [ 115.177689, -8.7839297 ] } },
{ "type": "Feature", "properties": { "name": "SDN 1 Padangsambian", "facilities": "school", "lat": -8.65305, "lon": 115.187 }, "geometry": { "type": "Point", "coordinates": [ 115.18652, -8.6530542 ] } },
{ "type": "Feature", "properties": { "name": "Sekolah HighScope Bali", "facilities": "school", "lat": -8.63967, "lon": 115.181 }, "geometry": { "type": "Point", "coordinates": [ 115.180629, -8.6396655 ] } },
{ "type": "Feature", "properties": { "name": "SMP PGRI 4 Denpasar", "facilities": "school", "lat": -8.71044, "lon": 115.214 }, "geometry": { "type": "Point", "coordinates": [ 115.214038, -8.7104402 ] } },
{ "type": "Feature", "properties": { "name": "Taman Rama Gandhi School", "facilities": "school", "lat": -8.62026, "lon": 115.198 }, "geometry": { "type": "Point", "coordinates": [ 115.1976352, -8.6202554 ] } },
{ "type": "Feature", "properties": { "name": "Cahaya Mutiara Ubud Foundation", "facilities": "school", "lat": -8.42826, "lon": 115.304 }, "geometry": { "type": "Point", "coordinates": [ 115.3039553, -8.4282629 ] } },
{ "type": "Feature", "properties": { "name": "SMAN 1 Kuta", "facilities": "school", "lat": -8.68403, "lon": 115.172 }, "geometry": { "type": "Point", "coordinates": [ 115.1721523, -8.6840295 ] } },
{ "type": "Feature", "properties": { "name": "Bali Island School", "facilities": "school", "lat": -8.67933, "lon": 115.257 }, "geometry": { "type": "Point", "coordinates": [ 115.2570492, -8.679332 ] } },
{ "type": "Feature", "properties": { "name": "Australian International School", "facilities": "school", "lat": -8.67515, "lon": 115.165 }, "geometry": { "type": "Point", "coordinates": [ 115.1647909, -8.6751526 ] } },
{ "type": "Feature", "properties": { "name": "Dyatmika School", "facilities": "school", "lat": -8.65069, "lon": 115.267 }, "geometry": { "type": "Point", "coordinates": [ 115.2665391, -8.6506949 ] } },
{ "type": "Feature", "properties": { "name": "Little Stars Early Learning & Kindergarten", "facilities": "school", "lat": -8.70045, "lon": 115.255 }, "geometry": { "type": "Point", "coordinates": [ 115.2554924, -8.7004475 ] } },
{ "type": "Feature", "properties": { "name": "Lollypop Preschool - Bali", "facilities": "school", "lat": -8.66275, "lon": 115.175 }, "geometry": { "type": "Point", "coordinates": [ 115.1752264, -8.6627474 ] } },
{ "type": "Feature", "properties": { "name": "SD 6 KUTA", "facilities": "school", "lat": -8.71283, "lon": 115.176 }, "geometry": { "type": "Point", "coordinates": [ 115.1763891, -8.712828 ] } },
{ "type": "Feature", "properties": { "name": "SD Muhammadiyah 2 Denpasar", "facilities": "school", "lat": -8.67283, "lon": 115.213 }, "geometry": { "type": "Point", "coordinates": [ 115.2133274, -8.6728294 ] } },
{ "type": "Feature", "properties": { "name": "Tunas Daud School", "facilities": "school", "lat": -8.62523, "lon": 115.185 }, "geometry": { "type": "Point", "coordinates": [ 115.1852513, -8.6252349 ] } },
{ "type": "Feature", "properties": { "name": "Sekolah Kristen Kalam Kudus", "facilities": "school", "lat": -8.64028, "lon": 115.175 }, "geometry": { "type": "Point", "coordinates": [ 115.174603, -8.6402802 ] } },
{ "type": "Feature", "properties": { "name": "Sekolah Lentera Kasih", "facilities": "school", "lat": -8.66044, "lon": 115.176 }, "geometry": { "type": "Point", "coordinates": [ 115.1764384, -8.6604394 ] } },
{ "type": "Feature", "properties": { "name": "SLB-A Negeri Denpasar", "facilities": "school", "lat": -8.67321, "lon": 115.217 }, "geometry": { "type": "Point", "coordinates": [ 115.2172532, -8.673205 ] } },
{ "type": "Feature", "properties": { "name": "SMAN 2 Denpasar", "facilities": "school", "lat": -8.67692, "lon": 115.218 }, "geometry": { "type": "Point", "coordinates": [ 115.2177242, -8.6769221 ] } },
{ "type": "Feature", "properties": { "name": "SMPN 1 DENPASAR", "facilities": "school", "lat": -8.65647, "lon": 115.219 }, "geometry": { "type": "Point", "coordinates": [ 115.2194941, -8.6564722 ] } },
{ "type": "Feature", "properties": { "name": "Stella Mundi Early Learning Centre", "facilities": "school", "lat": -8.68364, "lon": 115.239 }, "geometry": { "type": "Point", "coordinates": [ 115.2386222, -8.683636 ] } },
{ "type": "Feature", "properties": { "name": "Easy Surf School", "facilities": "school", "lat": -8.7119, "lon": 115.168 }, "geometry": { "type": "Point", "coordinates": [ 115.1676557, -8.7118985 ] } },
{ "type": "Feature", "properties": { "name": "SMP Negeri 1 Ubud", "facilities": "school", "lat": -8.5057, "lon": 115.259 }, "geometry": { "type": "Point", "coordinates": [ 115.2594626, -8.5057013 ] } },
{ "type": "Feature", "properties": { "name": "BB.Surya edukasi", "facilities": "school", "lat": -8.65868, "lon": 115.239 }, "geometry": { "type": "Point", "coordinates": [ 115.2390574, -8.6586805 ] } },
{ "type": "Feature", "properties": { "name": "Surfschools", "facilities": "school", "lat": -8.69792, "lon": 115.162 }, "geometry": { "type": "Point", "coordinates": [ 115.1619862, -8.6979203 ] } },
{ "type": "Feature", "properties": { "name": "TK. Gana Kumara", "facilities": "school", "lat": -8.62741, "lon": 115.265 }, "geometry": { "type": "Point", "coordinates": [ 115.2645386, -8.6274097 ] } },
{ "type": "Feature", "properties": { "name": "Amed Buddha Diving", "facilities": "school", "lat": -8.34566, "lon": 115.672 }, "geometry": { "type": "Point", "coordinates": [ 115.6718745, -8.3456643 ] } },
{ "type": "Feature", "properties": { "name": "surf season", "facilities": "school", "lat": -8.70206, "lon": 115.167 }, "geometry": { "type": "Point", "coordinates": [ 115.1668587, -8.7020615 ] } },
{ "type": "Feature", "properties": { "name": "take off", "facilities": "school", "lat": -8.65475, "lon": 115.135 }, "geometry": { "type": "Point", "coordinates": [ 115.1348233, -8.6547535 ] } },
{ "type": "Feature", "properties": { "name": "Adventure Diving Bali", "facilities": "school", "lat": -8.33575, "lon": 115.657 }, "geometry": { "type": "Point", "coordinates": [ 115.6568704, -8.335747 ] } },
{ "type": "Feature", "properties": { "name": "SD 1 Tampaksiring", "facilities": "school", "lat": -8.42592, "lon": 115.308 }, "geometry": { "type": "Point", "coordinates": [ 115.3083518, -8.4259196 ] } },
{ "type": "Feature", "properties": { "name": "Local School", "facilities": "school", "lat": -8.69009, "lon": 115.443 }, "geometry": { "type": "Point", "coordinates": [ 115.4432643, -8.6900867 ] } },
{ "type": "Feature", "properties": { "name": "Rumah Kecil Kids Learning Center", "facilities": "school", "lat": -8.70072, "lon": 115.255 }, "geometry": { "type": "Point", "coordinates": [ 115.2553942, -8.7007165 ] } },
{ "type": "Feature", "properties": { "name": "Pemulan Balinese Farm Cooking School", "facilities": "school", "lat": -8.35846, "lon": 115.3 }, "geometry": { "type": "Point", "coordinates": [ 115.2999994, -8.3584643 ] } },
{ "type": "Feature", "properties": { "name": "School", "facilities": "school", "lat": -8.20972, "lon": 115.327 }, "geometry": { "type": "Point", "coordinates": [ 115.3266454, -8.20972 ] } },
{ "type": "Feature", "properties": { "name": "BLD - Bali Luxury Divers", "facilities": "school", "lat": -8.33831, "lon": 115.659 }, "geometry": { "type": "Point", "coordinates": [ 115.6592172, -8.3383097 ] } },
{ "type": "Feature", "properties": { "name": "SMP NEGERI 2 NUSA PENIDA", "facilities": "school", "lat": -8.67627, "lon": 115.491 }, "geometry": { "type": "Point", "coordinates": [ 115.4909823, -8.6762679 ] } },
{ "type": "Feature", "properties": { "name": "Lollypop Preschool", "facilities": "school", "lat": -8.66078, "lon": 115.175 }, "geometry": { "type": "Point", "coordinates": [ 115.1754327, -8.660776 ] } },
{ "type": "Feature", "properties": { "name": "Music School - repetition studio", "facilities": "school", "lat": -8.66641, "lon": 115.207 }, "geometry": { "type": "Point", "coordinates": [ 115.2067377, -8.6664116 ] } },
{ "type": "Feature", "properties": { "name": "Balai Banjar Subamia Bale Agung", "facilities": "school", "lat": -8.51418, "lon": 115.128 }, "geometry": { "type": "Point", "coordinates": [ 115.1275342, -8.5141853 ] } },
{ "type": "Feature", "properties": { "name": "SDN 2 Subamia", "facilities": "school", "lat": -8.51391, "lon": 115.127 }, "geometry": { "type": "Point", "coordinates": [ 115.1273095, -8.5139095 ] } },
{ "type": "Feature", "properties": { "name": "SDN 1 Subamia", "facilities": "school", "lat": -8.50333, "lon": 115.129 }, "geometry": { "type": "Point", "coordinates": [ 115.1290673, -8.5033306 ] } },
{ "type": "Feature", "properties": { "name": "Sanctum Dive", "facilities": "school", "lat": -8.6727, "lon": 115.498 }, "geometry": { "type": "Point", "coordinates": [ 115.4976, -8.6727027 ] } },
{ "type": "Feature", "properties": { "name": "Menyali School DITL", "facilities": "school", "lat": -8.13202, "lon": 115.171 }, "geometry": { "type": "Point", "coordinates": [ 115.171257, -8.1320248 ] } },
{ "type": "Feature", "properties": { "name": "Mapindo", "facilities": "school", "lat": -8.14818, "lon": 115.046 }, "geometry": { "type": "Point", "coordinates": [ 115.0464716, -8.1481813 ] } },
{ "type": "Feature", "properties": { "name": "Meduza Surf School", "facilities": "school", "lat": -8.71108, "lon": 115.167 }, "geometry": { "type": "Point", "coordinates": [ 115.1669769, -8.7110848 ] } },
{ "type": "Feature", "properties": { "name": "SMA Negeri 1 ubud", "facilities": "school", "lat": -8.49714, "lon": 115.265 }, "geometry": { "type": "Point", "coordinates": [ 115.2654155, -8.4971402 ] } },
{ "type": "Feature", "properties": { "name": "Lobong Culinary Experience", "facilities": "school", "lat": -8.48291, "lon": 115.247 }, "geometry": { "type": "Point", "coordinates": [ 115.2465684, -8.4829095 ] } },
{ "type": "Feature", "properties": { "name": "Bali Green Surf Scholl", "facilities": "school", "lat": -8.68981, "lon": 115.162 }, "geometry": { "type": "Point", "coordinates": [ 115.1618576, -8.6898107 ] } },
{ "type": "Feature", "properties": { "name": "Sekolah Dasar", "facilities": "school", "lat": -8.58487, "lon": 115.321 }, "geometry": { "type": "Point", "coordinates": [ 115.3213556, -8.5848725 ] } },
{ "type": "Feature", "properties": { "name": "okto school", "facilities": "school", "lat": -8.57383, "lon": 115.264 }, "geometry": { "type": "Point", "coordinates": [ 115.264036, -8.5738303 ] } },
{ "type": "Feature", "properties": { "name": "Subak cooking class", "facilities": "school", "lat": -8.42485, "lon": 115.31 }, "geometry": { "type": "Point", "coordinates": [ 115.3104164, -8.424854 ] } },
{ "type": "Feature", "properties": { "name": "Regent", "facilities": "school", "lat": -8.65038, "lon": 115.249 }, "geometry": { "type": "Point", "coordinates": [ 115.249425, -8.6503853 ] } },
{ "type": "Feature", "properties": { "name": "Bilingual Community School (BCS Bali)", "facilities": "school", "lat": -8.66619, "lon": 115.171 }, "geometry": { "type": "Point", "coordinates": [ 115.171018, -8.6661916 ] } },
{ "type": "Feature", "properties": { "name": "SD Negeri 1 Semarapura", "facilities": "school", "lat": -8.53521, "lon": 115.401 }, "geometry": { "type": "Point", "coordinates": [ 115.401035, -8.5352137 ] } },
{ "type": "Feature", "properties": { "name": "SMA Negeri 2 Semarapura", "facilities": "school", "lat": -8.52666, "lon": 115.399 }, "geometry": { "type": "Point", "coordinates": [ 115.3990686, -8.5266636 ] } },
{ "type": "Feature", "properties": { "name": "SMA Pariwisata", "facilities": "school", "lat": -8.54026, "lon": 115.396 }, "geometry": { "type": "Point", "coordinates": [ 115.3955199, -8.5402553 ] } },
{ "type": "Feature", "properties": { "name": "SMA Negeri 1 Semarapura", "facilities": "school", "lat": -8.54167, "lon": 115.395 }, "geometry": { "type": "Point", "coordinates": [ 115.3950606, -8.5416654 ] } },
{ "type": "Feature", "properties": { "name": "Bali International Tourism School (BITS) Bali", "facilities": "school", "lat": -8.46256, "lon": 115.351 }, "geometry": { "type": "Point", "coordinates": [ 115.3508911, -8.4625626 ] } },
{ "type": "Feature", "properties": { "name": "Neutron Yogyakarta", "facilities": "school", "lat": -8.63493, "lon": 115.223 }, "geometry": { "type": "Point", "coordinates": [ 115.2229462, -8.634929 ] } },
{ "type": "Feature", "properties": { "name": "LKP Sukawati Computer", "facilities": "school", "lat": -8.59899, "lon": 115.29 }, "geometry": { "type": "Point", "coordinates": [ 115.2895126, -8.5989876 ] } },
{ "type": "Feature", "properties": { "name": "Kampus OTC Bali - Denpasar", "facilities": "school", "lat": -8.62781, "lon": 115.208 }, "geometry": { "type": "Point", "coordinates": [ 115.2084351, -8.6278124 ] } },
{ "type": "Feature", "properties": { "name": "English 1 Gianyar (formerly EF English First)", "facilities": "school", "lat": -8.53837, "lon": 115.323 }, "geometry": { "type": "Point", "coordinates": [ 115.3229822, -8.5383746 ] } },
{ "type": "Feature", "properties": { "name": "SMP SMK Bintang Persada", "facilities": "school", "lat": -8.63524, "lon": 115.19 }, "geometry": { "type": "Point", "coordinates": [ 115.1904479, -8.6352426 ] } },
{ "type": "Feature", "properties": { "name": "Smp smk bintang persada", "facilities": "school", "lat": -8.63529, "lon": 115.191 }, "geometry": { "type": "Point", "coordinates": [ 115.1906204, -8.6352861 ] } },
{ "type": "Feature", "properties": { "name": "ProEdGlobal", "facilities": "school", "lat": -8.62633, "lon": 115.101 }, "geometry": { "type": "Point", "coordinates": [ 115.1006257, -8.6263331 ] } },
{ "type": "Feature", "properties": { "name": "Sekolah Dasar Negeri 2 Petak", "facilities": "school", "lat": -8.47357, "lon": 115.314 }, "geometry": { "type": "Point", "coordinates": [ 115.3137315, -8.4735746 ] } },
{ "type": "Feature", "properties": { "name": "Sekolah Dasar Negri 3 Petak", "facilities": "school", "lat": -8.47642, "lon": 115.324 }, "geometry": { "type": "Point", "coordinates": [ 115.3241906, -8.4764242 ] } },
{ "type": "Feature", "properties": { "name": "Sekolah Dasar Negeri 1 Petak", "facilities": "school", "lat": -8.47867, "lon": 115.322 }, "geometry": { "type": "Point", "coordinates": [ 115.3221545, -8.4786707 ] } },
{ "type": "Feature", "properties": { "name": "SD Negeri 2 Kenderan", "facilities": "school", "lat": -8.43546, "lon": 115.293 }, "geometry": { "type": "Point", "coordinates": [ 115.293467, -8.4354571 ] } },
{ "type": "Feature", "properties": { "name": "SMP Negeri 4 Kuta Utara", "facilities": "school", "lat": -8.65112, "lon": 115.135 }, "geometry": { "type": "Point", "coordinates": [ 115.1349659, -8.6511159 ] } },
{ "type": "Feature", "properties": { "name": "SD Negeri  6 Dalung Permai", "facilities": "school", "lat": -8.62429, "lon": 115.169 }, "geometry": { "type": "Point", "coordinates": [ 115.1694727, -8.6242886 ] } },
{ "type": "Feature", "properties": { "name": "Circle K", "facilities": "convenience", "lat": -8.68562, "lon": 115.259 }, "geometry": { "type": "Point", "coordinates": [ 115.2586321, -8.6856158 ] } },
{ "type": "Feature", "properties": { "name": "Circle K", "facilities": "convenience", "lat": -8.68266, "lon": 115.261 }, "geometry": { "type": "Point", "coordinates": [ 115.2605954, -8.6826629 ] } },
{ "type": "Feature", "properties": { "name": "Circle K", "facilities": "convenience", "lat": -8.71325, "lon": 115.173 }, "geometry": { "type": "Point", "coordinates": [ 115.1731872, -8.7132504 ] } },
{ "type": "Feature", "properties": { "name": "Mini Mart", "facilities": "convenience", "lat": -8.71429, "lon": 115.173 }, "geometry": { "type": "Point", "coordinates": [ 115.1733742, -8.7142934 ] } },
{ "type": "Feature", "properties": { "name": "Circle K", "facilities": "convenience", "lat": -8.71193, "lon": 115.168 }, "geometry": { "type": "Point", "coordinates": [ 115.1675339, -8.711929 ] } },
{ "type": "Feature", "properties": { "name": "Toko Berkat Market", "facilities": "convenience", "lat": -8.78545, "lon": 115.188 }, "geometry": { "type": "Point", "coordinates": [ 115.1879883, -8.7854542 ] } },
{ "type": "Feature", "properties": { "name": "Mini Mart", "facilities": "convenience", "lat": -8.69768, "lon": 115.162 }, "geometry": { "type": "Point", "coordinates": [ 115.1621495, -8.6976829 ] } },
{ "type": "Feature", "properties": { "name": "Mini Mart", "facilities": "convenience", "lat": -8.7155, "lon": 115.174 }, "geometry": { "type": "Point", "coordinates": [ 115.173668, -8.7154952 ] } },
{ "type": "Feature", "properties": { "name": "Mini Mart LG2", "facilities": "convenience", "lat": -8.7182, "lon": 115.174 }, "geometry": { "type": "Point", "coordinates": [ 115.1742884, -8.7182043 ] } },
{ "type": "Feature", "properties": { "name": "DMC", "facilities": "convenience", "lat": -8.7195, "lon": 115.175 }, "geometry": { "type": "Point", "coordinates": [ 115.1749265, -8.7195025 ] } },
{ "type": "Feature", "properties": { "name": "Circle K", "facilities": "convenience", "lat": -8.71745, "lon": 115.174 }, "geometry": { "type": "Point", "coordinates": [ 115.17393, -8.7174508 ] } },
{ "type": "Feature", "properties": { "name": "Nine Mart", "facilities": "convenience", "lat": -8.72324, "lon": 115.171 }, "geometry": { "type": "Point", "coordinates": [ 115.1712403, -8.7232413 ] } },
{ "type": "Feature", "properties": { "name": "Circle K", "facilities": "convenience", "lat": -8.71666, "lon": 115.172 }, "geometry": { "type": "Point", "coordinates": [ 115.1723131, -8.7166641 ] } },
{ "type": "Feature", "properties": { "name": "Circle K", "facilities": "convenience", "lat": -8.71719, "lon": 115.172 }, "geometry": { "type": "Point", "coordinates": [ 115.1719308, -8.7171916 ] } },
{ "type": "Feature", "properties": { "name": "Minimart", "facilities": "convenience", "lat": -8.71737, "lon": 115.172 }, "geometry": { "type": "Point", "coordinates": [ 115.1716251, -8.7173666 ] } },
{ "type": "Feature", "properties": { "name": "Circle K", "facilities": "convenience", "lat": -8.71426, "lon": 115.172 }, "geometry": { "type": "Point", "coordinates": [ 115.1720595, -8.7142647 ] } },
{ "type": "Feature", "properties": { "name": "Toko Putra Nadi", "facilities": "convenience", "lat": -8.14541, "lon": 114.653 }, "geometry": { "type": "Point", "coordinates": [ 114.6526833, -8.1454132 ] } },
{ "type": "Feature", "properties": { "name": "Toko Tirta Yasa", "facilities": "convenience", "lat": -8.14711, "lon": 114.661 }, "geometry": { "type": "Point", "coordinates": [ 114.6614217, -8.1471129 ] } },
{ "type": "Feature", "properties": { "name": "LotusMart", "facilities": "convenience", "lat": -8.67469, "lon": 115.259 }, "geometry": { "type": "Point", "coordinates": [ 115.2585725, -8.6746876 ] } },
{ "type": "Feature", "properties": { "name": "Casa Gourmet Deli", "facilities": "convenience", "lat": -8.68335, "lon": 115.157 }, "geometry": { "type": "Point", "coordinates": [ 115.157062, -8.6833482 ] } },
{ "type": "Feature", "properties": { "name": "Circle K", "facilities": "convenience", "lat": -8.78107, "lon": 115.176 }, "geometry": { "type": "Point", "coordinates": [ 115.1762524, -8.781067 ] } },
{ "type": "Feature", "properties": { "name": "Indomaret", "facilities": "convenience", "lat": -8.28347, "lon": 115.162 }, "geometry": { "type": "Point", "coordinates": [ 115.1621488, -8.2834663 ] } },
{ "type": "Feature", "properties": { "name": "Circle K", "facilities": "convenience", "lat": -8.62838, "lon": 115.172 }, "geometry": { "type": "Point", "coordinates": [ 115.1717093, -8.6283766 ] } },
{ "type": "Feature", "properties": { "name": "Alfamart", "facilities": "convenience", "lat": -8.67197, "lon": 115.172 }, "geometry": { "type": "Point", "coordinates": [ 115.1718555, -8.6719697 ] } },
{ "type": "Feature", "properties": { "name": "Indomaret", "facilities": "convenience", "lat": -8.78388, "lon": 115.166 }, "geometry": { "type": "Point", "coordinates": [ 115.1662089, -8.7838807 ] } },
{ "type": "Feature", "properties": { "name": "bengham arum", "facilities": "convenience", "lat": -8.56545, "lon": 115.213 }, "geometry": { "type": "Point", "coordinates": [ 115.2134166, -8.5654517 ] } },
{ "type": "Feature", "properties": { "name": "Warung Bu Eka", "facilities": "convenience", "lat": -8.56883, "lon": 115.22 }, "geometry": { "type": "Point", "coordinates": [ 115.2196326, -8.5688263 ] } },
{ "type": "Feature", "properties": { "name": "Mini Mart RGH", "facilities": "convenience", "lat": -8.70612, "lon": 115.169 }, "geometry": { "type": "Point", "coordinates": [ 115.1691198, -8.7061199 ] } },
{ "type": "Feature", "properties": { "name": "Circle K", "facilities": "convenience", "lat": -8.72691, "lon": 115.17 }, "geometry": { "type": "Point", "coordinates": [ 115.1703362, -8.7269122 ] } },
{ "type": "Feature", "properties": { "name": "Alfamart", "facilities": "convenience", "lat": -8.72615, "lon": 115.17 }, "geometry": { "type": "Point", "coordinates": [ 115.170241, -8.7261514 ] } },
{ "type": "Feature", "properties": { "name": "Circle K", "facilities": "convenience", "lat": -8.70167, "lon": 115.166 }, "geometry": { "type": "Point", "coordinates": [ 115.1664591, -8.7016657 ] } },
{ "type": "Feature", "properties": { "name": "Circle K", "facilities": "convenience", "lat": -8.64527, "lon": 115.16 }, "geometry": { "type": "Point", "coordinates": [ 115.160298, -8.6452743 ] } },
{ "type": "Feature", "properties": { "name": "Indomaret", "facilities": "convenience", "lat": -8.54868, "lon": 115.124 }, "geometry": { "type": "Point", "coordinates": [ 115.1244262, -8.5486778 ] } },
{ "type": "Feature", "properties": { "name": "Indomaret", "facilities": "convenience", "lat": -8.32652, "lon": 115.186 }, "geometry": { "type": "Point", "coordinates": [ 115.186007, -8.3265181 ] } },
{ "type": "Feature", "properties": { "name": "Circle K", "facilities": "convenience", "lat": -8.72595, "lon": 115.181 }, "geometry": { "type": "Point", "coordinates": [ 115.1808245, -8.7259544 ] } },
{ "type": "Feature", "properties": { "name": "Circle K", "facilities": "convenience", "lat": -8.67733, "lon": 115.231 }, "geometry": { "type": "Point", "coordinates": [ 115.2306979, -8.6773347 ] } },
{ "type": "Feature", "properties": { "name": "Indomaret", "facilities": "convenience", "lat": -8.31786, "lon": 115.007 }, "geometry": { "type": "Point", "coordinates": [ 115.0065123, -8.317856 ] } },
{ "type": "Feature", "properties": { "name": "Mini Market Subur", "facilities": "convenience", "lat": -8.31812, "lon": 115.006 }, "geometry": { "type": "Point", "coordinates": [ 115.0064452, -8.3181161 ] } },
{ "type": "Feature", "properties": { "name": "Indomaret", "facilities": "convenience", "lat": -8.7359, "lon": 115.169 }, "geometry": { "type": "Point", "coordinates": [ 115.1685954, -8.7359022 ] } },
{ "type": "Feature", "properties": { "name": "Circle K", "facilities": "convenience", "lat": -8.71251, "lon": 115.171 }, "geometry": { "type": "Point", "coordinates": [ 115.1705966, -8.7125134 ] } },
{ "type": "Feature", "properties": { "name": "Mini Mart", "facilities": "convenience", "lat": -8.71296, "lon": 115.169 }, "geometry": { "type": "Point", "coordinates": [ 115.1687386, -8.7129591 ] } },
{ "type": "Feature", "properties": { "name": "Circle K", "facilities": "convenience", "lat": -8.71167, "lon": 115.177 }, "geometry": { "type": "Point", "coordinates": [ 115.1768677, -8.7116746 ] } },
{ "type": "Feature", "properties": { "name": "Circle K", "facilities": "convenience", "lat": -8.73436, "lon": 115.167 }, "geometry": { "type": "Point", "coordinates": [ 115.1672237, -8.7343558 ] } },
{ "type": "Feature", "properties": { "name": "Circle K", "facilities": "convenience", "lat": -8.72437, "lon": 115.181 }, "geometry": { "type": "Point", "coordinates": [ 115.1809276, -8.7243748 ] } },
{ "type": "Feature", "properties": { "name": "Toko Bumdes Desa Tejakula", "facilities": "convenience", "lat": -8.12645, "lon": 115.342 }, "geometry": { "type": "Point", "coordinates": [ 115.3420088, -8.1264506 ] } },
{ "type": "Feature", "properties": { "name": "KUD Desa Tejakula", "facilities": "convenience", "lat": -8.12636, "lon": 115.342 }, "geometry": { "type": "Point", "coordinates": [ 115.3417364, -8.1263581 ] } },
{ "type": "Feature", "properties": { "name": "Circle K", "facilities": "convenience", "lat": -8.67341, "lon": 115.234 }, "geometry": { "type": "Point", "coordinates": [ 115.2340064, -8.6734115 ] } },
{ "type": "Feature", "properties": { "name": "Minimart", "facilities": "convenience", "lat": -8.67874, "lon": 115.226 }, "geometry": { "type": "Point", "coordinates": [ 115.2255963, -8.6787359 ] } },
{ "type": "Feature", "properties": { "name": "Circle K", "facilities": "convenience", "lat": -8.68115, "lon": 115.199 }, "geometry": { "type": "Point", "coordinates": [ 115.1988138, -8.6811517 ] } },
{ "type": "Feature", "properties": { "name": "Circle K", "facilities": "convenience", "lat": -8.67517, "lon": 115.216 }, "geometry": { "type": "Point", "coordinates": [ 115.2155217, -8.6751743 ] } },
{ "type": "Feature", "properties": { "name": "Circle K", "facilities": "convenience", "lat": -8.67019, "lon": 115.208 }, "geometry": { "type": "Point", "coordinates": [ 115.2082578, -8.6701905 ] } },
{ "type": "Feature", "properties": { "name": "Lawson", "facilities": "convenience", "lat": -8.73247, "lon": 115.177 }, "geometry": { "type": "Point", "coordinates": [ 115.1774892, -8.7324677 ] } },
{ "type": "Feature", "properties": { "name": "Toko Anugerah", "facilities": "convenience", "lat": -8.45337, "lon": 115.602 }, "geometry": { "type": "Point", "coordinates": [ 115.6019054, -8.4533661 ] } },
{ "type": "Feature", "properties": { "name": "Metro Convenience", "facilities": "convenience", "lat": -8.67037, "lon": 115.228 }, "geometry": { "type": "Point", "coordinates": [ 115.2280474, -8.6703663 ] } },
{ "type": "Feature", "properties": { "name": "Indomaret Bubunan", "facilities": "convenience", "lat": -8.19578, "lon": 114.934 }, "geometry": { "type": "Point", "coordinates": [ 114.9344678, -8.1957826 ] } },
{ "type": "Feature", "properties": { "name": "Widi Agung", "facilities": "convenience", "lat": -8.19504, "lon": 114.934 }, "geometry": { "type": "Point", "coordinates": [ 114.9336752, -8.1950432 ] } },
{ "type": "Feature", "properties": { "name": "Pertiwi Mini Market Seririt", "facilities": "convenience", "lat": -8.19488, "lon": 114.934 }, "geometry": { "type": "Point", "coordinates": [ 114.9341183, -8.1948823 ] } },
{ "type": "Feature", "properties": { "name": "Indomaret", "facilities": "convenience", "lat": -8.19269, "lon": 114.935 }, "geometry": { "type": "Point", "coordinates": [ 114.9347545, -8.1926882 ] } },
{ "type": "Feature", "properties": { "name": "Circle K", "facilities": "convenience", "lat": -8.66321, "lon": 115.215 }, "geometry": { "type": "Point", "coordinates": [ 115.2150782, -8.6632094 ] } },
{ "type": "Feature", "properties": { "name": "Indomaret", "facilities": "convenience", "lat": -8.66663, "lon": 115.226 }, "geometry": { "type": "Point", "coordinates": [ 115.2262684, -8.666632 ] } },
{ "type": "Feature", "properties": { "name": "Indomaret", "facilities": "convenience", "lat": -8.49681, "lon": 115.253 }, "geometry": { "type": "Point", "coordinates": [ 115.2532224, -8.4968101 ] } },
{ "type": "Feature", "properties": { "name": "Circle K", "facilities": "convenience", "lat": -8.6851, "lon": 115.226 }, "geometry": { "type": "Point", "coordinates": [ 115.2264314, -8.6850962 ] } },
{ "type": "Feature", "properties": { "name": "Nuansa Dewata", "facilities": "convenience", "lat": -8.79544, "lon": 115.186 }, "geometry": { "type": "Point", "coordinates": [ 115.186001, -8.7954384 ] } },
{ "type": "Feature", "properties": { "name": "Minimart", "facilities": "convenience", "lat": -8.66188, "lon": 115.24 }, "geometry": { "type": "Point", "coordinates": [ 115.2400936, -8.6618753 ] } },
{ "type": "Feature", "properties": { "name": "Alfaexpress", "facilities": "convenience", "lat": -8.66239, "lon": 115.24 }, "geometry": { "type": "Point", "coordinates": [ 115.2399302, -8.6623878 ] } },
{ "type": "Feature", "properties": { "name": "Circle K", "facilities": "convenience", "lat": -8.78187, "lon": 115.18 }, "geometry": { "type": "Point", "coordinates": [ 115.1801237, -8.7818661 ] } },
{ "type": "Feature", "properties": { "name": "Mini Mart", "facilities": "convenience", "lat": -8.78337, "lon": 115.185 }, "geometry": { "type": "Point", "coordinates": [ 115.1851444, -8.7833671 ] } },
{ "type": "Feature", "properties": { "name": "Bright", "facilities": "convenience", "lat": -8.66641, "lon": 115.241 }, "geometry": { "type": "Point", "coordinates": [ 115.2412833, -8.666413 ] } },
{ "type": "Feature", "properties": { "name": "Indomaret", "facilities": "convenience", "lat": -8.19962, "lon": 114.835 }, "geometry": { "type": "Point", "coordinates": [ 114.835409, -8.1996195 ] } },
{ "type": "Feature", "properties": { "name": "Indomaret", "facilities": "convenience", "lat": -8.67815, "lon": 115.217 }, "geometry": { "type": "Point", "coordinates": [ 115.216749, -8.6781522 ] } },
{ "type": "Feature", "properties": { "name": "Indomaret", "facilities": "convenience", "lat": -8.68899, "lon": 115.226 }, "geometry": { "type": "Point", "coordinates": [ 115.226161, -8.6889881 ] } },
{ "type": "Feature", "properties": { "name": "Indomaret", "facilities": "convenience", "lat": -8.66478, "lon": 115.24 }, "geometry": { "type": "Point", "coordinates": [ 115.2403059, -8.6647795 ] } },
{ "type": "Feature", "properties": { "name": "Taman Tirta", "facilities": "convenience", "lat": -8.71078, "lon": 115.218 }, "geometry": { "type": "Point", "coordinates": [ 115.218156, -8.710776 ] } },
{ "type": "Feature", "properties": { "name": "Indomaret", "facilities": "convenience", "lat": -8.53819, "lon": 115.415 }, "geometry": { "type": "Point", "coordinates": [ 115.4148238, -8.5381863 ] } },
{ "type": "Feature", "properties": { "name": "Circle K", "facilities": "convenience", "lat": -8.64924, "lon": 115.228 }, "geometry": { "type": "Point", "coordinates": [ 115.2282151, -8.6492372 ] } },
{ "type": "Feature", "properties": { "name": "Circle K", "facilities": "convenience", "lat": -8.6605, "lon": 115.164 }, "geometry": { "type": "Point", "coordinates": [ 115.1636813, -8.6605047 ] } },
{ "type": "Feature", "properties": { "name": "Bio mart", "facilities": "convenience", "lat": -8.6454, "lon": 115.161 }, "geometry": { "type": "Point", "coordinates": [ 115.1610417, -8.6453983 ] } },
{ "type": "Feature", "properties": { "name": "Mini Mart", "facilities": "convenience", "lat": -8.64164, "lon": 115.155 }, "geometry": { "type": "Point", "coordinates": [ 115.1546858, -8.6416424 ] } },
{ "type": "Feature", "properties": { "name": "Circle K", "facilities": "convenience", "lat": -8.64083, "lon": 115.252 }, "geometry": { "type": "Point", "coordinates": [ 115.2517793, -8.6408315 ] } },
{ "type": "Feature", "properties": { "name": "Toko Millenium Dewata", "facilities": "convenience", "lat": -8.6439, "lon": 115.249 }, "geometry": { "type": "Point", "coordinates": [ 115.2488778, -8.6438961 ] } },
{ "type": "Feature", "properties": { "name": "Semadi", "facilities": "convenience", "lat": -8.63507, "lon": 115.251 }, "geometry": { "type": "Point", "coordinates": [ 115.2505163, -8.6350714 ] } },
{ "type": "Feature", "properties": { "name": "GC Mart", "facilities": "convenience", "lat": -8.70545, "lon": 115.26 }, "geometry": { "type": "Point", "coordinates": [ 115.2603912, -8.7054458 ] } },
{ "type": "Feature", "properties": { "name": "mikro", "facilities": "convenience", "lat": -8.67407, "lon": 115.26 }, "geometry": { "type": "Point", "coordinates": [ 115.260453, -8.6740662 ] } },
{ "type": "Feature", "properties": { "name": "Orange", "facilities": "convenience", "lat": -8.70557, "lon": 115.257 }, "geometry": { "type": "Point", "coordinates": [ 115.2570403, -8.7055714 ] } },
{ "type": "Feature", "properties": { "name": "Circle K", "facilities": "convenience", "lat": -8.70555, "lon": 115.254 }, "geometry": { "type": "Point", "coordinates": [ 115.2544436, -8.7055534 ] } },
{ "type": "Feature", "properties": { "name": "Noni Shop", "facilities": "convenience", "lat": -8.33733, "lon": 115.658 }, "geometry": { "type": "Point", "coordinates": [ 115.6584684, -8.337332 ] } },
{ "type": "Feature", "properties": { "name": "Alfamart", "facilities": "convenience", "lat": -8.13025, "lon": 115.099 }, "geometry": { "type": "Point", "coordinates": [ 115.0986769, -8.1302474 ] } },
{ "type": "Feature", "properties": { "name": "Indomaret", "facilities": "convenience", "lat": -8.56807, "lon": 115.385 }, "geometry": { "type": "Point", "coordinates": [ 115.3845775, -8.5680676 ] } },
{ "type": "Feature", "properties": { "name": "CocoMart", "facilities": "convenience", "lat": -8.69321, "lon": 115.264 }, "geometry": { "type": "Point", "coordinates": [ 115.2635042, -8.6932111 ] } },
{ "type": "Feature", "properties": { "name": "Indomaret", "facilities": "convenience", "lat": -8.65965, "lon": 115.163 }, "geometry": { "type": "Point", "coordinates": [ 115.1630905, -8.6596449 ] } },
{ "type": "Feature", "properties": { "name": "Kawan Market", "facilities": "convenience", "lat": -8.65943, "lon": 115.163 }, "geometry": { "type": "Point", "coordinates": [ 115.1631987, -8.6594253 ] } },
{ "type": "Feature", "properties": { "name": "Circle K", "facilities": "convenience", "lat": -8.78854, "lon": 115.157 }, "geometry": { "type": "Point", "coordinates": [ 115.1568229, -8.7885449 ] } },
{ "type": "Feature", "properties": { "name": "7 Days Mart", "facilities": "convenience", "lat": -8.78901, "lon": 115.157 }, "geometry": { "type": "Point", "coordinates": [ 115.1566406, -8.7890066 ] } },
{ "type": "Feature", "properties": { "name": "Warung", "facilities": "convenience", "lat": -8.79329, "lon": 115.153 }, "geometry": { "type": "Point", "coordinates": [ 115.1529139, -8.7932918 ] } },
{ "type": "Feature", "properties": { "name": "Warung", "facilities": "convenience", "lat": -8.79259, "lon": 115.153 }, "geometry": { "type": "Point", "coordinates": [ 115.1532531, -8.7925946 ] } },
{ "type": "Feature", "properties": { "name": "Warung Wibhi", "facilities": "convenience", "lat": -8.79216, "lon": 115.153 }, "geometry": { "type": "Point", "coordinates": [ 115.1525626, -8.7921575 ] } },
{ "type": "Feature", "properties": { "name": "Ma Ma Mart", "facilities": "convenience", "lat": -8.78806, "lon": 115.157 }, "geometry": { "type": "Point", "coordinates": [ 115.1573099, -8.7880555 ] } },
{ "type": "Feature", "properties": { "name": "Alfamart", "facilities": "convenience", "lat": -8.14511, "lon": 115.05 }, "geometry": { "type": "Point", "coordinates": [ 115.0501913, -8.1451054 ] } },
{ "type": "Feature", "properties": { "name": "Indomaret", "facilities": "convenience", "lat": -8.45889, "lon": 115.45 }, "geometry": { "type": "Point", "coordinates": [ 115.449651, -8.4588919 ] } },
{ "type": "Feature", "properties": { "name": "Circle K", "facilities": "convenience", "lat": -8.68172, "lon": 115.195 }, "geometry": { "type": "Point", "coordinates": [ 115.1948024, -8.6817148 ] } },
{ "type": "Feature", "properties": { "name": "Puncak Karang IV", "facilities": "convenience", "lat": -8.64447, "lon": 115.254 }, "geometry": { "type": "Point", "coordinates": [ 115.2540411, -8.644466 ] } },
{ "type": "Feature", "properties": { "name": "Indomaret", "facilities": "convenience", "lat": -8.54097, "lon": 115.273 }, "geometry": { "type": "Point", "coordinates": [ 115.2726498, -8.5409664 ] } },
{ "type": "Feature", "properties": { "name": "Minimart", "facilities": "convenience", "lat": -8.72193, "lon": 115.185 }, "geometry": { "type": "Point", "coordinates": [ 115.1853137, -8.7219322 ] } },
{ "type": "Feature", "properties": { "name": "Alfamart", "facilities": "convenience", "lat": -8.72202, "lon": 115.184 }, "geometry": { "type": "Point", "coordinates": [ 115.183696, -8.7220194 ] } },
{ "type": "Feature", "properties": { "name": "Alfamart", "facilities": "convenience", "lat": -8.73317, "lon": 115.179 }, "geometry": { "type": "Point", "coordinates": [ 115.1790767, -8.733166 ] } },
{ "type": "Feature", "properties": { "name": "Juanda", "facilities": "convenience", "lat": -8.64286, "lon": 115.155 }, "geometry": { "type": "Point", "coordinates": [ 115.154958, -8.6428629 ] } },
{ "type": "Feature", "properties": { "name": "Alfamart", "facilities": "convenience", "lat": -8.74211, "lon": 115.164 }, "geometry": { "type": "Point", "coordinates": [ 115.1641126, -8.7421087 ] } },
{ "type": "Feature", "properties": { "name": "Alfamart", "facilities": "convenience", "lat": -8.71924, "lon": 115.178 }, "geometry": { "type": "Point", "coordinates": [ 115.177965, -8.7192407 ] } },
{ "type": "Feature", "properties": { "name": "Indomaret", "facilities": "convenience", "lat": -8.73853, "lon": 115.174 }, "geometry": { "type": "Point", "coordinates": [ 115.1737684, -8.7385313 ] } },
{ "type": "Feature", "properties": { "name": "Indomaret", "facilities": "convenience", "lat": -8.74339, "lon": 115.17 }, "geometry": { "type": "Point", "coordinates": [ 115.1696547, -8.743393 ] } },
{ "type": "Feature", "properties": { "name": "Circle K", "facilities": "convenience", "lat": -8.66054, "lon": 115.209 }, "geometry": { "type": "Point", "coordinates": [ 115.2091165, -8.6605376 ] } },
{ "type": "Feature", "properties": { "name": "Circle K", "facilities": "convenience", "lat": -8.72457, "lon": 115.175 }, "geometry": { "type": "Point", "coordinates": [ 115.1750389, -8.7245689 ] } },
{ "type": "Feature", "properties": { "name": "Clandys Grosir Bulu Indah", "facilities": "convenience", "lat": -8.64014, "lon": 115.196 }, "geometry": { "type": "Point", "coordinates": [ 115.1962953, -8.6401375 ] } },
{ "type": "Feature", "properties": { "name": "Coco Mart Mumbul", "facilities": "convenience", "lat": -8.78482, "lon": 115.194 }, "geometry": { "type": "Point", "coordinates": [ 115.1944661, -8.7848213 ] } },
{ "type": "Feature", "properties": { "name": "Agung Bali Pusat Oleh-Oleh", "facilities": "convenience", "lat": -8.68417, "lon": 115.169 }, "geometry": { "type": "Point", "coordinates": [ 115.168971, -8.6841746 ] } },
{ "type": "Feature", "properties": { "name": "Pink Mart", "facilities": "convenience", "lat": -8.71539, "lon": 115.215 }, "geometry": { "type": "Point", "coordinates": [ 115.2153495, -8.7153938 ] } },
{ "type": "Feature", "properties": { "name": "Toko Bali Jaya Kuta(fruit)", "facilities": "convenience", "lat": -8.72291, "lon": 115.177 }, "geometry": { "type": "Point", "coordinates": [ 115.1766135, -8.7229073 ] } },
{ "type": "Feature", "properties": { "name": "Toko Tulus Jaya II", "facilities": "convenience", "lat": -8.65669, "lon": 115.211 }, "geometry": { "type": "Point", "coordinates": [ 115.2114066, -8.6566913 ] } },
{ "type": "Feature", "properties": { "name": "Circle K", "facilities": "convenience", "lat": -8.63597, "lon": 115.22 }, "geometry": { "type": "Point", "coordinates": [ 115.2200586, -8.6359712 ] } },
{ "type": "Feature", "properties": { "name": "Alfamart", "facilities": "convenience", "lat": -8.82387, "lon": 115.164 }, "geometry": { "type": "Point", "coordinates": [ 115.1640374, -8.8238681 ] } },
{ "type": "Feature", "properties": { "name": "Indomaret", "facilities": "convenience", "lat": -8.82382, "lon": 115.164 }, "geometry": { "type": "Point", "coordinates": [ 115.1640025, -8.8238151 ] } },
{ "type": "Feature", "properties": { "name": "Indomaret", "facilities": "convenience", "lat": -8.61368, "lon": 115.284 }, "geometry": { "type": "Point", "coordinates": [ 115.2837714, -8.6136793 ] } },
{ "type": "Feature", "properties": { "name": "Circle K", "facilities": "convenience", "lat": -8.5953, "lon": 115.283 }, "geometry": { "type": "Point", "coordinates": [ 115.2828566, -8.595301 ] } },
{ "type": "Feature", "properties": { "name": "Indomaret", "facilities": "convenience", "lat": -8.59374, "lon": 115.283 }, "geometry": { "type": "Point", "coordinates": [ 115.2825223, -8.5937426 ] } },
{ "type": "Feature", "properties": { "name": "Alfamart", "facilities": "convenience", "lat": -8.56828, "lon": 115.275 }, "geometry": { "type": "Point", "coordinates": [ 115.2750992, -8.5682768 ] } },
{ "type": "Feature", "properties": { "name": "Indomaret", "facilities": "convenience", "lat": -8.56453, "lon": 115.28 }, "geometry": { "type": "Point", "coordinates": [ 115.2798417, -8.5645294 ] } },
{ "type": "Feature", "properties": { "name": "Circle K", "facilities": "convenience", "lat": -8.56625, "lon": 115.296 }, "geometry": { "type": "Point", "coordinates": [ 115.2960818, -8.5662544 ] } },
{ "type": "Feature", "properties": { "name": "Indomaret", "facilities": "convenience", "lat": -8.56624, "lon": 115.296 }, "geometry": { "type": "Point", "coordinates": [ 115.2961558, -8.5662407 ] } },
{ "type": "Feature", "properties": { "name": "Circle K", "facilities": "convenience", "lat": -8.63094, "lon": 115.223 }, "geometry": { "type": "Point", "coordinates": [ 115.2234859, -8.6309418 ] } },
{ "type": "Feature", "properties": { "name": "Toko Ratu Pawon (food only)", "facilities": "convenience", "lat": -8.6746, "lon": 115.215 }, "geometry": { "type": "Point", "coordinates": [ 115.2152313, -8.674598 ] } },
{ "type": "Feature", "properties": { "name": "Nirmala Minimarket", "facilities": "convenience", "lat": -8.73046, "lon": 115.179 }, "geometry": { "type": "Point", "coordinates": [ 115.1785493, -8.7304578 ] } },
{ "type": "Feature", "properties": { "name": "Ekonomi", "facilities": "convenience", "lat": -8.68185, "lon": 115.193 }, "geometry": { "type": "Point", "coordinates": [ 115.1932105, -8.6818497 ] } },
{ "type": "Feature", "properties": { "name": "Indomaret", "facilities": "convenience", "lat": -8.648, "lon": 115.15 }, "geometry": { "type": "Point", "coordinates": [ 115.149873, -8.6480009 ] } },
{ "type": "Feature", "properties": { "name": "Circle K", "facilities": "convenience", "lat": -8.63885, "lon": 115.206 }, "geometry": { "type": "Point", "coordinates": [ 115.2063364, -8.6388467 ] } },
{ "type": "Feature", "properties": { "name": "Toko Wayan Komang", "facilities": "convenience", "lat": -8.63658, "lon": 115.203 }, "geometry": { "type": "Point", "coordinates": [ 115.2032968, -8.6365771 ] } },
{ "type": "Feature", "properties": { "name": "PostShop", "facilities": "convenience", "lat": -8.65994, "lon": 115.2 }, "geometry": { "type": "Point", "coordinates": [ 115.1997235, -8.6599406 ] } },
{ "type": "Feature", "properties": { "name": "Toko Agung", "facilities": "convenience", "lat": -8.6595, "lon": 115.201 }, "geometry": { "type": "Point", "coordinates": [ 115.2005299, -8.6594977 ] } },
{ "type": "Feature", "properties": { "name": "Alfamart", "facilities": "convenience", "lat": -8.44615, "lon": 115.616 }, "geometry": { "type": "Point", "coordinates": [ 115.6159919, -8.4461507 ] } },
{ "type": "Feature", "properties": { "name": "Toko Indah", "facilities": "convenience", "lat": -8.44689, "lon": 115.616 }, "geometry": { "type": "Point", "coordinates": [ 115.6160393, -8.4468921 ] } },
{ "type": "Feature", "properties": { "name": "Toko Sedana", "facilities": "convenience", "lat": -8.44837, "lon": 115.616 }, "geometry": { "type": "Point", "coordinates": [ 115.6160281, -8.4483698 ] } },
{ "type": "Feature", "properties": { "name": "Toko Sumber Akbar", "facilities": "convenience", "lat": -8.4492, "lon": 115.616 }, "geometry": { "type": "Point", "coordinates": [ 115.6156157, -8.4492035 ] } },
{ "type": "Feature", "properties": { "name": "Toko Pratama", "facilities": "convenience", "lat": -8.4492, "lon": 115.616 }, "geometry": { "type": "Point", "coordinates": [ 115.6155633, -8.4491974 ] } },
{ "type": "Feature", "properties": { "name": "Toko Samudra", "facilities": "convenience", "lat": -8.44888, "lon": 115.616 }, "geometry": { "type": "Point", "coordinates": [ 115.6159029, -8.4488851 ] } },
{ "type": "Feature", "properties": { "name": "Toko Lestari", "facilities": "convenience", "lat": -8.44919, "lon": 115.616 }, "geometry": { "type": "Point", "coordinates": [ 115.6159201, -8.4491925 ] } },
{ "type": "Feature", "properties": { "name": "Toko Ketemu Lagi", "facilities": "convenience", "lat": -8.44841, "lon": 115.615 }, "geometry": { "type": "Point", "coordinates": [ 115.6150385, -8.4484103 ] } },
{ "type": "Feature", "properties": { "name": "Toko Cahaya Terang", "facilities": "convenience", "lat": -8.44815, "lon": 115.615 }, "geometry": { "type": "Point", "coordinates": [ 115.6150477, -8.4481479 ] } },
{ "type": "Feature", "properties": { "name": "Sinar Mudita", "facilities": "convenience", "lat": -8.44707, "lon": 115.604 }, "geometry": { "type": "Point", "coordinates": [ 115.6043538, -8.4470668 ] } },
{ "type": "Feature", "properties": { "name": "Toko Tiga Utama Arta", "facilities": "convenience", "lat": -8.43652, "lon": 115.592 }, "geometry": { "type": "Point", "coordinates": [ 115.591646, -8.4365175 ] } },
{ "type": "Feature", "properties": { "name": "MiniMart", "facilities": "convenience", "lat": -8.51723, "lon": 115.26 }, "geometry": { "type": "Point", "coordinates": [ 115.2596957, -8.5172276 ] } },
{ "type": "Feature", "properties": { "name": "Warung", "facilities": "convenience", "lat": -8.6757, "lon": 115.492 }, "geometry": { "type": "Point", "coordinates": [ 115.4918974, -8.6757033 ] } },
{ "type": "Feature", "properties": { "name": "Mini mart", "facilities": "convenience", "lat": -8.68625, "lon": 115.156 }, "geometry": { "type": "Point", "coordinates": [ 115.1555415, -8.6862524 ] } },
{ "type": "Feature", "properties": { "name": "Mini mart", "facilities": "convenience", "lat": -8.68564, "lon": 115.157 }, "geometry": { "type": "Point", "coordinates": [ 115.1566986, -8.6856415 ] } },
{ "type": "Feature", "properties": { "name": "Mini mart", "facilities": "convenience", "lat": -8.6838, "lon": 115.154 }, "geometry": { "type": "Point", "coordinates": [ 115.1536825, -8.6837995 ] } },
{ "type": "Feature", "properties": { "name": "Circle K - Kayu Aya", "facilities": "convenience", "lat": -8.6858, "lon": 115.156 }, "geometry": { "type": "Point", "coordinates": [ 115.1558103, -8.6857993 ] } },
{ "type": "Feature", "properties": { "name": "Anggun Tani", "facilities": "convenience", "lat": -8.1453, "lon": 114.651 }, "geometry": { "type": "Point", "coordinates": [ 114.6514818, -8.1453038 ] } },
{ "type": "Feature", "properties": { "name": "Indomaret", "facilities": "convenience", "lat": -8.70826, "lon": 115.184 }, "geometry": { "type": "Point", "coordinates": [ 115.1843176, -8.7082553 ] } },
{ "type": "Feature", "properties": { "name": "Alfamart", "facilities": "convenience", "lat": -8.72697, "lon": 115.177 }, "geometry": { "type": "Point", "coordinates": [ 115.1767258, -8.7269667 ] } },
{ "type": "Feature", "properties": { "name": "Circle K Sunset Road", "facilities": "convenience", "lat": -8.68725, "lon": 115.171 }, "geometry": { "type": "Point", "coordinates": [ 115.170744, -8.6872489 ] } },
{ "type": "Feature", "properties": { "name": "Circle K", "facilities": "convenience", "lat": -8.70289, "lon": 115.185 }, "geometry": { "type": "Point", "coordinates": [ 115.1850233, -8.7028933 ] } },
{ "type": "Feature", "properties": { "name": "Clandy's Grosir Barito", "facilities": "convenience", "lat": -8.6843, "lon": 115.229 }, "geometry": { "type": "Point", "coordinates": [ 115.2294407, -8.6842953 ] } },
{ "type": "Feature", "properties": { "name": "Coco Mart Taman Giri", "facilities": "convenience", "lat": -8.78936, "lon": 115.196 }, "geometry": { "type": "Point", "coordinates": [ 115.1962679, -8.7893629 ] } },
{ "type": "Feature", "properties": { "name": "Eka Mart & Eka Cell", "facilities": "convenience", "lat": -8.80134, "lon": 115.213 }, "geometry": { "type": "Point", "coordinates": [ 115.2134041, -8.8013361 ] } },
{ "type": "Feature", "properties": { "name": "Cocomart", "facilities": "convenience", "lat": -8.72666, "lon": 115.18 }, "geometry": { "type": "Point", "coordinates": [ 115.1800232, -8.7266593 ] } },
{ "type": "Feature", "properties": { "name": "Alfamart", "facilities": "convenience", "lat": -8.7436, "lon": 115.164 }, "geometry": { "type": "Point", "coordinates": [ 115.1637854, -8.7435995 ] } },
{ "type": "Feature", "properties": { "name": "Yonico Kesambi", "facilities": "convenience", "lat": -8.65277, "lon": 115.173 }, "geometry": { "type": "Point", "coordinates": [ 115.1725346, -8.6527708 ] } },
{ "type": "Feature", "properties": { "name": "Warung Ketut", "facilities": "convenience", "lat": -8.78646, "lon": 115.187 }, "geometry": { "type": "Point", "coordinates": [ 115.186938, -8.7864575 ] } },
{ "type": "Feature", "properties": { "name": "Circle K", "facilities": "convenience", "lat": -8.63574, "lon": 115.234 }, "geometry": { "type": "Point", "coordinates": [ 115.2343101, -8.6357374 ] } },
{ "type": "Feature", "properties": { "name": "Circle K", "facilities": "convenience", "lat": -8.73707, "lon": 115.166 }, "geometry": { "type": "Point", "coordinates": [ 115.1663896, -8.7370712 ] } },
{ "type": "Feature", "properties": { "name": "Indomaret", "facilities": "convenience", "lat": -8.58002, "lon": 115.355 }, "geometry": { "type": "Point", "coordinates": [ 115.3554488, -8.5800185 ] } },
{ "type": "Feature", "properties": { "name": "Alfamart", "facilities": "convenience", "lat": -8.63659, "lon": 115.288 }, "geometry": { "type": "Point", "coordinates": [ 115.2880113, -8.6365867 ] } },
{ "type": "Feature", "properties": { "name": "IO", "facilities": "convenience", "lat": -8.68758, "lon": 115.265 }, "geometry": { "type": "Point", "coordinates": [ 115.265109, -8.6875798 ] } },
{ "type": "Feature", "properties": { "name": "Circle K", "facilities": "convenience", "lat": -8.58636, "lon": 115.347 }, "geometry": { "type": "Point", "coordinates": [ 115.3474356, -8.5863645 ] } },
{ "type": "Feature", "properties": { "name": "M Mart (24 Hours)", "facilities": "convenience", "lat": -8.6369, "lon": 115.282 }, "geometry": { "type": "Point", "coordinates": [ 115.2817958, -8.6368979 ] } },
{ "type": "Feature", "properties": { "name": "Indomaret", "facilities": "convenience", "lat": -8.64562, "lon": 115.276 }, "geometry": { "type": "Point", "coordinates": [ 115.2760466, -8.6456238 ] } },
{ "type": "Feature", "properties": { "name": "Indomaret", "facilities": "convenience", "lat": -8.73915, "lon": 115.168 }, "geometry": { "type": "Point", "coordinates": [ 115.1678603, -8.7391491 ] } },
{ "type": "Feature", "properties": { "name": "Minimart", "facilities": "convenience", "lat": -8.73701, "lon": 115.165 }, "geometry": { "type": "Point", "coordinates": [ 115.1651528, -8.7370056 ] } },
{ "type": "Feature", "properties": { "name": "Alfamart", "facilities": "convenience", "lat": -8.73961, "lon": 115.168 }, "geometry": { "type": "Point", "coordinates": [ 115.1676159, -8.7396082 ] } },
{ "type": "Feature", "properties": { "name": "Bali Farm Food", "facilities": "convenience", "lat": -8.81594, "lon": 115.156 }, "geometry": { "type": "Point", "coordinates": [ 115.1558666, -8.8159439 ] } },
{ "type": "Feature", "properties": { "name": "Alfamart", "facilities": "convenience", "lat": -8.28361, "lon": 115.162 }, "geometry": { "type": "Point", "coordinates": [ 115.1616746, -8.2836099 ] } },
{ "type": "Feature", "properties": { "name": "Indomaret", "facilities": "convenience", "lat": -8.54276, "lon": 115.214 }, "geometry": { "type": "Point", "coordinates": [ 115.2140638, -8.5427617 ] } },
{ "type": "Feature", "properties": { "name": "Indomaret", "facilities": "convenience", "lat": -8.53115, "lon": 115.212 }, "geometry": { "type": "Point", "coordinates": [ 115.2115545, -8.5311534 ] } },
{ "type": "Feature", "properties": { "name": "Indomaret", "facilities": "convenience", "lat": -8.52519, "lon": 115.21 }, "geometry": { "type": "Point", "coordinates": [ 115.2103401, -8.5251863 ] } },
{ "type": "Feature", "properties": { "name": "Indomaret", "facilities": "convenience", "lat": -8.49156, "lon": 115.185 }, "geometry": { "type": "Point", "coordinates": [ 115.1851735, -8.491565 ] } },
{ "type": "Feature", "properties": { "name": "Indomaret", "facilities": "convenience", "lat": -8.47024, "lon": 115.185 }, "geometry": { "type": "Point", "coordinates": [ 115.1849978, -8.4702357 ] } },
{ "type": "Feature", "properties": { "name": "Alfamart", "facilities": "convenience", "lat": -8.44976, "lon": 115.191 }, "geometry": { "type": "Point", "coordinates": [ 115.1905205, -8.4497591 ] } },
{ "type": "Feature", "properties": { "name": "Indomaret", "facilities": "convenience", "lat": -8.43597, "lon": 115.198 }, "geometry": { "type": "Point", "coordinates": [ 115.197844, -8.4359735 ] } },
{ "type": "Feature", "properties": { "name": "Indomaret", "facilities": "convenience", "lat": -8.2723, "lon": 115.164 }, "geometry": { "type": "Point", "coordinates": [ 115.1636813, -8.2723038 ] } },
{ "type": "Feature", "properties": { "name": "Alfamart", "facilities": "convenience", "lat": -8.4382, "lon": 115.308 }, "geometry": { "type": "Point", "coordinates": [ 115.3080662, -8.4381973 ] } },
{ "type": "Feature", "properties": { "name": "Indomaret", "facilities": "convenience", "lat": -8.14501, "lon": 114.592 }, "geometry": { "type": "Point", "coordinates": [ 114.5920225, -8.1450066 ] } },
{ "type": "Feature", "properties": { "name": "Indomaret", "facilities": "convenience", "lat": -8.18305, "lon": 114.784 }, "geometry": { "type": "Point", "coordinates": [ 114.7839437, -8.1830548 ] } },
{ "type": "Feature", "properties": { "name": "Alfamart", "facilities": "convenience", "lat": -8.19968, "lon": 114.833 }, "geometry": { "type": "Point", "coordinates": [ 114.8333533, -8.1996791 ] } },
{ "type": "Feature", "properties": { "name": "Hardy's Mall Singaraja", "facilities": "convenience", "lat": -8.11581, "lon": 115.092 }, "geometry": { "type": "Point", "coordinates": [ 115.09183, -8.1158072 ] } },
{ "type": "Feature", "properties": { "name": "Pepita Tejakula", "facilities": "convenience", "lat": -8.12284, "lon": 115.336 }, "geometry": { "type": "Point", "coordinates": [ 115.33603, -8.1228363 ] } },
{ "type": "Feature", "properties": { "name": "Circle K", "facilities": "convenience", "lat": -8.63211, "lon": 115.205 }, "geometry": { "type": "Point", "coordinates": [ 115.205139, -8.6321103 ] } },
{ "type": "Feature", "properties": { "name": "Mini Mart", "facilities": "convenience", "lat": -8.6297, "lon": 115.293 }, "geometry": { "type": "Point", "coordinates": [ 115.2934508, -8.6296972 ] } },
{ "type": "Feature", "properties": { "name": "Metromart", "facilities": "convenience", "lat": -8.70374, "lon": 115.185 }, "geometry": { "type": "Point", "coordinates": [ 115.1847398, -8.7037424 ] } },
{ "type": "Feature", "properties": { "name": "Indomaret", "facilities": "convenience", "lat": -8.13008, "lon": 115.073 }, "geometry": { "type": "Point", "coordinates": [ 115.0731251, -8.1300767 ] } },
{ "type": "Feature", "properties": { "name": "Circle K", "facilities": "convenience", "lat": -8.7225, "lon": 115.172 }, "geometry": { "type": "Point", "coordinates": [ 115.1715798, -8.722505 ] } },
{ "type": "Feature", "properties": { "name": "Indomaret", "facilities": "convenience", "lat": -8.72566, "lon": 115.177 }, "geometry": { "type": "Point", "coordinates": [ 115.1765949, -8.7256603 ] } },
{ "type": "Feature", "properties": { "name": "Alfamart", "facilities": "convenience", "lat": -8.80462, "lon": 115.206 }, "geometry": { "type": "Point", "coordinates": [ 115.2057453, -8.8046183 ] } },
{ "type": "Feature", "properties": { "name": "Alfamart", "facilities": "convenience", "lat": -8.16124, "lon": 115.028 }, "geometry": { "type": "Point", "coordinates": [ 115.0276848, -8.1612398 ] } },
{ "type": "Feature", "properties": { "name": "Indomaret", "facilities": "convenience", "lat": -8.16252, "lon": 115.025 }, "geometry": { "type": "Point", "coordinates": [ 115.0252507, -8.1625194 ] } },
{ "type": "Feature", "properties": { "name": "Indomaret", "facilities": "convenience", "lat": -8.63742, "lon": 115.266 }, "geometry": { "type": "Point", "coordinates": [ 115.2655884, -8.6374156 ] } },
{ "type": "Feature", "properties": { "name": "Jaya Mart Lembongan", "facilities": "convenience", "lat": -8.68462, "lon": 115.435 }, "geometry": { "type": "Point", "coordinates": [ 115.4352262, -8.6846176 ] } },
{ "type": "Feature", "properties": { "name": "Indomaret", "facilities": "convenience", "lat": -8.63702, "lon": 115.182 }, "geometry": { "type": "Point", "coordinates": [ 115.1824571, -8.637018 ] } },
{ "type": "Feature", "properties": { "name": "The market", "facilities": "convenience", "lat": -8.68019, "lon": 115.21 }, "geometry": { "type": "Point", "coordinates": [ 115.2097051, -8.6801901 ] } },
{ "type": "Feature", "properties": { "name": "Coco mart", "facilities": "convenience", "lat": -8.73457, "lon": 115.167 }, "geometry": { "type": "Point", "coordinates": [ 115.167404, -8.7345746 ] } },
{ "type": "Feature", "properties": { "name": "Indomaret", "facilities": "convenience", "lat": -8.5414, "lon": 115.328 }, "geometry": { "type": "Point", "coordinates": [ 115.3275747, -8.5414026 ] } },
{ "type": "Feature", "properties": { "name": "K-Circle", "facilities": "convenience", "lat": -8.28044, "lon": 115.164 }, "geometry": { "type": "Point", "coordinates": [ 115.1640316, -8.2804394 ] } },
{ "type": "Feature", "properties": { "name": "Indomaret", "facilities": "convenience", "lat": -8.80322, "lon": 115.152 }, "geometry": { "type": "Point", "coordinates": [ 115.1522137, -8.8032155 ] } },
{ "type": "Feature", "properties": { "name": "Circle K", "facilities": "convenience", "lat": -8.78596, "lon": 115.167 }, "geometry": { "type": "Point", "coordinates": [ 115.1671565, -8.7859643 ] } },
{ "type": "Feature", "properties": { "name": "Toko Kumala Sari", "facilities": "convenience", "lat": -8.78496, "lon": 115.171 }, "geometry": { "type": "Point", "coordinates": [ 115.1709654, -8.7849554 ] } },
{ "type": "Feature", "properties": { "name": "Warung Sederhana", "facilities": "convenience", "lat": -8.78501, "lon": 115.171 }, "geometry": { "type": "Point", "coordinates": [ 115.1709424, -8.7850053 ] } },
{ "type": "Feature", "properties": { "name": "Indomaret", "facilities": "convenience", "lat": -8.7828, "lon": 115.173 }, "geometry": { "type": "Point", "coordinates": [ 115.1732147, -8.7827972 ] } },
{ "type": "Feature", "properties": { "name": "Nirmala", "facilities": "convenience", "lat": -8.78173, "lon": 115.175 }, "geometry": { "type": "Point", "coordinates": [ 115.1745694, -8.7817292 ] } },
{ "type": "Feature", "properties": { "name": "Alfamart", "facilities": "convenience", "lat": -8.67306, "lon": 115.153 }, "geometry": { "type": "Point", "coordinates": [ 115.1527961, -8.6730569 ] } },
{ "type": "Feature", "properties": { "name": "Indomaret", "facilities": "convenience", "lat": -8.54413, "lon": 115.173 }, "geometry": { "type": "Point", "coordinates": [ 115.1733796, -8.5441288 ] } },
{ "type": "Feature", "properties": { "name": "Mini Mart", "facilities": "convenience", "lat": -8.50604, "lon": 115.263 }, "geometry": { "type": "Point", "coordinates": [ 115.2626935, -8.5060354 ] } },
{ "type": "Feature", "properties": { "name": "Alfamart", "facilities": "convenience", "lat": -8.73178, "lon": 115.171 }, "geometry": { "type": "Point", "coordinates": [ 115.1713446, -8.7317767 ] } },
{ "type": "Feature", "properties": { "name": "Alfamart", "facilities": "convenience", "lat": -8.7205, "lon": 115.177 }, "geometry": { "type": "Point", "coordinates": [ 115.1766842, -8.720505 ] } },
{ "type": "Feature", "properties": { "name": "Mini Mart", "facilities": "convenience", "lat": -8.81572, "lon": 115.153 }, "geometry": { "type": "Point", "coordinates": [ 115.1534336, -8.815721 ] } },
{ "type": "Feature", "properties": { "name": "Circle K", "facilities": "convenience", "lat": -8.68815, "lon": 115.172 }, "geometry": { "type": "Point", "coordinates": [ 115.1718168, -8.6881455 ] } },
{ "type": "Feature", "properties": { "name": "Circle K", "facilities": "convenience", "lat": -8.68831, "lon": 115.17 }, "geometry": { "type": "Point", "coordinates": [ 115.1695643, -8.6883054 ] } },
{ "type": "Feature", "properties": { "name": "Mini Mart", "facilities": "convenience", "lat": -8.68852, "lon": 115.169 }, "geometry": { "type": "Point", "coordinates": [ 115.1689332, -8.6885159 ] } },
{ "type": "Feature", "properties": { "name": "Alfamart", "facilities": "convenience", "lat": -8.62274, "lon": 115.181 }, "geometry": { "type": "Point", "coordinates": [ 115.1806305, -8.6227439 ] } },
{ "type": "Feature", "properties": { "name": "Alfamart", "facilities": "convenience", "lat": -8.63716, "lon": 115.179 }, "geometry": { "type": "Point", "coordinates": [ 115.178638, -8.6371637 ] } },
{ "type": "Feature", "properties": { "name": "Alfamart", "facilities": "convenience", "lat": -8.72215, "lon": 115.178 }, "geometry": { "type": "Point", "coordinates": [ 115.1780726, -8.722146 ] } },
{ "type": "Feature", "properties": { "name": "D'Tukat - Oleh Oleh Khas Bali", "facilities": "convenience", "lat": -8.64194, "lon": 115.255 }, "geometry": { "type": "Point", "coordinates": [ 115.2554242, -8.6419417 ] } },
{ "type": "Feature", "properties": { "name": "Circle K", "facilities": "convenience", "lat": -8.72444, "lon": 115.178 }, "geometry": { "type": "Point", "coordinates": [ 115.1782885, -8.7244369 ] } },
{ "type": "Feature", "properties": { "name": "Nirmala", "facilities": "convenience", "lat": -8.65927, "lon": 115.191 }, "geometry": { "type": "Point", "coordinates": [ 115.1913709, -8.6592727 ] } },
{ "type": "Feature", "properties": { "name": "Circle K", "facilities": "convenience", "lat": -8.68248, "lon": 115.167 }, "geometry": { "type": "Point", "coordinates": [ 115.1672096, -8.682479 ] } },
{ "type": "Feature", "properties": { "name": "Mini Market", "facilities": "convenience", "lat": -8.71721, "lon": 115.175 }, "geometry": { "type": "Point", "coordinates": [ 115.1745661, -8.7172108 ] } },
{ "type": "Feature", "properties": { "name": "J", "facilities": "convenience", "lat": -8.78497, "lon": 115.225 }, "geometry": { "type": "Point", "coordinates": [ 115.2251139, -8.7849681 ] } },
{ "type": "Feature", "properties": { "name": "Indomaret", "facilities": "convenience", "lat": -8.74284, "lon": 115.164 }, "geometry": { "type": "Point", "coordinates": [ 115.1637469, -8.7428429 ] } },
{ "type": "Feature", "properties": { "name": "Circle K", "facilities": "convenience", "lat": -8.78965, "lon": 115.226 }, "geometry": { "type": "Point", "coordinates": [ 115.225616, -8.7896454 ] } },
{ "type": "Feature", "properties": { "name": "WKB", "facilities": "convenience", "lat": -8.70369, "lon": 115.264 }, "geometry": { "type": "Point", "coordinates": [ 115.2644049, -8.7036924 ] } },
{ "type": "Feature", "properties": { "name": "Alfamart", "facilities": "convenience", "lat": -8.78975, "lon": 115.212 }, "geometry": { "type": "Point", "coordinates": [ 115.2119886, -8.7897505 ] } },
{ "type": "Feature", "properties": { "name": "Circle K", "facilities": "convenience", "lat": -8.70453, "lon": 115.25 }, "geometry": { "type": "Point", "coordinates": [ 115.2502556, -8.7045316 ] } },
{ "type": "Feature", "properties": { "name": "Mini Mart KSV", "facilities": "convenience", "lat": -8.71953, "lon": 115.169 }, "geometry": { "type": "Point", "coordinates": [ 115.1692797, -8.7195267 ] } },
{ "type": "Feature", "properties": { "name": "BUMDES Seraya Barat", "facilities": "convenience", "lat": -8.43895, "lon": 115.645 }, "geometry": { "type": "Point", "coordinates": [ 115.6454104, -8.4389491 ] } },
{ "type": "Feature", "properties": { "name": "Indomaret", "facilities": "convenience", "lat": -8.57209, "lon": 115.14 }, "geometry": { "type": "Point", "coordinates": [ 115.1395043, -8.5720915 ] } },
{ "type": "Feature", "properties": { "name": "Alfamart", "facilities": "convenience", "lat": -8.68038, "lon": 115.164 }, "geometry": { "type": "Point", "coordinates": [ 115.1642769, -8.6803801 ] } },
{ "type": "Feature", "properties": { "name": "Alfamart", "facilities": "convenience", "lat": -8.64856, "lon": 115.161 }, "geometry": { "type": "Point", "coordinates": [ 115.1613327, -8.6485559 ] } },
{ "type": "Feature", "properties": { "name": "Indomaret", "facilities": "convenience", "lat": -8.70287, "lon": 115.18 }, "geometry": { "type": "Point", "coordinates": [ 115.1800033, -8.7028663 ] } },
{ "type": "Feature", "properties": { "name": "Alfamart", "facilities": "convenience", "lat": -8.70641, "lon": 115.183 }, "geometry": { "type": "Point", "coordinates": [ 115.1825181, -8.7064088 ] } },
{ "type": "Feature", "properties": { "name": "Catu mart", "facilities": "convenience", "lat": -8.6539, "lon": 115.13 }, "geometry": { "type": "Point", "coordinates": [ 115.1302953, -8.6539042 ] } },
{ "type": "Feature", "properties": { "name": "Indomaret", "facilities": "convenience", "lat": -8.65129, "lon": 115.162 }, "geometry": { "type": "Point", "coordinates": [ 115.161947, -8.6512886 ] } },
{ "type": "Feature", "properties": { "name": "Coco mart", "facilities": "convenience", "lat": -8.74422, "lon": 115.162 }, "geometry": { "type": "Point", "coordinates": [ 115.1620798, -8.7442169 ] } },
{ "type": "Feature", "properties": { "name": "Indomaret", "facilities": "convenience", "lat": -8.45401, "lon": 115.354 }, "geometry": { "type": "Point", "coordinates": [ 115.3544378, -8.4540138 ] } },
{ "type": "Feature", "properties": { "name": "Circle K", "facilities": "convenience", "lat": -8.49018, "lon": 115.254 }, "geometry": { "type": "Point", "coordinates": [ 115.2535602, -8.4901841 ] } },
{ "type": "Feature", "properties": { "name": "Market", "facilities": "convenience", "lat": -8.35539, "lon": 115.688 }, "geometry": { "type": "Point", "coordinates": [ 115.688305, -8.3553923 ] } },
{ "type": "Feature", "properties": { "name": "Indomaret", "facilities": "convenience", "lat": -8.34063, "lon": 115.189 }, "geometry": { "type": "Point", "coordinates": [ 115.188759, -8.340629 ] } },
{ "type": "Feature", "properties": { "name": "Indomaret", "facilities": "convenience", "lat": -8.56707, "lon": 115.262 }, "geometry": { "type": "Point", "coordinates": [ 115.2618878, -8.5670679 ] } },
{ "type": "Feature", "properties": { "name": "Alfamart", "facilities": "convenience", "lat": -8.61073, "lon": 115.254 }, "geometry": { "type": "Point", "coordinates": [ 115.2537494, -8.6107261 ] } },
{ "type": "Feature", "properties": { "name": "Indomaret", "facilities": "convenience", "lat": -8.57592, "lon": 115.257 }, "geometry": { "type": "Point", "coordinates": [ 115.2574336, -8.5759203 ] } },
{ "type": "Feature", "properties": { "name": "Alfamart", "facilities": "convenience", "lat": -8.79359, "lon": 115.215 }, "geometry": { "type": "Point", "coordinates": [ 115.2151994, -8.7935944 ] } },
{ "type": "Feature", "properties": { "name": "Circle K", "facilities": "convenience", "lat": -8.63719, "lon": 115.255 }, "geometry": { "type": "Point", "coordinates": [ 115.2549681, -8.6371892 ] } },
{ "type": "Feature", "properties": { "name": "Alfamart", "facilities": "convenience", "lat": -8.62126, "lon": 115.255 }, "geometry": { "type": "Point", "coordinates": [ 115.255475, -8.6212588 ] } },
{ "type": "Feature", "properties": { "name": "Circle K", "facilities": "convenience", "lat": -8.51463, "lon": 115.26 }, "geometry": { "type": "Point", "coordinates": [ 115.2603394, -8.5146326 ] } },
{ "type": "Feature", "properties": { "name": "MiniMart", "facilities": "convenience", "lat": -8.51822, "lon": 115.263 }, "geometry": { "type": "Point", "coordinates": [ 115.26287, -8.5182245 ] } },
{ "type": "Feature", "properties": { "name": "MiniMart", "facilities": "convenience", "lat": -8.5161, "lon": 115.26 }, "geometry": { "type": "Point", "coordinates": [ 115.259951, -8.5160975 ] } },
{ "type": "Feature", "properties": { "name": "Indomaret", "facilities": "convenience", "lat": -8.61965, "lon": 115.255 }, "geometry": { "type": "Point", "coordinates": [ 115.2551691, -8.6196507 ] } },
{ "type": "Feature", "properties": { "name": "Indomaret", "facilities": "convenience", "lat": -8.61465, "lon": 115.254 }, "geometry": { "type": "Point", "coordinates": [ 115.2535916, -8.6146518 ] } },
{ "type": "Feature", "properties": { "name": "Mushroom Bay Minimart", "facilities": "convenience", "lat": -8.6835, "lon": 115.434 }, "geometry": { "type": "Point", "coordinates": [ 115.4338553, -8.6835016 ] } },
{ "type": "Feature", "properties": { "name": "Indomaret", "facilities": "convenience", "lat": -8.71713, "lon": 115.174 }, "geometry": { "type": "Point", "coordinates": [ 115.1744366, -8.7171292 ] } },
{ "type": "Feature", "properties": { "name": "Circle K", "facilities": "convenience", "lat": -8.79628, "lon": 115.219 }, "geometry": { "type": "Point", "coordinates": [ 115.2185119, -8.7962778 ] } },
{ "type": "Feature", "properties": { "name": "Indomaret", "facilities": "convenience", "lat": -8.60316, "lon": 115.258 }, "geometry": { "type": "Point", "coordinates": [ 115.2578814, -8.6031556 ] } },
{ "type": "Feature", "properties": { "name": "Alfamart", "facilities": "convenience", "lat": -8.61066, "lon": 115.253 }, "geometry": { "type": "Point", "coordinates": [ 115.2534057, -8.6106616 ] } },
{ "type": "Feature", "properties": { "name": "Popular Express", "facilities": "convenience", "lat": -8.69231, "lon": 115.264 }, "geometry": { "type": "Point", "coordinates": [ 115.2636037, -8.6923082 ] } },
{ "type": "Feature", "properties": { "name": "Circle K", "facilities": "convenience", "lat": -8.6722, "lon": 115.168 }, "geometry": { "type": "Point", "coordinates": [ 115.1682381, -8.6721963 ] } },
{ "type": "Feature", "properties": { "name": "Indomaret", "facilities": "convenience", "lat": -8.67216, "lon": 115.168 }, "geometry": { "type": "Point", "coordinates": [ 115.1680034, -8.6721601 ] } },
{ "type": "Feature", "properties": { "name": "Alfamart", "facilities": "convenience", "lat": -8.67217, "lon": 115.167 }, "geometry": { "type": "Point", "coordinates": [ 115.1670732, -8.6721743 ] } },
{ "type": "Feature", "properties": { "name": "Market", "facilities": "convenience", "lat": -8.67236, "lon": 115.165 }, "geometry": { "type": "Point", "coordinates": [ 115.1654335, -8.6723598 ] } },
{ "type": "Feature", "properties": { "name": "MiniMart", "facilities": "convenience", "lat": -8.67163, "lon": 115.161 }, "geometry": { "type": "Point", "coordinates": [ 115.1608222, -8.6716278 ] } },
{ "type": "Feature", "properties": { "name": "Alfamart", "facilities": "convenience", "lat": -8.6719, "lon": 115.173 }, "geometry": { "type": "Point", "coordinates": [ 115.1725903, -8.671901 ] } },
{ "type": "Feature", "properties": { "name": "Alfamart", "facilities": "convenience", "lat": -8.67386, "lon": 115.178 }, "geometry": { "type": "Point", "coordinates": [ 115.1780475, -8.6738639 ] } },
{ "type": "Feature", "properties": { "name": "Indomaret", "facilities": "convenience", "lat": -8.20137, "lon": 114.853 }, "geometry": { "type": "Point", "coordinates": [ 114.8530195, -8.2013738 ] } },
{ "type": "Feature", "properties": { "name": "Alfamart", "facilities": "convenience", "lat": -8.18291, "lon": 114.779 }, "geometry": { "type": "Point", "coordinates": [ 114.7789691, -8.1829117 ] } },
{ "type": "Feature", "properties": { "name": "Indomay", "facilities": "convenience", "lat": -8.20342, "lon": 114.884 }, "geometry": { "type": "Point", "coordinates": [ 114.884314, -8.2034169 ] } },
{ "type": "Feature", "properties": { "name": "Alfamart", "facilities": "convenience", "lat": -8.64913, "lon": 115.163 }, "geometry": { "type": "Point", "coordinates": [ 115.1625349, -8.6491251 ] } },
{ "type": "Feature", "properties": { "name": "K-Mart", "facilities": "convenience", "lat": -8.64167, "lon": 115.156 }, "geometry": { "type": "Point", "coordinates": [ 115.1556617, -8.64167 ] } },
{ "type": "Feature", "properties": { "name": "Surya", "facilities": "convenience", "lat": -8.65795, "lon": 115.147 }, "geometry": { "type": "Point", "coordinates": [ 115.1469911, -8.6579525 ] } },
{ "type": "Feature", "properties": { "name": "Alfamart", "facilities": "convenience", "lat": -8.27233, "lon": 115.163 }, "geometry": { "type": "Point", "coordinates": [ 115.1633705, -8.2723298 ] } },
{ "type": "Feature", "properties": { "name": "Mini Mart", "facilities": "convenience", "lat": -8.27666, "lon": 115.165 }, "geometry": { "type": "Point", "coordinates": [ 115.1646458, -8.2766587 ] } },
{ "type": "Feature", "properties": { "name": "Superindo", "facilities": "convenience", "lat": -8.28943, "lon": 115.168 }, "geometry": { "type": "Point", "coordinates": [ 115.1679305, -8.2894275 ] } },
{ "type": "Feature", "properties": { "name": "Minimart", "facilities": "convenience", "lat": -8.28158, "lon": 115.163 }, "geometry": { "type": "Point", "coordinates": [ 115.1625668, -8.2815834 ] } },
{ "type": "Feature", "properties": { "name": "Indomaret", "facilities": "convenience", "lat": -8.23693, "lon": 115.123 }, "geometry": { "type": "Point", "coordinates": [ 115.1230713, -8.2369269 ] } },
{ "type": "Feature", "properties": { "name": "Indomaret", "facilities": "convenience", "lat": -8.25808, "lon": 115.162 }, "geometry": { "type": "Point", "coordinates": [ 115.1619058, -8.2580767 ] } },
{ "type": "Feature", "properties": { "name": "Alfamart", "facilities": "convenience", "lat": -8.43636, "lon": 115.197 }, "geometry": { "type": "Point", "coordinates": [ 115.196613, -8.4363602 ] } },
{ "type": "Feature", "properties": { "name": "Nickmart", "facilities": "convenience", "lat": -8.65626, "lon": 115.148 }, "geometry": { "type": "Point", "coordinates": [ 115.1476307, -8.6562591 ] } },
{ "type": "Feature", "properties": { "name": "Circle K", "facilities": "convenience", "lat": -8.74428, "lon": 115.164 }, "geometry": { "type": "Point", "coordinates": [ 115.1643811, -8.7442847 ] } },
{ "type": "Feature", "properties": { "name": "Coco", "facilities": "convenience", "lat": -8.80174, "lon": 115.232 }, "geometry": { "type": "Point", "coordinates": [ 115.2318102, -8.8017447 ] } },
{ "type": "Feature", "properties": { "name": "The corner store", "facilities": "convenience", "lat": -8.80441, "lon": 115.233 }, "geometry": { "type": "Point", "coordinates": [ 115.2327554, -8.8044068 ] } },
{ "type": "Feature", "properties": { "name": "Alfamart", "facilities": "convenience", "lat": -8.5805, "lon": 115.355 }, "geometry": { "type": "Point", "coordinates": [ 115.3549079, -8.5805042 ] } },
{ "type": "Feature", "properties": { "name": "Circle K", "facilities": "convenience", "lat": -8.57992, "lon": 115.354 }, "geometry": { "type": "Point", "coordinates": [ 115.3544419, -8.5799174 ] } },
{ "type": "Feature", "properties": { "name": "Indomaret", "facilities": "convenience", "lat": -8.82099, "lon": 115.146 }, "geometry": { "type": "Point", "coordinates": [ 115.1462454, -8.82099 ] } },
{ "type": "Feature", "properties": { "name": "Circle K", "facilities": "convenience", "lat": -8.82109, "lon": 115.146 }, "geometry": { "type": "Point", "coordinates": [ 115.1462108, -8.8210935 ] } },
{ "type": "Feature", "properties": { "name": "Alfamart", "facilities": "convenience", "lat": -8.18034, "lon": 114.438 }, "geometry": { "type": "Point", "coordinates": [ 114.438049, -8.1803443 ] } },
{ "type": "Feature", "properties": { "name": "MiniMart", "facilities": "convenience", "lat": -8.71682, "lon": 115.173 }, "geometry": { "type": "Point", "coordinates": [ 115.1725404, -8.7168155 ] } },
{ "type": "Feature", "properties": { "name": "Mini Mart", "facilities": "convenience", "lat": -8.69613, "lon": 115.176 }, "geometry": { "type": "Point", "coordinates": [ 115.1759285, -8.6961292 ] } },
{ "type": "Feature", "properties": { "name": "Mini Mart Kerobokan Kelod", "facilities": "convenience", "lat": -8.68366, "lon": 115.171 }, "geometry": { "type": "Point", "coordinates": [ 115.1711846, -8.6836638 ] } },
{ "type": "Feature", "properties": { "name": "Alfamart", "facilities": "convenience", "lat": -8.82346, "lon": 115.186 }, "geometry": { "type": "Point", "coordinates": [ 115.1856897, -8.8234623 ] } },
{ "type": "Feature", "properties": { "name": "Minimart", "facilities": "convenience", "lat": -8.6661, "lon": 115.156 }, "geometry": { "type": "Point", "coordinates": [ 115.1558472, -8.666096 ] } },
{ "type": "Feature", "properties": { "name": "Minimart", "facilities": "convenience", "lat": -8.50468, "lon": 115.256 }, "geometry": { "type": "Point", "coordinates": [ 115.2555892, -8.5046786 ] } },
{ "type": "Feature", "properties": { "name": "Indomaret", "facilities": "convenience", "lat": -8.45302, "lon": 115.279 }, "geometry": { "type": "Point", "coordinates": [ 115.2794147, -8.453015 ] } },
{ "type": "Feature", "properties": { "name": "Alfamart", "facilities": "convenience", "lat": -8.52458, "lon": 115.128 }, "geometry": { "type": "Point", "coordinates": [ 115.128486, -8.5245748 ] } },
{ "type": "Feature", "properties": { "name": "Indomaret", "facilities": "convenience", "lat": -8.34523, "lon": 115.671 }, "geometry": { "type": "Point", "coordinates": [ 115.671354, -8.3452272 ] } },
{ "type": "Feature", "properties": { "name": "Alfamart", "facilities": "convenience", "lat": -8.53907, "lon": 115.395 }, "geometry": { "type": "Point", "coordinates": [ 115.3951999, -8.5390691 ] } },
{ "type": "Feature", "properties": { "name": "Lionk Motor Bike Rental", "facilities": "convenience", "lat": -8.64646, "lon": 115.133 }, "geometry": { "type": "Point", "coordinates": [ 115.132979, -8.6464561 ] } },
{ "type": "Feature", "properties": { "name": "Coco mart", "facilities": "convenience", "lat": -8.74417, "lon": 115.162 }, "geometry": { "type": "Point", "coordinates": [ 115.1619268, -8.7441675 ] } },
{ "type": "Feature", "properties": { "name": "SWT mart", "facilities": "convenience", "lat": -8.16416, "lon": 114.436 }, "geometry": { "type": "Point", "coordinates": [ 114.4357938, -8.1641553 ] } },
{ "type": "Feature", "properties": { "name": "Coco Express", "facilities": "convenience", "lat": -8.67367, "lon": 115.263 }, "geometry": { "type": "Point", "coordinates": [ 115.2628456, -8.6736732 ] } },
{ "type": "Feature", "properties": { "name": "Indomaret", "facilities": "convenience", "lat": -8.49852, "lon": 115.019 }, "geometry": { "type": "Point", "coordinates": [ 115.0192323, -8.4985171 ] } },
{ "type": "Feature", "properties": { "name": "Indomaret", "facilities": "convenience", "lat": -8.5061, "lon": 115.272 }, "geometry": { "type": "Point", "coordinates": [ 115.2716075, -8.5061023 ] } },
{ "type": "Feature", "properties": { "name": "Indomaret", "facilities": "convenience", "lat": -8.71236, "lon": 115.172 }, "geometry": { "type": "Point", "coordinates": [ 115.1723216, -8.7123584 ] } },
{ "type": "Feature", "properties": { "name": "Mini Mart", "facilities": "convenience", "lat": -8.71257, "lon": 115.171 }, "geometry": { "type": "Point", "coordinates": [ 115.1707795, -8.7125741 ] } },
{ "type": "Feature", "properties": { "name": "Mini Mart", "facilities": "convenience", "lat": -8.70866, "lon": 115.169 }, "geometry": { "type": "Point", "coordinates": [ 115.1694446, -8.7086549 ] } },
{ "type": "Feature", "properties": { "name": "Mini Mart", "facilities": "convenience", "lat": -8.70992, "lon": 115.174 }, "geometry": { "type": "Point", "coordinates": [ 115.1738238, -8.709925 ] } },
{ "type": "Feature", "properties": { "name": "Circle K", "facilities": "convenience", "lat": -8.70878, "lon": 115.169 }, "geometry": { "type": "Point", "coordinates": [ 115.1693716, -8.7087827 ] } },
{ "type": "Feature", "properties": { "name": "Coco Express", "facilities": "convenience", "lat": -8.70945, "lon": 115.172 }, "geometry": { "type": "Point", "coordinates": [ 115.1721573, -8.7094547 ] } },
{ "type": "Feature", "properties": { "name": "Circle K", "facilities": "convenience", "lat": -8.70989, "lon": 115.172 }, "geometry": { "type": "Point", "coordinates": [ 115.1723645, -8.7098871 ] } },
{ "type": "Feature", "properties": { "name": "Indomaret", "facilities": "convenience", "lat": -8.71061, "lon": 115.172 }, "geometry": { "type": "Point", "coordinates": [ 115.1724831, -8.7106108 ] } },
{ "type": "Feature", "properties": { "name": "M Mart", "facilities": "convenience", "lat": -8.71188, "lon": 115.173 }, "geometry": { "type": "Point", "coordinates": [ 115.1729271, -8.7118808 ] } },
{ "type": "Feature", "properties": { "name": "Alfamart", "facilities": "convenience", "lat": -8.71005, "lon": 115.174 }, "geometry": { "type": "Point", "coordinates": [ 115.1740994, -8.7100456 ] } },
{ "type": "Feature", "properties": { "name": "Circle K", "facilities": "convenience", "lat": -8.70996, "lon": 115.174 }, "geometry": { "type": "Point", "coordinates": [ 115.1743512, -8.709965 ] } },
{ "type": "Feature", "properties": { "name": "M Mart", "facilities": "convenience", "lat": -8.71304, "lon": 115.168 }, "geometry": { "type": "Point", "coordinates": [ 115.1678543, -8.7130403 ] } },
{ "type": "Feature", "properties": { "name": "Delta dewata", "facilities": "convenience", "lat": -8.52104, "lon": 115.269 }, "geometry": { "type": "Point", "coordinates": [ 115.2685016, -8.5210432 ] } },
{ "type": "Feature", "properties": { "name": "Alfamart", "facilities": "convenience", "lat": -8.64743, "lon": 115.18 }, "geometry": { "type": "Point", "coordinates": [ 115.1798552, -8.6474327 ] } },
{ "type": "Feature", "properties": { "name": "Minimarkt", "facilities": "convenience", "lat": -8.67173, "lon": 115.159 }, "geometry": { "type": "Point", "coordinates": [ 115.1585211, -8.6717248 ] } },
{ "type": "Feature", "properties": { "name": "Mini Mart", "facilities": "convenience", "lat": -8.68213, "lon": 115.16 }, "geometry": { "type": "Point", "coordinates": [ 115.1597493, -8.6821262 ] } },
{ "type": "Feature", "properties": { "name": "Circle K", "facilities": "convenience", "lat": -8.67697, "lon": 115.155 }, "geometry": { "type": "Point", "coordinates": [ 115.154929, -8.6769679 ] } },
{ "type": "Feature", "properties": { "name": "Circle K", "facilities": "convenience", "lat": -8.70456, "lon": 115.181 }, "geometry": { "type": "Point", "coordinates": [ 115.1813695, -8.7045559 ] } },
{ "type": "Feature", "properties": { "name": "Circle K", "facilities": "convenience", "lat": -8.67408, "lon": 115.157 }, "geometry": { "type": "Point", "coordinates": [ 115.1571124, -8.6740831 ] } },
{ "type": "Feature", "properties": { "name": "Kitta", "facilities": "convenience", "lat": -8.70498, "lon": 115.259 }, "geometry": { "type": "Point", "coordinates": [ 115.2592422, -8.704979 ] } },
{ "type": "Feature", "properties": { "name": "Dayuh Shop", "facilities": "convenience", "lat": -8.33503, "lon": 115.635 }, "geometry": { "type": "Point", "coordinates": [ 115.6352722, -8.3350279 ] } },
{ "type": "Feature", "properties": { "name": "Indomaret", "facilities": "convenience", "lat": -8.82946, "lon": 115.136 }, "geometry": { "type": "Point", "coordinates": [ 115.1362637, -8.8294609 ] } },
{ "type": "Feature", "properties": { "name": "Raja mart", "facilities": "convenience", "lat": -8.82209, "lon": 115.215 }, "geometry": { "type": "Point", "coordinates": [ 115.2145891, -8.8220853 ] } },
{ "type": "Feature", "properties": { "name": "Wanu Mart", "facilities": "convenience", "lat": -8.81496, "lon": 115.112 }, "geometry": { "type": "Point", "coordinates": [ 115.11196, -8.814961 ] } },
{ "type": "Feature", "properties": { "name": "Star Star Mart", "facilities": "convenience", "lat": -8.80803, "lon": 115.115 }, "geometry": { "type": "Point", "coordinates": [ 115.1153114, -8.8080347 ] } },
{ "type": "Feature", "properties": { "name": "Warung Bawa Rindu", "facilities": "convenience", "lat": -8.81836, "lon": 115.115 }, "geometry": { "type": "Point", "coordinates": [ 115.115344, -8.8183564 ] } },
{ "type": "Feature", "properties": { "name": "69 Mart", "facilities": "convenience", "lat": -8.82658, "lon": 115.124 }, "geometry": { "type": "Point", "coordinates": [ 115.1235161, -8.8265758 ] } },
{ "type": "Feature", "properties": { "name": "Day Mart", "facilities": "convenience", "lat": -8.8315, "lon": 115.126 }, "geometry": { "type": "Point", "coordinates": [ 115.1264193, -8.831503 ] } },
{ "type": "Feature", "properties": { "name": "Alfamart", "facilities": "convenience", "lat": -8.81954, "lon": 115.153 }, "geometry": { "type": "Point", "coordinates": [ 115.1532498, -8.8195451 ] } },
{ "type": "Feature", "properties": { "name": "Indomaret Uluwatu", "facilities": "convenience", "lat": -8.81687, "lon": 115.155 }, "geometry": { "type": "Point", "coordinates": [ 115.1546426, -8.8168696 ] } },
{ "type": "Feature", "properties": { "name": "Pepito Express", "facilities": "convenience", "lat": -8.81966, "lon": 115.152 }, "geometry": { "type": "Point", "coordinates": [ 115.151688, -8.8196613 ] } },
{ "type": "Feature", "properties": { "name": "Minimart", "facilities": "convenience", "lat": -8.81321, "lon": 115.157 }, "geometry": { "type": "Point", "coordinates": [ 115.1573143, -8.81321 ] } },
{ "type": "Feature", "properties": { "name": "Circle K", "facilities": "convenience", "lat": -8.80595, "lon": 115.159 }, "geometry": { "type": "Point", "coordinates": [ 115.1588984, -8.8059546 ] } },
{ "type": "Feature", "properties": { "name": "Minimart", "facilities": "convenience", "lat": -8.80476, "lon": 115.159 }, "geometry": { "type": "Point", "coordinates": [ 115.1590198, -8.8047584 ] } },
{ "type": "Feature", "properties": { "name": "Pasar Alas Kusuma Uluwatu", "facilities": "convenience", "lat": -8.80291, "lon": 115.16 }, "geometry": { "type": "Point", "coordinates": [ 115.1600025, -8.8029149 ] } },
{ "type": "Feature", "properties": { "name": "Circle K", "facilities": "convenience", "lat": -8.80363, "lon": 115.16 }, "geometry": { "type": "Point", "coordinates": [ 115.1599281, -8.8036267 ] } },
{ "type": "Feature", "properties": { "name": "Circle K", "facilities": "convenience", "lat": -8.81546, "lon": 115.157 }, "geometry": { "type": "Point", "coordinates": [ 115.1565223, -8.8154622 ] } },
{ "type": "Feature", "properties": { "name": "Family Mart", "facilities": "convenience", "lat": -8.68702, "lon": 115.437 }, "geometry": { "type": "Point", "coordinates": [ 115.437134, -8.6870195 ] } },
{ "type": "Feature", "properties": { "name": "Sanghyoungbay Mart", "facilities": "convenience", "lat": -8.6829, "lon": 115.433 }, "geometry": { "type": "Point", "coordinates": [ 115.4332712, -8.6828985 ] } },
{ "type": "Feature", "properties": { "name": "Karang Shop", "facilities": "convenience", "lat": -8.68837, "lon": 115.438 }, "geometry": { "type": "Point", "coordinates": [ 115.4377376, -8.6883742 ] } },
{ "type": "Feature", "properties": { "name": "Minimart", "facilities": "convenience", "lat": -8.69378, "lon": 115.442 }, "geometry": { "type": "Point", "coordinates": [ 115.441774, -8.6937825 ] } },
{ "type": "Feature", "properties": { "name": "Lega Shop", "facilities": "convenience", "lat": -8.69784, "lon": 115.449 }, "geometry": { "type": "Point", "coordinates": [ 115.4490638, -8.6978386 ] } },
{ "type": "Feature", "properties": { "name": "Minimart", "facilities": "convenience", "lat": -8.52411, "lon": 115.264 }, "geometry": { "type": "Point", "coordinates": [ 115.2638947, -8.5241091 ] } },
{ "type": "Feature", "properties": { "name": "Owoce od 5 rano do 6pm tanio uczciwie", "facilities": "convenience", "lat": -8.50101, "lon": 115.265 }, "geometry": { "type": "Point", "coordinates": [ 115.2645211, -8.5010072 ] } },
{ "type": "Feature", "properties": { "name": "Alfamart", "facilities": "convenience", "lat": -8.45378, "lon": 115.28 }, "geometry": { "type": "Point", "coordinates": [ 115.279531, -8.4537843 ] } },
{ "type": "Feature", "properties": { "name": "Coco Mart", "facilities": "convenience", "lat": -8.47705, "lon": 115.278 }, "geometry": { "type": "Point", "coordinates": [ 115.278347, -8.4770471 ] } },
{ "type": "Feature", "properties": { "name": "Tini Mart", "facilities": "convenience", "lat": -8.46711, "lon": 115.265 }, "geometry": { "type": "Point", "coordinates": [ 115.2652219, -8.4671136 ] } },
{ "type": "Feature", "properties": { "name": "Indomaret", "facilities": "convenience", "lat": -8.13619, "lon": 115.372 }, "geometry": { "type": "Point", "coordinates": [ 115.3715531, -8.1361924 ] } },
{ "type": "Feature", "properties": { "name": "Circle K", "facilities": "convenience", "lat": -8.76774, "lon": 115.174 }, "geometry": { "type": "Point", "coordinates": [ 115.1738676, -8.7677386 ] } },
{ "type": "Feature", "properties": { "name": "Alfamart", "facilities": "convenience", "lat": -8.76708, "lon": 115.174 }, "geometry": { "type": "Point", "coordinates": [ 115.1741258, -8.76708 ] } },
{ "type": "Feature", "properties": { "name": "Alfamart", "facilities": "convenience", "lat": -8.77679, "lon": 115.171 }, "geometry": { "type": "Point", "coordinates": [ 115.1705702, -8.7767915 ] } },
{ "type": "Feature", "properties": { "name": "Alfamart", "facilities": "convenience", "lat": -8.5229, "lon": 115.269 }, "geometry": { "type": "Point", "coordinates": [ 115.2684995, -8.5228998 ] } },
{ "type": "Feature", "properties": { "name": "Zero waste Bali", "facilities": "convenience", "lat": -8.64841, "lon": 115.161 }, "geometry": { "type": "Point", "coordinates": [ 115.1613404, -8.6484091 ] } },
{ "type": "Feature", "properties": { "name": "Indomaret", "facilities": "convenience", "lat": -8.42985, "lon": 115.307 }, "geometry": { "type": "Point", "coordinates": [ 115.3074828, -8.4298509 ] } },
{ "type": "Feature", "properties": { "name": "Black Cat", "facilities": "convenience", "lat": -8.65252, "lon": 115.138 }, "geometry": { "type": "Point", "coordinates": [ 115.1380138, -8.6525188 ] } },
{ "type": "Feature", "properties": { "name": "Club sehab Healthy grocery store", "facilities": "convenience", "lat": -8.67937, "lon": 115.258 }, "geometry": { "type": "Point", "coordinates": [ 115.2584928, -8.6793725 ] } },
{ "type": "Feature", "properties": { "name": "Alfamart", "facilities": "convenience", "lat": -8.78031, "lon": 115.224 }, "geometry": { "type": "Point", "coordinates": [ 115.2240541, -8.7803081 ] } },
{ "type": "Feature", "properties": { "name": "ABC Minimart", "facilities": "convenience", "lat": -8.78338, "lon": 115.225 }, "geometry": { "type": "Point", "coordinates": [ 115.2247633, -8.7833836 ] } },
{ "type": "Feature", "properties": { "name": "Artha wijaya", "facilities": "convenience", "lat": -8.778, "lon": 115.224 }, "geometry": { "type": "Point", "coordinates": [ 115.2236468, -8.7779987 ] } },
{ "type": "Feature", "properties": { "name": "Pepito express", "facilities": "convenience", "lat": -8.78587, "lon": 115.225 }, "geometry": { "type": "Point", "coordinates": [ 115.2250246, -8.7858726 ] } },
{ "type": "Feature", "properties": { "name": "Minimart", "facilities": "convenience", "lat": -8.77574, "lon": 115.223 }, "geometry": { "type": "Point", "coordinates": [ 115.2232371, -8.7757407 ] } },
{ "type": "Feature", "properties": { "name": "Indomaret", "facilities": "convenience", "lat": -8.77491, "lon": 115.223 }, "geometry": { "type": "Point", "coordinates": [ 115.2227106, -8.77491 ] } },
{ "type": "Feature", "properties": { "name": "Mini Mart", "facilities": "convenience", "lat": -8.50647, "lon": 115.261 }, "geometry": { "type": "Point", "coordinates": [ 115.2613038, -8.5064713 ] } },
{ "type": "Feature", "properties": { "name": "Indomaret", "facilities": "convenience", "lat": -8.70061, "lon": 115.228 }, "geometry": { "type": "Point", "coordinates": [ 115.2277742, -8.7006137 ] } },
{ "type": "Feature", "properties": { "name": "Alfamart", "facilities": "convenience", "lat": -8.48631, "lon": 115.251 }, "geometry": { "type": "Point", "coordinates": [ 115.2508365, -8.4863111 ] } },
{ "type": "Feature", "properties": { "name": "London Mart", "facilities": "convenience", "lat": -8.42707, "lon": 115.279 }, "geometry": { "type": "Point", "coordinates": [ 115.2788625, -8.4270739 ] } },
{ "type": "Feature", "properties": { "name": "Indomaret", "facilities": "convenience", "lat": -8.50384, "lon": 115.293 }, "geometry": { "type": "Point", "coordinates": [ 115.2927711, -8.5038408 ] } },
{ "type": "Feature", "properties": { "name": "Alfamart", "facilities": "convenience", "lat": -8.56124, "lon": 115.273 }, "geometry": { "type": "Point", "coordinates": [ 115.2734055, -8.5612383 ] } },
{ "type": "Feature", "properties": { "name": "Indomaret", "facilities": "convenience", "lat": -8.5968, "lon": 115.331 }, "geometry": { "type": "Point", "coordinates": [ 115.3310763, -8.5968043 ] } },
{ "type": "Feature", "properties": { "name": "Circle K", "facilities": "convenience", "lat": -8.51982, "lon": 115.263 }, "geometry": { "type": "Point", "coordinates": [ 115.2629981, -8.519817 ] } },
{ "type": "Feature", "properties": { "name": "Indomaret", "facilities": "convenience", "lat": -8.54524, "lon": 115.214 }, "geometry": { "type": "Point", "coordinates": [ 115.2144846, -8.5452393 ] } },
{ "type": "Feature", "properties": { "name": "Circle K", "facilities": "convenience", "lat": -8.61588, "lon": 115.093 }, "geometry": { "type": "Point", "coordinates": [ 115.0930028, -8.6158764 ] } },
{ "type": "Feature", "properties": { "name": "Circle K", "facilities": "convenience", "lat": -8.72021, "lon": 115.17 }, "geometry": { "type": "Point", "coordinates": [ 115.1696216, -8.72021 ] } },
{ "type": "Feature", "properties": { "name": "Circle K", "facilities": "convenience", "lat": -8.66948, "lon": 115.165 }, "geometry": { "type": "Point", "coordinates": [ 115.1647582, -8.6694761 ] } },
{ "type": "Feature", "properties": { "name": "Mini Mart", "facilities": "convenience", "lat": -8.70003, "lon": 115.177 }, "geometry": { "type": "Point", "coordinates": [ 115.1772332, -8.7000323 ] } },
{ "type": "Feature", "properties": { "name": "Mini Mart", "facilities": "convenience", "lat": -8.72263, "lon": 115.172 }, "geometry": { "type": "Point", "coordinates": [ 115.1716496, -8.7226336 ] } },
{ "type": "Feature", "properties": { "name": "Alfamart", "facilities": "convenience", "lat": -8.65847, "lon": 115.163 }, "geometry": { "type": "Point", "coordinates": [ 115.1628795, -8.6584733 ] } },
{ "type": "Feature", "properties": { "name": "Alfamart", "facilities": "convenience", "lat": -8.65473, "lon": 115.163 }, "geometry": { "type": "Point", "coordinates": [ 115.1625268, -8.6547302 ] } },
{ "type": "Feature", "properties": { "name": "Circle K", "facilities": "convenience", "lat": -8.62386, "lon": 115.123 }, "geometry": { "type": "Point", "coordinates": [ 115.1228691, -8.6238624 ] } },
{ "type": "Feature", "properties": { "name": "Mini Mart", "facilities": "convenience", "lat": -8.67613, "lon": 115.165 }, "geometry": { "type": "Point", "coordinates": [ 115.1648971, -8.6761279 ] } },
{ "type": "Feature", "properties": { "name": "Mini Mart", "facilities": "convenience", "lat": -8.51234, "lon": 115.261 }, "geometry": { "type": "Point", "coordinates": [ 115.2610996, -8.5123368 ] } },
{ "type": "Feature", "properties": { "name": "Delta Dewata", "facilities": "convenience", "lat": -8.51501, "lon": 115.26 }, "geometry": { "type": "Point", "coordinates": [ 115.2604555, -8.5150086 ] } },
{ "type": "Feature", "properties": { "name": "Delta Dewata", "facilities": "convenience", "lat": -8.5111, "lon": 115.261 }, "geometry": { "type": "Point", "coordinates": [ 115.2611933, -8.5110999 ] } },
{ "type": "Feature", "properties": { "name": "Alfamart", "facilities": "convenience", "lat": -8.58205, "lon": 115.256 }, "geometry": { "type": "Point", "coordinates": [ 115.2557172, -8.5820468 ] } },
{ "type": "Feature", "properties": { "name": "Indomaret", "facilities": "convenience", "lat": -8.63097, "lon": 115.261 }, "geometry": { "type": "Point", "coordinates": [ 115.2610534, -8.6309733 ] } },
{ "type": "Feature", "properties": { "name": "T Mart", "facilities": "convenience", "lat": -8.6284, "lon": 115.259 }, "geometry": { "type": "Point", "coordinates": [ 115.2587552, -8.6283986 ] } },
{ "type": "Feature", "properties": { "name": "Alfamart", "facilities": "convenience", "lat": -8.67397, "lon": 115.173 }, "geometry": { "type": "Point", "coordinates": [ 115.1728416, -8.673965 ] } },
{ "type": "Feature", "properties": { "name": "Indomaret", "facilities": "convenience", "lat": -8.75759, "lon": 115.177 }, "geometry": { "type": "Point", "coordinates": [ 115.1767634, -8.7575873 ] } },
{ "type": "Feature", "properties": { "name": "Circle K", "facilities": "convenience", "lat": -8.50905, "lon": 115.267 }, "geometry": { "type": "Point", "coordinates": [ 115.2670837, -8.5090546 ] } },
{ "type": "Feature", "properties": { "name": "Alfamart", "facilities": "convenience", "lat": -8.78997, "lon": 115.164 }, "geometry": { "type": "Point", "coordinates": [ 115.1638662, -8.7899671 ] } },
{ "type": "Feature", "properties": { "name": "Indomaret", "facilities": "convenience", "lat": -8.64537, "lon": 115.169 }, "geometry": { "type": "Point", "coordinates": [ 115.1687055, -8.6453734 ] } },
{ "type": "Feature", "properties": { "name": "Mini Mart KPZ", "facilities": "convenience", "lat": -8.72928, "lon": 115.169 }, "geometry": { "type": "Point", "coordinates": [ 115.1685784, -8.7292821 ] } },
{ "type": "Feature", "properties": { "name": "Circle K", "facilities": "convenience", "lat": -8.73468, "lon": 115.166 }, "geometry": { "type": "Point", "coordinates": [ 115.1664782, -8.7346807 ] } },
{ "type": "Feature", "properties": { "name": "Circle K", "facilities": "convenience", "lat": -8.7225, "lon": 115.173 }, "geometry": { "type": "Point", "coordinates": [ 115.173474, -8.7225037 ] } },
{ "type": "Feature", "properties": { "name": "Indomaret", "facilities": "convenience", "lat": -8.62265, "lon": 115.12 }, "geometry": { "type": "Point", "coordinates": [ 115.1202293, -8.6226455 ] } },
{ "type": "Feature", "properties": { "name": "Indomaret", "facilities": "convenience", "lat": -8.60904, "lon": 115.112 }, "geometry": { "type": "Point", "coordinates": [ 115.1115887, -8.6090437 ] } },
{ "type": "Feature", "properties": { "name": "Circle K", "facilities": "convenience", "lat": -8.67365, "lon": 115.165 }, "geometry": { "type": "Point", "coordinates": [ 115.1647879, -8.6736491 ] } },
{ "type": "Feature", "properties": { "name": "Alfamart", "facilities": "convenience", "lat": -8.71134, "lon": 115.181 }, "geometry": { "type": "Point", "coordinates": [ 115.1813292, -8.7113416 ] } },
{ "type": "Feature", "properties": { "name": "Indomaret", "facilities": "convenience", "lat": -8.4022, "lon": 115.59 }, "geometry": { "type": "Point", "coordinates": [ 115.5895042, -8.4021963 ] } },
{ "type": "Feature", "properties": { "name": "Alfamart", "facilities": "convenience", "lat": -8.73671, "lon": 115.167 }, "geometry": { "type": "Point", "coordinates": [ 115.1673651, -8.7367124 ] } },
{ "type": "Feature", "properties": { "name": "Indomaret", "facilities": "convenience", "lat": -8.74124, "lon": 115.179 }, "geometry": { "type": "Point", "coordinates": [ 115.1786632, -8.7412364 ] } },
{ "type": "Feature", "properties": { "name": "Circle K", "facilities": "convenience", "lat": -8.73648, "lon": 115.167 }, "geometry": { "type": "Point", "coordinates": [ 115.1673694, -8.7364849 ] } },
{ "type": "Feature", "properties": { "name": "Convi with Alcohol", "facilities": "convenience", "lat": -8.67988, "lon": 115.207 }, "geometry": { "type": "Point", "coordinates": [ 115.2073192, -8.6798817 ] } },
{ "type": "Feature", "properties": { "name": "Indomaret", "facilities": "convenience", "lat": -8.52368, "lon": 115.273 }, "geometry": { "type": "Point", "coordinates": [ 115.2731561, -8.5236849 ] } },
{ "type": "Feature", "properties": { "name": "Vegetables & Fruits Local Market", "facilities": "convenience", "lat": -8.51894, "lon": 115.269 }, "geometry": { "type": "Point", "coordinates": [ 115.2691446, -8.5189352 ] } },
{ "type": "Feature", "properties": { "name": "Toko Maha", "facilities": "convenience", "lat": -8.67302, "lon": 115.556 }, "geometry": { "type": "Point", "coordinates": [ 115.556093, -8.6730156 ] } },
{ "type": "Feature", "properties": { "name": "Solaluna mart", "facilities": "convenience", "lat": -8.33565, "lon": 115.651 }, "geometry": { "type": "Point", "coordinates": [ 115.6507919, -8.3356547 ] } },
{ "type": "Feature", "properties": { "name": "Circle K", "facilities": "convenience", "lat": -8.72478, "lon": 115.173 }, "geometry": { "type": "Point", "coordinates": [ 115.1730513, -8.7247839 ] } },
{ "type": "Feature", "properties": { "name": "Grocery", "facilities": "convenience", "lat": -8.70605, "lon": 115.178 }, "geometry": { "type": "Point", "coordinates": [ 115.1778062, -8.7060461 ] } },
{ "type": "Feature", "properties": { "name": "Mini Mart", "facilities": "convenience", "lat": -8.72475, "lon": 115.172 }, "geometry": { "type": "Point", "coordinates": [ 115.1718326, -8.7247521 ] } },
{ "type": "Feature", "properties": { "name": "Bike", "facilities": "convenience", "lat": -8.73101, "lon": 115.167 }, "geometry": { "type": "Point", "coordinates": [ 115.1674851, -8.7310142 ] } },
{ "type": "Feature", "properties": { "name": "Alfamart", "facilities": "convenience", "lat": -8.7314, "lon": 115.167 }, "geometry": { "type": "Point", "coordinates": [ 115.1674161, -8.7314005 ] } },
{ "type": "Feature", "properties": { "name": "Circle K", "facilities": "convenience", "lat": -8.64539, "lon": 115.127 }, "geometry": { "type": "Point", "coordinates": [ 115.1271805, -8.645387 ] } },
{ "type": "Feature", "properties": { "name": "Indomaret", "facilities": "convenience", "lat": -8.76632, "lon": 115.178 }, "geometry": { "type": "Point", "coordinates": [ 115.1781627, -8.7663236 ] } },
{ "type": "Feature", "properties": { "name": "Indomaret", "facilities": "convenience", "lat": -8.72597, "lon": 115.174 }, "geometry": { "type": "Point", "coordinates": [ 115.1744889, -8.72597 ] } },
{ "type": "Feature", "properties": { "name": "Indomaret", "facilities": "convenience", "lat": -8.51434, "lon": 115.293 }, "geometry": { "type": "Point", "coordinates": [ 115.2929518, -8.5143358 ] } },
{ "type": "Feature", "properties": { "name": "Mini Mart", "facilities": "convenience", "lat": -8.71803, "lon": 115.181 }, "geometry": { "type": "Point", "coordinates": [ 115.1807587, -8.7180277 ] } },
{ "type": "Feature", "properties": { "name": "Mini Mart", "facilities": "convenience", "lat": -8.71333, "lon": 115.173 }, "geometry": { "type": "Point", "coordinates": [ 115.1732, -8.7133287 ] } },
{ "type": "Feature", "properties": { "name": "Circle K", "facilities": "convenience", "lat": -8.73028, "lon": 115.177 }, "geometry": { "type": "Point", "coordinates": [ 115.177203, -8.7302802 ] } },
{ "type": "Feature", "properties": { "name": "q mart", "facilities": "convenience", "lat": -8.40403, "lon": 115.291 }, "geometry": { "type": "Point", "coordinates": [ 115.2905213, -8.40403 ] } },
{ "type": "Feature", "properties": { "name": "Indomaret", "facilities": "convenience", "lat": -8.39395, "lon": 115.293 }, "geometry": { "type": "Point", "coordinates": [ 115.2928471, -8.3939519 ] } },
{ "type": "Feature", "properties": { "name": "Snorkel and Fens Rental for Gamat Bay 50k booth", "facilities": "convenience", "lat": -8.7045, "lon": 115.468 }, "geometry": { "type": "Point", "coordinates": [ 115.4678341, -8.7045053 ] } },
{ "type": "Feature", "properties": { "name": "Fruits", "facilities": "convenience", "lat": -8.50801, "lon": 115.248 }, "geometry": { "type": "Point", "coordinates": [ 115.2481656, -8.5080068 ] } },
{ "type": "Feature", "properties": { "name": "Family Mart", "facilities": "convenience", "lat": -8.6951, "lon": 115.168 }, "geometry": { "type": "Point", "coordinates": [ 115.1683828, -8.6951012 ] } },
{ "type": "Feature", "properties": { "name": "Alfamart", "facilities": "convenience", "lat": -8.52147, "lon": 115.263 }, "geometry": { "type": "Point", "coordinates": [ 115.2631646, -8.5214749 ] } },
{ "type": "Feature", "properties": { "name": "Toko  Sari Bambu", "facilities": "convenience", "lat": -8.34566, "lon": 115.674 }, "geometry": { "type": "Point", "coordinates": [ 115.6736092, -8.3456584 ] } },
{ "type": "Feature", "properties": { "name": "Warung Sembako Enik - Pererenan", "facilities": "convenience", "lat": -8.63136, "lon": 115.134 }, "geometry": { "type": "Point", "coordinates": [ 115.1337357, -8.6313604 ] } },
{ "type": "Feature", "properties": { "name": "Circle K", "facilities": "convenience", "lat": -8.63982, "lon": 115.152 }, "geometry": { "type": "Point", "coordinates": [ 115.1516063, -8.6398201 ] } },
{ "type": "Feature", "properties": { "name": "Shivamart", "facilities": "convenience", "lat": -8.65928, "lon": 115.131 }, "geometry": { "type": "Point", "coordinates": [ 115.1306102, -8.6592749 ] } },
{ "type": "Feature", "properties": { "name": "Adimart", "facilities": "convenience", "lat": -8.66956, "lon": 115.448 }, "geometry": { "type": "Point", "coordinates": [ 115.4480316, -8.6695621 ] } },
{ "type": "Feature", "properties": { "name": "Indomaret", "facilities": "convenience", "lat": -8.72312, "lon": 115.175 }, "geometry": { "type": "Point", "coordinates": [ 115.1754026, -8.7231246 ] } },
{ "type": "Feature", "properties": { "name": "Tip Top Shop", "facilities": "convenience", "lat": -8.16199, "lon": 115.027 }, "geometry": { "type": "Point", "coordinates": [ 115.0265338, -8.1619866 ] } },
{ "type": "Feature", "properties": { "name": "Siswa Mart", "facilities": "convenience", "lat": -8.11476, "lon": 115.091 }, "geometry": { "type": "Point", "coordinates": [ 115.0914407, -8.1147608 ] } },
{ "type": "Feature", "properties": { "name": "Indomaret", "facilities": "convenience", "lat": -8.13062, "lon": 115.062 }, "geometry": { "type": "Point", "coordinates": [ 115.0624515, -8.13062 ] } },
{ "type": "Feature", "properties": { "name": "Circle K", "facilities": "convenience", "lat": -8.50364, "lon": 115.264 }, "geometry": { "type": "Point", "coordinates": [ 115.2636773, -8.5036454 ] } },
{ "type": "Feature", "properties": { "name": "Bhujangga", "facilities": "convenience", "lat": -8.81995, "lon": 115.09 }, "geometry": { "type": "Point", "coordinates": [ 115.0899908, -8.8199507 ] } },
{ "type": "Feature", "properties": { "name": "DS Mart", "facilities": "convenience", "lat": -8.64188, "lon": 115.251 }, "geometry": { "type": "Point", "coordinates": [ 115.2509744, -8.641881 ] } },
{ "type": "Feature", "properties": { "name": "Circle K", "facilities": "convenience", "lat": -8.50888, "lon": 115.268 }, "geometry": { "type": "Point", "coordinates": [ 115.2682602, -8.5088781 ] } },
{ "type": "Feature", "properties": { "name": "Indomaret", "facilities": "convenience", "lat": -8.25078, "lon": 115.397 }, "geometry": { "type": "Point", "coordinates": [ 115.396874, -8.2507765 ] } },
{ "type": "Feature", "properties": { "name": "Circle K", "facilities": "convenience", "lat": -8.71028, "lon": 115.18 }, "geometry": { "type": "Point", "coordinates": [ 115.1796151, -8.7102824 ] } },
{ "type": "Feature", "properties": { "name": "Indomaret", "facilities": "convenience", "lat": -8.72921, "lon": 115.169 }, "geometry": { "type": "Point", "coordinates": [ 115.1690621, -8.7292077 ] } },
{ "type": "Feature", "properties": { "name": "Indomaret", "facilities": "convenience", "lat": -8.65726, "lon": 115.228 }, "geometry": { "type": "Point", "coordinates": [ 115.2277862, -8.6572575 ] } },
{ "type": "Feature", "properties": { "name": "Indomaret", "facilities": "convenience", "lat": -8.63718, "lon": 115.281 }, "geometry": { "type": "Point", "coordinates": [ 115.2806257, -8.63718 ] } },
{ "type": "Feature", "properties": { "name": "Indomaret", "facilities": "convenience", "lat": -8.63427, "lon": 115.23 }, "geometry": { "type": "Point", "coordinates": [ 115.2297002, -8.6342707 ] } },
{ "type": "Feature", "properties": { "name": "Alfamart", "facilities": "convenience", "lat": -8.73365, "lon": 115.167 }, "geometry": { "type": "Point", "coordinates": [ 115.1674471, -8.7336542 ] } },
{ "type": "Feature", "properties": { "name": "Alfamart", "facilities": "convenience", "lat": -8.6568, "lon": 115.243 }, "geometry": { "type": "Point", "coordinates": [ 115.2429237, -8.656802 ] } },
{ "type": "Feature", "properties": { "name": "Alfamart", "facilities": "convenience", "lat": -8.72776, "lon": 115.18 }, "geometry": { "type": "Point", "coordinates": [ 115.1796515, -8.7277567 ] } },
{ "type": "Feature", "properties": { "name": "Indomaret", "facilities": "convenience", "lat": -8.62987, "lon": 115.173 }, "geometry": { "type": "Point", "coordinates": [ 115.1726571, -8.6298659 ] } },
{ "type": "Feature", "properties": { "name": "Indomaret", "facilities": "convenience", "lat": -8.64352, "lon": 115.154 }, "geometry": { "type": "Point", "coordinates": [ 115.1543695, -8.6435152 ] } },
{ "type": "Feature", "properties": { "name": "P Mart Kesiman", "facilities": "convenience", "lat": -8.65631, "lon": 115.247 }, "geometry": { "type": "Point", "coordinates": [ 115.2474976, -8.6563066 ] } },
{ "type": "Feature", "properties": { "name": "KSB Mart", "facilities": "convenience", "lat": -8.71047, "lon": 115.223 }, "geometry": { "type": "Point", "coordinates": [ 115.2231061, -8.7104753 ] } },
{ "type": "Feature", "properties": { "name": "Circle K", "facilities": "convenience", "lat": -8.65273, "lon": 115.239 }, "geometry": { "type": "Point", "coordinates": [ 115.2393874, -8.6527346 ] } },
{ "type": "Feature", "properties": { "name": "Circle K", "facilities": "convenience", "lat": -8.67729, "lon": 115.167 }, "geometry": { "type": "Point", "coordinates": [ 115.1674391, -8.6772882 ] } },
{ "type": "Feature", "properties": { "name": "Circle K", "facilities": "convenience", "lat": -8.68405, "lon": 115.16 }, "geometry": { "type": "Point", "coordinates": [ 115.1604305, -8.6840527 ] } },
{ "type": "Feature", "properties": { "name": "Alfamart", "facilities": "convenience", "lat": -8.49843, "lon": 115.034 }, "geometry": { "type": "Point", "coordinates": [ 115.0338538, -8.4984262 ] } },
{ "type": "Feature", "properties": { "name": "Alfamart", "facilities": "convenience", "lat": -8.64859, "lon": 115.233 }, "geometry": { "type": "Point", "coordinates": [ 115.2327714, -8.6485879 ] } },
{ "type": "Feature", "properties": { "name": "Toko Sejahtera", "facilities": "convenience", "lat": -8.65081, "lon": 115.225 }, "geometry": { "type": "Point", "coordinates": [ 115.2246258, -8.6508114 ] } },
{ "type": "Feature", "properties": { "name": "Alfamart", "facilities": "convenience", "lat": -8.68532, "lon": 115.209 }, "geometry": { "type": "Point", "coordinates": [ 115.2090404, -8.6853167 ] } },
{ "type": "Feature", "properties": { "name": "Alfamart", "facilities": "convenience", "lat": -8.66726, "lon": 115.172 }, "geometry": { "type": "Point", "coordinates": [ 115.1716554, -8.6672565 ] } },
{ "type": "Feature", "properties": { "name": "Circle K", "facilities": "convenience", "lat": -8.71793, "lon": 115.174 }, "geometry": { "type": "Point", "coordinates": [ 115.1744603, -8.7179313 ] } },
{ "type": "Feature", "properties": { "name": "Circle K", "facilities": "convenience", "lat": -8.70061, "lon": 115.169 }, "geometry": { "type": "Point", "coordinates": [ 115.1690747, -8.7006084 ] } },
{ "type": "Feature", "properties": { "name": "Circle K", "facilities": "convenience", "lat": -8.67168, "lon": 115.163 }, "geometry": { "type": "Point", "coordinates": [ 115.162873, -8.6716802 ] } },
{ "type": "Feature", "properties": { "name": "Circle K", "facilities": "convenience", "lat": -8.66658, "lon": 115.224 }, "geometry": { "type": "Point", "coordinates": [ 115.2236021, -8.6665831 ] } },
{ "type": "Feature", "properties": { "name": "D Uma Mart Seminyak", "facilities": "convenience", "lat": -8.69082, "lon": 115.17 }, "geometry": { "type": "Point", "coordinates": [ 115.1695544, -8.6908181 ] } },
{ "type": "Feature", "properties": { "name": "Minimart Camplung Tanduk", "facilities": "convenience", "lat": -8.69185, "lon": 115.163 }, "geometry": { "type": "Point", "coordinates": [ 115.1632968, -8.6918506 ] } },
{ "type": "Feature", "properties": { "name": "Circle K", "facilities": "convenience", "lat": -8.69157, "lon": 115.168 }, "geometry": { "type": "Point", "coordinates": [ 115.1677258, -8.6915743 ] } },
{ "type": "Feature", "properties": { "name": "J&J Mini Market", "facilities": "convenience", "lat": -8.68087, "lon": 115.244 }, "geometry": { "type": "Point", "coordinates": [ 115.2443928, -8.6808682 ] } },
{ "type": "Feature", "properties": { "name": "Minimart", "facilities": "convenience", "lat": -8.67583, "lon": 115.167 }, "geometry": { "type": "Point", "coordinates": [ 115.1669705, -8.6758305 ] } },
{ "type": "Feature", "properties": { "name": "Minimart Banjar Taman", "facilities": "convenience", "lat": -8.67814, "lon": 115.164 }, "geometry": { "type": "Point", "coordinates": [ 115.1644378, -8.6781405 ] } },
{ "type": "Feature", "properties": { "name": "Mini Mart Merdeka Raya", "facilities": "convenience", "lat": -8.71439, "lon": 115.184 }, "geometry": { "type": "Point", "coordinates": [ 115.1835781, -8.7143947 ] } },
{ "type": "Feature", "properties": { "name": "Alfamart", "facilities": "convenience", "lat": -8.73804, "lon": 115.17 }, "geometry": { "type": "Point", "coordinates": [ 115.1704943, -8.7380351 ] } },
{ "type": "Feature", "properties": { "name": "Saraswati Kebaya", "facilities": "convenience", "lat": -8.63836, "lon": 115.23 }, "geometry": { "type": "Point", "coordinates": [ 115.2301211, -8.6383652 ] } },
{ "type": "Feature", "properties": { "name": "Minimart Batu Belig", "facilities": "convenience", "lat": -8.67282, "lon": 115.152 }, "geometry": { "type": "Point", "coordinates": [ 115.1523157, -8.6728188 ] } },
{ "type": "Feature", "properties": { "name": "Alfamart", "facilities": "convenience", "lat": -8.70823, "lon": 115.173 }, "geometry": { "type": "Point", "coordinates": [ 115.1732276, -8.7082329 ] } },
{ "type": "Feature", "properties": { "name": "One Mart Sunset Road", "facilities": "convenience", "lat": -8.68216, "lon": 115.166 }, "geometry": { "type": "Point", "coordinates": [ 115.1655106, -8.6821585 ] } },
{ "type": "Feature", "properties": { "name": "Toko 39", "facilities": "convenience", "lat": -8.69707, "lon": 115.219 }, "geometry": { "type": "Point", "coordinates": [ 115.2190926, -8.6970698 ] } },
{ "type": "Feature", "properties": { "name": "Alfamart", "facilities": "convenience", "lat": -8.72701, "lon": 115.178 }, "geometry": { "type": "Point", "coordinates": [ 115.1779088, -8.7270051 ] } },
{ "type": "Feature", "properties": { "name": "Mini Mart Kerobokan Kelod", "facilities": "convenience", "lat": -8.68294, "lon": 115.16 }, "geometry": { "type": "Point", "coordinates": [ 115.1599484, -8.6829369 ] } },
{ "type": "Feature", "properties": { "name": "Coco Express Drupadi", "facilities": "convenience", "lat": -8.68651, "lon": 115.165 }, "geometry": { "type": "Point", "coordinates": [ 115.1650454, -8.6865052 ] } },
{ "type": "Feature", "properties": { "name": "Arya MM", "facilities": "convenience", "lat": -8.33387, "lon": 115.64 }, "geometry": { "type": "Point", "coordinates": [ 115.6397014, -8.333872 ] } },
{ "type": "Feature", "properties": { "name": "L Mini Mart", "facilities": "convenience", "lat": -8.68449, "lon": 115.165 }, "geometry": { "type": "Point", "coordinates": [ 115.164724, -8.6844852 ] } },
{ "type": "Feature", "properties": { "name": "Circle K - Seminyak Oberoi", "facilities": "convenience", "lat": -8.68381, "lon": 115.158 }, "geometry": { "type": "Point", "coordinates": [ 115.1575767, -8.6838134 ] } },
{ "type": "Feature", "properties": { "name": "Circle K - Kerobokan Pondok Duo", "facilities": "convenience", "lat": -8.6814, "lon": 115.164 }, "geometry": { "type": "Point", "coordinates": [ 115.1644017, -8.6813954 ] } },
{ "type": "Feature", "properties": { "name": "Circle K Legian", "facilities": "convenience", "lat": -8.69854, "lon": 115.162 }, "geometry": { "type": "Point", "coordinates": [ 115.1623627, -8.6985379 ] } },
{ "type": "Feature", "properties": { "name": "Circle K", "facilities": "convenience", "lat": -8.70116, "lon": 115.176 }, "geometry": { "type": "Point", "coordinates": [ 115.1758298, -8.7011582 ] } },
{ "type": "Feature", "properties": { "name": "Circle K - Drupadi", "facilities": "convenience", "lat": -8.6882, "lon": 115.165 }, "geometry": { "type": "Point", "coordinates": [ 115.1651054, -8.6882012 ] } },
{ "type": "Feature", "properties": { "name": "Circle K Kunti 2", "facilities": "convenience", "lat": -8.6888, "lon": 115.174 }, "geometry": { "type": "Point", "coordinates": [ 115.1735495, -8.6887982 ] } },
{ "type": "Feature", "properties": { "name": "Indomarket (TL3T)", "facilities": "convenience", "lat": -8.69049, "lon": 115.173 }, "geometry": { "type": "Point", "coordinates": [ 115.172515, -8.6904918 ] } },
{ "type": "Feature", "properties": { "name": "INDOMARET - KUNTI 1 (TBAK)", "facilities": "convenience", "lat": -8.68836, "lon": 115.169 }, "geometry": { "type": "Point", "coordinates": [ 115.1686616, -8.6883571 ] } },
{ "type": "Feature", "properties": { "name": "Warung Putu Bagus", "facilities": "convenience", "lat": -8.67943, "lon": 115.168 }, "geometry": { "type": "Point", "coordinates": [ 115.1676527, -8.6794314 ] } },
{ "type": "Feature", "properties": { "name": "Bn Plastik - Padang Sambian Kelod", "facilities": "convenience", "lat": -8.67974, "lon": 115.18 }, "geometry": { "type": "Point", "coordinates": [ 115.1804741, -8.6797353 ] } },
{ "type": "Feature", "properties": { "name": "Amertha Jaya Pool Kerobokan Kelod", "facilities": "convenience", "lat": -8.68023, "lon": 115.168 }, "geometry": { "type": "Point", "coordinates": [ 115.1675321, -8.6802255 ] } },
{ "type": "Feature", "properties": { "name": "Toko Ayu", "facilities": "convenience", "lat": -8.68029, "lon": 115.178 }, "geometry": { "type": "Point", "coordinates": [ 115.1779589, -8.6802859 ] } },
{ "type": "Feature", "properties": { "name": "Surya Mas Mart - Legian", "facilities": "convenience", "lat": -8.6992, "lon": 115.169 }, "geometry": { "type": "Point", "coordinates": [ 115.1694593, -8.6991971 ] } },
{ "type": "Feature", "properties": { "name": "Surya Mas Mart Oberoi - Kerobokan", "facilities": "convenience", "lat": -8.68339, "lon": 115.16 }, "geometry": { "type": "Point", "coordinates": [ 115.1598913, -8.6833863 ] } },
{ "type": "Feature", "properties": { "name": "M Mini Mart Seminyak", "facilities": "convenience", "lat": -8.69132, "lon": 115.165 }, "geometry": { "type": "Point", "coordinates": [ 115.1649969, -8.6913183 ] } },
{ "type": "Feature", "properties": { "name": "M Minimart Nakula", "facilities": "convenience", "lat": -8.69718, "lon": 115.171 }, "geometry": { "type": "Point", "coordinates": [ 115.1713351, -8.6971818 ] } },
{ "type": "Feature", "properties": { "name": "M Minimart Nakula 2", "facilities": "convenience", "lat": -8.69723, "lon": 115.17 }, "geometry": { "type": "Point", "coordinates": [ 115.1696134, -8.6972274 ] } },
{ "type": "Feature", "properties": { "name": "M Mini Mart Kerobokan Kelod", "facilities": "convenience", "lat": -8.68246, "lon": 115.168 }, "geometry": { "type": "Point", "coordinates": [ 115.1683231, -8.6824621 ] } },
{ "type": "Feature", "properties": { "name": "M Mini Mart Seminyak", "facilities": "convenience", "lat": -8.69628, "lon": 115.168 }, "geometry": { "type": "Point", "coordinates": [ 115.1684313, -8.6962805 ] } },
{ "type": "Feature", "properties": { "name": "M Mini Mart Basangkasa", "facilities": "convenience", "lat": -8.68701, "lon": 115.167 }, "geometry": { "type": "Point", "coordinates": [ 115.1673183, -8.6870098 ] } },
{ "type": "Feature", "properties": { "name": "M Mini Mart Seminyak", "facilities": "convenience", "lat": -8.69672, "lon": 115.172 }, "geometry": { "type": "Point", "coordinates": [ 115.1721455, -8.6967161 ] } },
{ "type": "Feature", "properties": { "name": "Unique Mart - Legian", "facilities": "convenience", "lat": -8.69856, "lon": 115.175 }, "geometry": { "type": "Point", "coordinates": [ 115.1751472, -8.6985613 ] } },
{ "type": "Feature", "properties": { "name": "Toko Anika Dewata", "facilities": "convenience", "lat": -8.68032, "lon": 115.174 }, "geometry": { "type": "Point", "coordinates": [ 115.1739708, -8.6803234 ] } },
{ "type": "Feature", "properties": { "name": "Indomaret", "facilities": "convenience", "lat": -8.74384, "lon": 115.164 }, "geometry": { "type": "Point", "coordinates": [ 115.163892, -8.743838 ] } },
{ "type": "Feature", "properties": { "name": "Toko Aries", "facilities": "convenience", "lat": -8.68067, "lon": 115.174 }, "geometry": { "type": "Point", "coordinates": [ 115.1743981, -8.6806671 ] } },
{ "type": "Feature", "properties": { "name": "UD Suardika Beraban", "facilities": "convenience", "lat": -8.68103, "lon": 115.163 }, "geometry": { "type": "Point", "coordinates": [ 115.1629901, -8.6810289 ] } },
{ "type": "Feature", "properties": { "name": "Kios Dhanty", "facilities": "convenience", "lat": -8.68291, "lon": 115.178 }, "geometry": { "type": "Point", "coordinates": [ 115.177628, -8.6829147 ] } },
{ "type": "Feature", "properties": { "name": "Toko Muria", "facilities": "convenience", "lat": -8.68383, "lon": 115.166 }, "geometry": { "type": "Point", "coordinates": [ 115.1664812, -8.6838302 ] } },
{ "type": "Feature", "properties": { "name": "Ratna Shop", "facilities": "convenience", "lat": -8.68596, "lon": 115.155 }, "geometry": { "type": "Point", "coordinates": [ 115.1548888, -8.6859633 ] } },
{ "type": "Feature", "properties": { "name": "Alfamart", "facilities": "convenience", "lat": -8.69679, "lon": 115.165 }, "geometry": { "type": "Point", "coordinates": [ 115.1645263, -8.6967897 ] } },
{ "type": "Feature", "properties": { "name": "Kios Bedugul Legian", "facilities": "convenience", "lat": -8.69804, "lon": 115.173 }, "geometry": { "type": "Point", "coordinates": [ 115.1727485, -8.6980414 ] } },
{ "type": "Feature", "properties": { "name": "Coco Mart", "facilities": "convenience", "lat": -8.69852, "lon": 115.169 }, "geometry": { "type": "Point", "coordinates": [ 115.1692418, -8.6985236 ] } },
{ "type": "Feature", "properties": { "name": "Toko Indra Jaya", "facilities": "convenience", "lat": -8.69894, "lon": 115.172 }, "geometry": { "type": "Point", "coordinates": [ 115.1719479, -8.6989412 ] } },
{ "type": "Feature", "properties": { "name": "Toko Cahaya Dewata", "facilities": "convenience", "lat": -8.60459, "lon": 115.319 }, "geometry": { "type": "Point", "coordinates": [ 115.3187071, -8.6045943 ] } },
{ "type": "Feature", "properties": { "name": "Indomaret", "facilities": "convenience", "lat": -8.73734, "lon": 115.176 }, "geometry": { "type": "Point", "coordinates": [ 115.1762847, -8.7373386 ] } },
{ "type": "Feature", "properties": { "name": "Indomaret", "facilities": "convenience", "lat": -8.80081, "lon": 115.214 }, "geometry": { "type": "Point", "coordinates": [ 115.2143251, -8.8008052 ] } },
{ "type": "Feature", "properties": { "name": "Melasti Mart", "facilities": "convenience", "lat": -8.84746, "lon": 115.161 }, "geometry": { "type": "Point", "coordinates": [ 115.1605934, -8.8474638 ] } },
{ "type": "Feature", "properties": { "name": "Toko Yamada Jaya (Dupa & Perlengkapan Sembahyang)", "facilities": "convenience", "lat": -8.72856, "lon": 115.178 }, "geometry": { "type": "Point", "coordinates": [ 115.1778989, -8.7285616 ] } },
{ "type": "Feature", "properties": { "name": "Alfamart", "facilities": "convenience", "lat": -8.81894, "lon": 115.16 }, "geometry": { "type": "Point", "coordinates": [ 115.1596097, -8.8189434 ] } },
{ "type": "Feature", "properties": { "name": "Indomaret", "facilities": "convenience", "lat": -8.73882, "lon": 115.18 }, "geometry": { "type": "Point", "coordinates": [ 115.1798087, -8.7388217 ] } },
{ "type": "Feature", "properties": { "name": "Alfamart", "facilities": "convenience", "lat": -8.73871, "lon": 115.173 }, "geometry": { "type": "Point", "coordinates": [ 115.1731149, -8.7387117 ] } },
{ "type": "Feature", "properties": { "name": "Circle K", "facilities": "convenience", "lat": -8.74299, "lon": 115.179 }, "geometry": { "type": "Point", "coordinates": [ 115.179186, -8.7429933 ] } },
{ "type": "Feature", "properties": { "name": "Toko Siki", "facilities": "convenience", "lat": -8.67288, "lon": 115.19 }, "geometry": { "type": "Point", "coordinates": [ 115.1902773, -8.6728844 ] } },
{ "type": "Feature", "properties": { "name": "M Mart", "facilities": "convenience", "lat": -8.78281, "lon": 115.167 }, "geometry": { "type": "Point", "coordinates": [ 115.1670485, -8.7828077 ] } },
{ "type": "Feature", "properties": { "name": "Agik Mart Echo Beach", "facilities": "convenience", "lat": -8.65404, "lon": 115.126 }, "geometry": { "type": "Point", "coordinates": [ 115.1263743, -8.654037 ] } },
{ "type": "Feature", "properties": { "name": "Bagoes Mini Market - Pererenan", "facilities": "convenience", "lat": -8.64522, "lon": 115.127 }, "geometry": { "type": "Point", "coordinates": [ 115.1273602, -8.6452211 ] } },
{ "type": "Feature", "properties": { "name": "Mini Mart - Canggu 21", "facilities": "convenience", "lat": -8.64714, "lon": 115.133 }, "geometry": { "type": "Point", "coordinates": [ 115.1326479, -8.6471363 ] } },
{ "type": "Feature", "properties": { "name": "Indomaret", "facilities": "convenience", "lat": -8.8089, "lon": 115.166 }, "geometry": { "type": "Point", "coordinates": [ 115.1655647, -8.8088988 ] } },
{ "type": "Feature", "properties": { "name": "GrabKios Warung Dharmasari", "facilities": "convenience", "lat": -8.80688, "lon": 115.165 }, "geometry": { "type": "Point", "coordinates": [ 115.1650471, -8.806883 ] } },
{ "type": "Feature", "properties": { "name": "Alfamart", "facilities": "convenience", "lat": -8.80462, "lon": 115.159 }, "geometry": { "type": "Point", "coordinates": [ 115.1591711, -8.8046176 ] } },
{ "type": "Feature", "properties": { "name": "Alfamart", "facilities": "convenience", "lat": -8.38516, "lon": 114.706 }, "geometry": { "type": "Point", "coordinates": [ 114.7061633, -8.385164 ] } },
{ "type": "Feature", "properties": { "name": "Alfamart", "facilities": "convenience", "lat": -8.34758, "lon": 114.576 }, "geometry": { "type": "Point", "coordinates": [ 114.5756271, -8.3475789 ] } },
{ "type": "Feature", "properties": { "name": "Alfamart", "facilities": "convenience", "lat": -8.35098, "lon": 114.597 }, "geometry": { "type": "Point", "coordinates": [ 114.5969035, -8.3509804 ] } },
{ "type": "Feature", "properties": { "name": "Alfamart", "facilities": "convenience", "lat": -8.34495, "lon": 114.572 }, "geometry": { "type": "Point", "coordinates": [ 114.5717819, -8.3449528 ] } },
{ "type": "Feature", "properties": { "name": "Jatiboga", "facilities": "convenience", "lat": -8.35195, "lon": 114.601 }, "geometry": { "type": "Point", "coordinates": [ 114.6009144, -8.3519527 ] } },
{ "type": "Feature", "properties": { "name": "Indomaret", "facilities": "convenience", "lat": -8.3545, "lon": 114.613 }, "geometry": { "type": "Point", "coordinates": [ 114.6125416, -8.3544975 ] } },
{ "type": "Feature", "properties": { "name": "Alfamart", "facilities": "convenience", "lat": -8.35449, "lon": 114.61 }, "geometry": { "type": "Point", "coordinates": [ 114.6099014, -8.3544926 ] } },
{ "type": "Feature", "properties": { "name": "Indomaret Baler Bale Agung", "facilities": "convenience", "lat": -8.35701, "lon": 114.622 }, "geometry": { "type": "Point", "coordinates": [ 114.6220329, -8.3570072 ] } },
{ "type": "Feature", "properties": { "name": "Indomaret", "facilities": "convenience", "lat": -8.37054, "lon": 114.676 }, "geometry": { "type": "Point", "coordinates": [ 114.675785, -8.3705423 ] } },
{ "type": "Feature", "properties": { "name": "Indomaret", "facilities": "convenience", "lat": -8.36457, "lon": 114.655 }, "geometry": { "type": "Point", "coordinates": [ 114.6551652, -8.3645681 ] } },
{ "type": "Feature", "properties": { "name": "Indomaret", "facilities": "convenience", "lat": -8.37779, "lon": 114.686 }, "geometry": { "type": "Point", "coordinates": [ 114.6856058, -8.3777904 ] } },
{ "type": "Feature", "properties": { "name": "Alfamart", "facilities": "convenience", "lat": -8.36858, "lon": 114.67 }, "geometry": { "type": "Point", "coordinates": [ 114.6696883, -8.368578 ] } },
{ "type": "Feature", "properties": { "name": "Alfamart", "facilities": "convenience", "lat": -8.37739, "lon": 114.686 }, "geometry": { "type": "Point", "coordinates": [ 114.6855326, -8.3773856 ] } },
{ "type": "Feature", "properties": { "name": "Alfamart", "facilities": "convenience", "lat": -8.41676, "lon": 114.817 }, "geometry": { "type": "Point", "coordinates": [ 114.8168537, -8.4167605 ] } },
{ "type": "Feature", "properties": { "name": "Indomaret", "facilities": "convenience", "lat": -8.42201, "lon": 114.824 }, "geometry": { "type": "Point", "coordinates": [ 114.8242442, -8.4220063 ] } },
{ "type": "Feature", "properties": { "name": "Alfamart", "facilities": "convenience", "lat": -8.39148, "lon": 114.752 }, "geometry": { "type": "Point", "coordinates": [ 114.7519381, -8.3914824 ] } },
{ "type": "Feature", "properties": { "name": "Indomaret", "facilities": "convenience", "lat": -8.44261, "lon": 114.879 }, "geometry": { "type": "Point", "coordinates": [ 114.8787665, -8.4426082 ] } },
{ "type": "Feature", "properties": { "name": "Indomaret", "facilities": "convenience", "lat": -8.49787, "lon": 115.055 }, "geometry": { "type": "Point", "coordinates": [ 115.0548379, -8.497874 ] } },
{ "type": "Feature", "properties": { "name": "Alfamart", "facilities": "convenience", "lat": -8.5501, "lon": 115.124 }, "geometry": { "type": "Point", "coordinates": [ 115.1236383, -8.5501021 ] } },
{ "type": "Feature", "properties": { "name": "Indomaret", "facilities": "convenience", "lat": -8.53953, "lon": 115.112 }, "geometry": { "type": "Point", "coordinates": [ 115.1120609, -8.5395254 ] } },
{ "type": "Feature", "properties": { "name": "Indomaret", "facilities": "convenience", "lat": -8.54838, "lon": 115.12 }, "geometry": { "type": "Point", "coordinates": [ 115.1200579, -8.5483762 ] } },
{ "type": "Feature", "properties": { "name": "Alfamart", "facilities": "convenience", "lat": -8.53792, "lon": 115.111 }, "geometry": { "type": "Point", "coordinates": [ 115.1114867, -8.5379204 ] } },
{ "type": "Feature", "properties": { "name": "Alfamart", "facilities": "convenience", "lat": -8.55356, "lon": 115.137 }, "geometry": { "type": "Point", "coordinates": [ 115.136694, -8.5535624 ] } },
{ "type": "Feature", "properties": { "name": "Nadhi Mart", "facilities": "convenience", "lat": -8.54548, "lon": 115.115 }, "geometry": { "type": "Point", "coordinates": [ 115.1149144, -8.5454793 ] } },
{ "type": "Feature", "properties": { "name": "Alfamart", "facilities": "convenience", "lat": -8.54865, "lon": 115.121 }, "geometry": { "type": "Point", "coordinates": [ 115.1205228, -8.5486478 ] } },
{ "type": "Feature", "properties": { "name": "Alfamart", "facilities": "convenience", "lat": -8.55589, "lon": 115.144 }, "geometry": { "type": "Point", "coordinates": [ 115.1440009, -8.5558945 ] } },
{ "type": "Feature", "properties": { "name": "Shop and cafe", "facilities": "convenience", "lat": -8.3363, "lon": 115.224 }, "geometry": { "type": "Point", "coordinates": [ 115.2240085, -8.336299 ] } },
{ "type": "Feature", "properties": { "name": "Indomaret", "facilities": "convenience", "lat": -8.52577, "lon": 115.293 }, "geometry": { "type": "Point", "coordinates": [ 115.2929484, -8.5257751 ] } },
{ "type": "Feature", "properties": { "name": "Alfamart", "facilities": "convenience", "lat": -8.52318, "lon": 115.29 }, "geometry": { "type": "Point", "coordinates": [ 115.2895461, -8.5231804 ] } },
{ "type": "Feature", "properties": { "name": "Alfamart", "facilities": "convenience", "lat": -8.53004, "lon": 115.3 }, "geometry": { "type": "Point", "coordinates": [ 115.2998433, -8.5300372 ] } },
{ "type": "Feature", "properties": { "name": "Indomaret", "facilities": "convenience", "lat": -8.5306, "lon": 115.3 }, "geometry": { "type": "Point", "coordinates": [ 115.2999014, -8.5306023 ] } },
{ "type": "Feature", "properties": { "name": "Circle K", "facilities": "convenience", "lat": -8.50541, "lon": 115.259 }, "geometry": { "type": "Point", "coordinates": [ 115.2586621, -8.5054106 ] } },
{ "type": "Feature", "properties": { "name": "Indomaret", "facilities": "convenience", "lat": -8.30585, "lon": 115.178 }, "geometry": { "type": "Point", "coordinates": [ 115.1777773, -8.3058546 ] } },
{ "type": "Feature", "properties": { "name": "Alfamart", "facilities": "convenience", "lat": -8.13558, "lon": 115.101 }, "geometry": { "type": "Point", "coordinates": [ 115.1009921, -8.1355807 ] } },
{ "type": "Feature", "properties": { "name": "Alfamart", "facilities": "convenience", "lat": -8.14887, "lon": 115.106 }, "geometry": { "type": "Point", "coordinates": [ 115.1064399, -8.148866 ] } },
{ "type": "Feature", "properties": { "name": "Indomaret", "facilities": "convenience", "lat": -8.1259, "lon": 115.097 }, "geometry": { "type": "Point", "coordinates": [ 115.0973272, -8.1258974 ] } },
{ "type": "Feature", "properties": { "name": "Indomaret", "facilities": "convenience", "lat": -8.11512, "lon": 115.08 }, "geometry": { "type": "Point", "coordinates": [ 115.0797892, -8.1151232 ] } },
{ "type": "Feature", "properties": { "name": "Alfamart", "facilities": "convenience", "lat": -8.12032, "lon": 115.073 }, "geometry": { "type": "Point", "coordinates": [ 115.0732835, -8.1203164 ] } },
{ "type": "Feature", "properties": { "name": "Alfamart", "facilities": "convenience", "lat": -8.12671, "lon": 115.066 }, "geometry": { "type": "Point", "coordinates": [ 115.0663802, -8.1267135 ] } },
{ "type": "Feature", "properties": { "name": "Mini Mart", "facilities": "convenience", "lat": -8.14029, "lon": 115.054 }, "geometry": { "type": "Point", "coordinates": [ 115.0535023, -8.1402916 ] } },
{ "type": "Feature", "properties": { "name": "Alfamart", "facilities": "convenience", "lat": -8.16123, "lon": 115.028 }, "geometry": { "type": "Point", "coordinates": [ 115.0280018, -8.1612335 ] } },
{ "type": "Feature", "properties": { "name": "Indomaret", "facilities": "convenience", "lat": -8.19671, "lon": 114.965 }, "geometry": { "type": "Point", "coordinates": [ 114.9649957, -8.1967062 ] } },
{ "type": "Feature", "properties": { "name": "Indomaret", "facilities": "convenience", "lat": -8.18963, "lon": 114.968 }, "geometry": { "type": "Point", "coordinates": [ 114.9676484, -8.1896319 ] } },
{ "type": "Feature", "properties": { "name": "Alfamart", "facilities": "convenience", "lat": -8.25898, "lon": 115.163 }, "geometry": { "type": "Point", "coordinates": [ 115.1625547, -8.2589843 ] } },
{ "type": "Feature", "properties": { "name": "Indomaret", "facilities": "convenience", "lat": -8.3727, "lon": 115.157 }, "geometry": { "type": "Point", "coordinates": [ 115.1574874, -8.3726994 ] } },
{ "type": "Feature", "properties": { "name": "Alfamart", "facilities": "convenience", "lat": -8.47728, "lon": 115.136 }, "geometry": { "type": "Point", "coordinates": [ 115.1363525, -8.4772778 ] } },
{ "type": "Feature", "properties": { "name": "Indomaret", "facilities": "convenience", "lat": -8.47501, "lon": 115.137 }, "geometry": { "type": "Point", "coordinates": [ 115.1366073, -8.4750134 ] } },
{ "type": "Feature", "properties": { "name": "Alfamart", "facilities": "convenience", "lat": -8.43445, "lon": 115.143 }, "geometry": { "type": "Point", "coordinates": [ 115.143126, -8.4344488 ] } },
{ "type": "Feature", "properties": { "name": "Alfamart", "facilities": "convenience", "lat": -8.53087, "lon": 115.128 }, "geometry": { "type": "Point", "coordinates": [ 115.127965, -8.5308687 ] } },
{ "type": "Feature", "properties": { "name": "Alfamart", "facilities": "convenience", "lat": -8.51555, "lon": 115.131 }, "geometry": { "type": "Point", "coordinates": [ 115.1307114, -8.5155455 ] } },
{ "type": "Feature", "properties": { "name": "Alfamart", "facilities": "convenience", "lat": -8.5444, "lon": 115.142 }, "geometry": { "type": "Point", "coordinates": [ 115.1416399, -8.5444033 ] } },
{ "type": "Feature", "properties": { "name": "Indomaret", "facilities": "convenience", "lat": -8.54494, "lon": 115.143 }, "geometry": { "type": "Point", "coordinates": [ 115.1426299, -8.5449449 ] } },
{ "type": "Feature", "properties": { "name": "Alfamart", "facilities": "convenience", "lat": -8.56722, "lon": 115.175 }, "geometry": { "type": "Point", "coordinates": [ 115.174689, -8.5672212 ] } },
{ "type": "Feature", "properties": { "name": "Alfamart", "facilities": "convenience", "lat": -8.56208, "lon": 115.172 }, "geometry": { "type": "Point", "coordinates": [ 115.1722765, -8.5620805 ] } },
{ "type": "Feature", "properties": { "name": "Alfamart", "facilities": "convenience", "lat": -8.61553, "lon": 115.194 }, "geometry": { "type": "Point", "coordinates": [ 115.1940871, -8.6155331 ] } },
{ "type": "Feature", "properties": { "name": "Indomaret", "facilities": "convenience", "lat": -8.55986, "lon": 115.154 }, "geometry": { "type": "Point", "coordinates": [ 115.1541358, -8.5598568 ] } },
{ "type": "Feature", "properties": { "name": "Indomaret", "facilities": "convenience", "lat": -8.55975, "lon": 115.151 }, "geometry": { "type": "Point", "coordinates": [ 115.1508155, -8.5597482 ] } },
{ "type": "Feature", "properties": { "name": "Alfamart", "facilities": "convenience", "lat": -8.5598, "lon": 115.152 }, "geometry": { "type": "Point", "coordinates": [ 115.1518382, -8.5598021 ] } },
{ "type": "Feature", "properties": { "name": "Fresh", "facilities": "convenience", "lat": -8.69224, "lon": 115.264 }, "geometry": { "type": "Point", "coordinates": [ 115.2636026, -8.6922411 ] } },
{ "type": "Feature", "properties": { "name": "Indomaret", "facilities": "convenience", "lat": -8.64716, "lon": 115.14 }, "geometry": { "type": "Point", "coordinates": [ 115.140209, -8.6471582 ] } },
{ "type": "Feature", "properties": { "name": "Minimart", "facilities": "convenience", "lat": -8.65275, "lon": 115.131 }, "geometry": { "type": "Point", "coordinates": [ 115.130941, -8.6527522 ] } },
{ "type": "Feature", "properties": { "name": "Alfamart", "facilities": "convenience", "lat": -8.26343, "lon": 115.165 }, "geometry": { "type": "Point", "coordinates": [ 115.1649961, -8.263432 ] } },
{ "type": "Feature", "properties": { "name": "Alfamart", "facilities": "convenience", "lat": -8.30322, "lon": 115.176 }, "geometry": { "type": "Point", "coordinates": [ 115.1756273, -8.3032163 ] } },
{ "type": "Feature", "properties": { "name": "Indomaret", "facilities": "convenience", "lat": -8.3813, "lon": 115.195 }, "geometry": { "type": "Point", "coordinates": [ 115.1952154, -8.3812962 ] } },
{ "type": "Feature", "properties": { "name": "Indomaret", "facilities": "convenience", "lat": -8.50532, "lon": 115.231 }, "geometry": { "type": "Point", "coordinates": [ 115.2306664, -8.5053159 ] } },
{ "type": "Feature", "properties": { "name": "Alfamart", "facilities": "convenience", "lat": -8.68519, "lon": 115.194 }, "geometry": { "type": "Point", "coordinates": [ 115.1943096, -8.68519 ] } },
{ "type": "Feature", "properties": { "name": "Indomaret", "facilities": "convenience", "lat": -8.70799, "lon": 115.182 }, "geometry": { "type": "Point", "coordinates": [ 115.1815773, -8.7079942 ] } },
{ "type": "Feature", "properties": { "name": "Alfamart", "facilities": "convenience", "lat": -8.72001, "lon": 115.18 }, "geometry": { "type": "Point", "coordinates": [ 115.1800584, -8.7200051 ] } },
{ "type": "Feature", "properties": { "name": "Circle K", "facilities": "convenience", "lat": -8.72077, "lon": 115.18 }, "geometry": { "type": "Point", "coordinates": [ 115.179748, -8.7207716 ] } },
{ "type": "Feature", "properties": { "name": "Indomaret", "facilities": "convenience", "lat": -8.71338, "lon": 115.2 }, "geometry": { "type": "Point", "coordinates": [ 115.1999482, -8.7133802 ] } },
{ "type": "Feature", "properties": { "name": "Alfamart", "facilities": "convenience", "lat": -8.70986, "lon": 115.199 }, "geometry": { "type": "Point", "coordinates": [ 115.1993985, -8.7098563 ] } },
{ "type": "Feature", "properties": { "name": "Indomaret", "facilities": "convenience", "lat": -8.70681, "lon": 115.199 }, "geometry": { "type": "Point", "coordinates": [ 115.1985454, -8.7068056 ] } },
{ "type": "Feature", "properties": { "name": "Indomaret", "facilities": "convenience", "lat": -8.63568, "lon": 115.238 }, "geometry": { "type": "Point", "coordinates": [ 115.2376538, -8.6356794 ] } },
{ "type": "Feature", "properties": { "name": "Circle K", "facilities": "convenience", "lat": -8.79711, "lon": 115.161 }, "geometry": { "type": "Point", "coordinates": [ 115.1613381, -8.7971056 ] } },
{ "type": "Feature", "properties": { "name": "Circle K", "facilities": "convenience", "lat": -8.73678, "lon": 115.165 }, "geometry": { "type": "Point", "coordinates": [ 115.1645361, -8.7367825 ] } },
{ "type": "Feature", "properties": { "name": "INDO DJAYA", "facilities": "convenience", "lat": -8.69624, "lon": 115.203 }, "geometry": { "type": "Point", "coordinates": [ 115.2029756, -8.6962405 ] } },
{ "type": "Feature", "properties": { "name": "Alfamart", "facilities": "convenience", "lat": -8.11623, "lon": 115.092 }, "geometry": { "type": "Point", "coordinates": [ 115.0920318, -8.116227 ] } },
{ "type": "Feature", "properties": { "name": "Indomaret", "facilities": "convenience", "lat": -8.36111, "lon": 114.637 }, "geometry": { "type": "Point", "coordinates": [ 114.637248, -8.3611149 ] } },
{ "type": "Feature", "properties": { "name": "Toko Manulika", "facilities": "convenience", "lat": -8.35321, "lon": 114.623 }, "geometry": { "type": "Point", "coordinates": [ 114.6226197, -8.3532113 ] } },
{ "type": "Feature", "properties": { "name": "Indomaret Negara", "facilities": "convenience", "lat": -8.3607, "lon": 114.624 }, "geometry": { "type": "Point", "coordinates": [ 114.6240604, -8.3606958 ] } },
{ "type": "Feature", "properties": { "name": "Alfamart", "facilities": "convenience", "lat": -8.71987, "lon": 115.169 }, "geometry": { "type": "Point", "coordinates": [ 115.1693492, -8.719874 ] } },
{ "type": "Feature", "properties": { "name": "DM DevaMart", "facilities": "convenience", "lat": -8.73355, "lon": 115.171 }, "geometry": { "type": "Point", "coordinates": [ 115.1708103, -8.7335515 ] } },
{ "type": "Feature", "properties": { "name": "Circle K", "facilities": "convenience", "lat": -8.71729, "lon": 115.172 }, "geometry": { "type": "Point", "coordinates": [ 115.1718642, -8.7172902 ] } },
{ "type": "Feature", "properties": { "name": "Alfamart", "facilities": "convenience", "lat": -8.73363, "lon": 115.171 }, "geometry": { "type": "Point", "coordinates": [ 115.1705746, -8.7336348 ] } },
{ "type": "Feature", "properties": { "name": "Alfamart", "facilities": "convenience", "lat": -8.7269, "lon": 115.17 }, "geometry": { "type": "Point", "coordinates": [ 115.1702651, -8.7268993 ] } },
{ "type": "Feature", "properties": { "name": "Circle K", "facilities": "convenience", "lat": -8.72273, "lon": 115.17 }, "geometry": { "type": "Point", "coordinates": [ 115.1704172, -8.7227321 ] } },
{ "type": "Feature", "properties": { "name": "Indomaret", "facilities": "convenience", "lat": -8.15062, "lon": 114.697 }, "geometry": { "type": "Point", "coordinates": [ 114.6971623, -8.1506161 ] } },
{ "type": "Feature", "properties": { "name": "Four Mart", "facilities": "convenience", "lat": -8.32513, "lon": 115.199 }, "geometry": { "type": "Point", "coordinates": [ 115.1994117, -8.3251323 ] } },
{ "type": "Feature", "properties": { "name": "Alfamart", "facilities": "convenience", "lat": -8.6855, "lon": 115.259 }, "geometry": { "type": "Point", "coordinates": [ 115.2586575, -8.6854997 ] } },
{ "type": "Feature", "properties": { "name": "Alfamart", "facilities": "convenience", "lat": -8.50406, "lon": 115.264 }, "geometry": { "type": "Point", "coordinates": [ 115.2635657, -8.504061 ] } },
{ "type": "Feature", "properties": { "name": "Bisma Mart", "facilities": "convenience", "lat": -8.51418, "lon": 115.258 }, "geometry": { "type": "Point", "coordinates": [ 115.258254, -8.5141836 ] } },
{ "type": "Feature", "properties": { "name": "Indomaret", "facilities": "convenience", "lat": -8.58081, "lon": 115.353 }, "geometry": { "type": "Point", "coordinates": [ 115.3533819, -8.5808086 ] } },
{ "type": "Feature", "properties": { "name": "Alfamart", "facilities": "convenience", "lat": -8.62261, "lon": 115.299 }, "geometry": { "type": "Point", "coordinates": [ 115.2985235, -8.6226086 ] } },
{ "type": "Feature", "properties": { "name": "Alfamart", "facilities": "convenience", "lat": -8.58104, "lon": 115.353 }, "geometry": { "type": "Point", "coordinates": [ 115.3530384, -8.5810426 ] } },
{ "type": "Feature", "properties": { "name": "Alfamart", "facilities": "convenience", "lat": -8.63637, "lon": 115.284 }, "geometry": { "type": "Point", "coordinates": [ 115.2842594, -8.6363665 ] } },
{ "type": "Feature", "properties": { "name": "Alfamart", "facilities": "convenience", "lat": -8.629, "lon": 115.294 }, "geometry": { "type": "Point", "coordinates": [ 115.2944951, -8.6290022 ] } },
{ "type": "Feature", "properties": { "name": "View Shop", "facilities": "convenience", "lat": -8.67955, "lon": 115.446 }, "geometry": { "type": "Point", "coordinates": [ 115.4455521, -8.6795453 ] } },
{ "type": "Feature", "properties": { "name": "M Mart", "facilities": "convenience", "lat": -8.70527, "lon": 115.261 }, "geometry": { "type": "Point", "coordinates": [ 115.2607063, -8.7052689 ] } },
{ "type": "Feature", "properties": { "name": "Diamart Canggu", "facilities": "convenience", "lat": -8.64191, "lon": 115.142 }, "geometry": { "type": "Point", "coordinates": [ 115.1421316, -8.6419143 ] } },
{ "type": "Feature", "properties": { "name": "M Mart", "facilities": "convenience", "lat": -8.64175, "lon": 115.145 }, "geometry": { "type": "Point", "coordinates": [ 115.1453225, -8.6417471 ] } },
{ "type": "Feature", "properties": { "name": "Circle K", "facilities": "convenience", "lat": -8.63882, "lon": 115.141 }, "geometry": { "type": "Point", "coordinates": [ 115.1411448, -8.6388192 ] } },
{ "type": "Feature", "properties": { "name": "Sri Murni Liplip", "facilities": "convenience", "lat": -8.63864, "lon": 115.141 }, "geometry": { "type": "Point", "coordinates": [ 115.1411938, -8.6386372 ] } },
{ "type": "Feature", "properties": { "name": "Galih Mart", "facilities": "convenience", "lat": -8.81619, "lon": 115.091 }, "geometry": { "type": "Point", "coordinates": [ 115.0913266, -8.8161883 ] } },
{ "type": "Feature", "properties": { "name": "Jungle Mart", "facilities": "convenience", "lat": -8.81918, "lon": 115.097 }, "geometry": { "type": "Point", "coordinates": [ 115.0971196, -8.8191839 ] } },
{ "type": "Feature", "properties": { "name": "Indomaret", "facilities": "convenience", "lat": -8.44363, "lon": 115.579 }, "geometry": { "type": "Point", "coordinates": [ 115.5787744, -8.4436352 ] } },
{ "type": "Feature", "properties": { "name": "Warung Ajik Batu", "facilities": "convenience", "lat": -8.81531, "lon": 115.089 }, "geometry": { "type": "Point", "coordinates": [ 115.0887781, -8.8153128 ] } },
{ "type": "Feature", "properties": { "name": "Alfamart", "facilities": "convenience", "lat": -8.62852, "lon": 115.294 }, "geometry": { "type": "Point", "coordinates": [ 115.2942831, -8.6285225 ] } },
{ "type": "Feature", "properties": { "name": "Alfamart", "facilities": "convenience", "lat": -8.68549, "lon": 115.259 }, "geometry": { "type": "Point", "coordinates": [ 115.25866, -8.6854927 ] } },
{ "type": "Feature", "properties": { "name": "Indomaret", "facilities": "convenience", "lat": -8.58091, "lon": 115.353 }, "geometry": { "type": "Point", "coordinates": [ 115.3531995, -8.5809082 ] } },
{ "type": "Feature", "properties": { "name": "Alfamart", "facilities": "convenience", "lat": -8.56999, "lon": 115.367 }, "geometry": { "type": "Point", "coordinates": [ 115.3670095, -8.5699866 ] } },
{ "type": "Feature", "properties": { "name": "Circle K", "facilities": "convenience", "lat": -8.59439, "lon": 115.337 }, "geometry": { "type": "Point", "coordinates": [ 115.336569, -8.5943911 ] } },
{ "type": "Feature", "properties": { "name": "Indomaret", "facilities": "convenience", "lat": -8.69562, "lon": 115.259 }, "geometry": { "type": "Point", "coordinates": [ 115.2588835, -8.6956228 ] } },
{ "type": "Feature", "properties": { "name": "Indomaret", "facilities": "convenience", "lat": -8.65137, "lon": 115.254 }, "geometry": { "type": "Point", "coordinates": [ 115.2543345, -8.651371 ] } },
{ "type": "Feature", "properties": { "name": "M Mini Mart 24 Hours", "facilities": "convenience", "lat": -8.68372, "lon": 115.165 }, "geometry": { "type": "Point", "coordinates": [ 115.1645956, -8.6837187 ] } },
{ "type": "Feature", "properties": { "name": "Alfamart", "facilities": "convenience", "lat": -8.134, "lon": 115.089 }, "geometry": { "type": "Point", "coordinates": [ 115.0890502, -8.1339996 ] } },
{ "type": "Feature", "properties": { "name": "Warung Munci", "facilities": "convenience", "lat": -8.81987, "lon": 115.117 }, "geometry": { "type": "Point", "coordinates": [ 115.1172643, -8.8198698 ] } },
{ "type": "Feature", "properties": { "name": "Mother Mart", "facilities": "convenience", "lat": -8.83583, "lon": 115.101 }, "geometry": { "type": "Point", "coordinates": [ 115.1006446, -8.8358273 ] } },
{ "type": "Feature", "properties": { "name": "Warung Made", "facilities": "convenience", "lat": -8.82188, "lon": 115.09 }, "geometry": { "type": "Point", "coordinates": [ 115.0898659, -8.8218841 ] } },
{ "type": "Feature", "properties": { "name": "Warung Wayan Kulat", "facilities": "convenience", "lat": -8.82257, "lon": 115.103 }, "geometry": { "type": "Point", "coordinates": [ 115.102662, -8.8225738 ] } },
{ "type": "Feature", "properties": { "name": "Toko Reda", "facilities": "convenience", "lat": -8.8185, "lon": 115.108 }, "geometry": { "type": "Point", "coordinates": [ 115.1083301, -8.8184991 ] } },
{ "type": "Feature", "properties": { "name": "Warung Baluntang", "facilities": "convenience", "lat": -8.81833, "lon": 115.109 }, "geometry": { "type": "Point", "coordinates": [ 115.1088003, -8.8183284 ] } },
{ "type": "Feature", "properties": { "name": "Box Mart", "facilities": "convenience", "lat": -8.81084, "lon": 115.114 }, "geometry": { "type": "Point", "coordinates": [ 115.1135042, -8.8108444 ] } },
{ "type": "Feature", "properties": { "name": "Corner Mart", "facilities": "convenience", "lat": -8.8087, "lon": 115.115 }, "geometry": { "type": "Point", "coordinates": [ 115.1152929, -8.8086994 ] } },
{ "type": "Feature", "properties": { "name": "Rocky Warung", "facilities": "convenience", "lat": -8.81542, "lon": 115.115 }, "geometry": { "type": "Point", "coordinates": [ 115.1149755, -8.8154222 ] } },
{ "type": "Feature", "properties": { "name": "Bingin Warung", "facilities": "convenience", "lat": -8.80725, "lon": 115.113 }, "geometry": { "type": "Point", "coordinates": [ 115.1134567, -8.8072464 ] } },
{ "type": "Feature", "properties": { "name": "Warung Pan Dovan", "facilities": "convenience", "lat": -8.79313, "lon": 115.128 }, "geometry": { "type": "Point", "coordinates": [ 115.1281033, -8.7931305 ] } },
{ "type": "Feature", "properties": { "name": "Indomaret", "facilities": "convenience", "lat": -8.73148, "lon": 115.179 }, "geometry": { "type": "Point", "coordinates": [ 115.1788967, -8.7314773 ] } },
{ "type": "Feature", "properties": { "name": "Circle K", "facilities": "convenience", "lat": -8.67256, "lon": 115.259 }, "geometry": { "type": "Point", "coordinates": [ 115.2589484, -8.6725594 ] } },
{ "type": "Feature", "properties": { "name": "Indomaret", "facilities": "convenience", "lat": -8.28941, "lon": 115.168 }, "geometry": { "type": "Point", "coordinates": [ 115.1680981, -8.2894097 ] } },
{ "type": "Feature", "properties": { "name": "Circle K", "facilities": "convenience", "lat": -8.50975, "lon": 115.259 }, "geometry": { "type": "Point", "coordinates": [ 115.2585149, -8.5097512 ] } },
{ "type": "Feature", "properties": { "name": "AM MART PAYANGAN", "facilities": "convenience", "lat": -8.42198, "lon": 115.245 }, "geometry": { "type": "Point", "coordinates": [ 115.2450401, -8.4219804 ] } },
{ "type": "Feature", "properties": { "name": "Indomaret", "facilities": "convenience", "lat": -8.48124, "lon": 115.278 }, "geometry": { "type": "Point", "coordinates": [ 115.2782593, -8.4812367 ] } },
{ "type": "Feature", "properties": { "name": "Circle K", "facilities": "convenience", "lat": -8.68624, "lon": 115.162 }, "geometry": { "type": "Point", "coordinates": [ 115.1622946, -8.6862383 ] } },
{ "type": "Feature", "properties": { "name": "Circle K", "facilities": "convenience", "lat": -8.68364, "lon": 115.163 }, "geometry": { "type": "Point", "coordinates": [ 115.1633494, -8.6836391 ] } },
{ "type": "Feature", "properties": { "name": "M MART", "facilities": "convenience", "lat": -8.51808, "lon": 115.261 }, "geometry": { "type": "Point", "coordinates": [ 115.2613722, -8.5180792 ] } },
{ "type": "Feature", "properties": { "name": "Circle K", "facilities": "convenience", "lat": -8.70799, "lon": 115.183 }, "geometry": { "type": "Point", "coordinates": [ 115.1834564, -8.7079878 ] } },
{ "type": "Feature", "properties": { "name": "Indomaret", "facilities": "convenience", "lat": -8.71392, "lon": 115.187 }, "geometry": { "type": "Point", "coordinates": [ 115.1865659, -8.7139185 ] } },
{ "type": "Feature", "properties": { "name": "Circle K", "facilities": "convenience", "lat": -8.7168, "lon": 115.185 }, "geometry": { "type": "Point", "coordinates": [ 115.1853725, -8.7168009 ] } },
{ "type": "Feature", "properties": { "name": "Circle K", "facilities": "convenience", "lat": -8.74048, "lon": 115.181 }, "geometry": { "type": "Point", "coordinates": [ 115.18068, -8.7404791 ] } },
{ "type": "Feature", "properties": { "name": "Indomaret", "facilities": "convenience", "lat": -8.478, "lon": 115.248 }, "geometry": { "type": "Point", "coordinates": [ 115.2482757, -8.4779961 ] } },
{ "type": "Feature", "properties": { "name": "Alfamart", "facilities": "convenience", "lat": -8.56392, "lon": 115.279 }, "geometry": { "type": "Point", "coordinates": [ 115.2785235, -8.5639204 ] } },
{ "type": "Feature", "properties": { "name": "Indomaret", "facilities": "convenience", "lat": -8.5686, "lon": 115.297 }, "geometry": { "type": "Point", "coordinates": [ 115.2970881, -8.5685981 ] } },
{ "type": "Feature", "properties": { "name": "Alfamart", "facilities": "convenience", "lat": -8.58001, "lon": 115.295 }, "geometry": { "type": "Point", "coordinates": [ 115.2950541, -8.5800147 ] } },
{ "type": "Feature", "properties": { "name": "Indomaret", "facilities": "convenience", "lat": -8.59175, "lon": 115.297 }, "geometry": { "type": "Point", "coordinates": [ 115.2971036, -8.5917499 ] } },
{ "type": "Feature", "properties": { "name": "Indomaret", "facilities": "convenience", "lat": -8.53767, "lon": 115.395 }, "geometry": { "type": "Point", "coordinates": [ 115.3952582, -8.5376681 ] } },
{ "type": "Feature", "properties": { "name": "Indomaret", "facilities": "convenience", "lat": -8.53501, "lon": 115.401 }, "geometry": { "type": "Point", "coordinates": [ 115.4010198, -8.5350054 ] } },
{ "type": "Feature", "properties": { "name": "Indomaret", "facilities": "convenience", "lat": -8.47264, "lon": 115.353 }, "geometry": { "type": "Point", "coordinates": [ 115.3526084, -8.4726437 ] } },
{ "type": "Feature", "properties": { "name": "Indomaret", "facilities": "convenience", "lat": -8.63564, "lon": 115.287 }, "geometry": { "type": "Point", "coordinates": [ 115.2873414, -8.6356393 ] } },
{ "type": "Feature", "properties": { "name": "Alfamart", "facilities": "convenience", "lat": -8.4666, "lon": 115.35 }, "geometry": { "type": "Point", "coordinates": [ 115.3500539, -8.4665963 ] } },
{ "type": "Feature", "properties": { "name": "Indomaret", "facilities": "convenience", "lat": -8.63663, "lon": 115.189 }, "geometry": { "type": "Point", "coordinates": [ 115.189362, -8.6366286 ] } },
{ "type": "Feature", "properties": { "name": "Circle K", "facilities": "convenience", "lat": -8.63657, "lon": 115.193 }, "geometry": { "type": "Point", "coordinates": [ 115.1928051, -8.6365714 ] } },
{ "type": "Feature", "properties": { "name": "Indomaret", "facilities": "convenience", "lat": -8.58467, "lon": 115.348 }, "geometry": { "type": "Point", "coordinates": [ 115.3479172, -8.5846742 ] } },
{ "type": "Feature", "properties": { "name": "Circle K", "facilities": "convenience", "lat": -8.64699, "lon": 115.274 }, "geometry": { "type": "Point", "coordinates": [ 115.2741902, -8.6469854 ] } },
{ "type": "Feature", "properties": { "name": "Alfamart", "facilities": "convenience", "lat": -8.6255, "lon": 115.224 }, "geometry": { "type": "Point", "coordinates": [ 115.2237407, -8.6255015 ] } },
{ "type": "Feature", "properties": { "name": "Alfamart", "facilities": "convenience", "lat": -8.70127, "lon": 115.259 }, "geometry": { "type": "Point", "coordinates": [ 115.2585646, -8.7012708 ] } },
{ "type": "Feature", "properties": { "name": "M Mart", "facilities": "convenience", "lat": -8.62404, "lon": 115.297 }, "geometry": { "type": "Point", "coordinates": [ 115.2973021, -8.6240392 ] } },
{ "type": "Feature", "properties": { "name": "Indomaret", "facilities": "convenience", "lat": -8.72624, "lon": 115.181 }, "geometry": { "type": "Point", "coordinates": [ 115.1806713, -8.7262405 ] } },
{ "type": "Feature", "properties": { "name": "Indomaret", "facilities": "convenience", "lat": -8.68793, "lon": 115.189 }, "geometry": { "type": "Point", "coordinates": [ 115.1885343, -8.6879281 ] } },
{ "type": "Feature", "properties": { "name": "Arak", "facilities": "convenience", "lat": -8.19098, "lon": 115.187 }, "geometry": { "type": "Point", "coordinates": [ 115.1873186, -8.1909759 ] } },
{ "type": "Feature", "properties": { "name": "Arak", "facilities": "convenience", "lat": -8.15425, "lon": 115.038 }, "geometry": { "type": "Point", "coordinates": [ 115.0380663, -8.1542462 ] } },
{ "type": "Feature", "properties": { "name": "Toko sinar jaya", "facilities": "convenience", "lat": -8.63552, "lon": 115.192 }, "geometry": { "type": "Point", "coordinates": [ 115.1923615, -8.6355242 ] } },
{ "type": "Feature", "properties": { "name": "Mixue", "facilities": "convenience", "lat": -8.63654, "lon": 115.193 }, "geometry": { "type": "Point", "coordinates": [ 115.1925115, -8.6365416 ] } },
{ "type": "Feature", "properties": { "name": "Toko Rai", "facilities": "convenience", "lat": -8.63477, "lon": 115.191 }, "geometry": { "type": "Point", "coordinates": [ 115.1911652, -8.6347737 ] } },
{ "type": "Feature", "properties": { "name": "Adl Mart", "facilities": "convenience", "lat": -8.65092, "lon": 115.124 }, "geometry": { "type": "Point", "coordinates": [ 115.1244991, -8.6509193 ] } },
{ "type": "Feature", "properties": { "name": "Indomaret", "facilities": "convenience", "lat": -8.68091, "lon": 115.182 }, "geometry": { "type": "Point", "coordinates": [ 115.1820598, -8.6809054 ] } },
{ "type": "Feature", "properties": { "name": "M MART", "facilities": "convenience", "lat": -8.50044, "lon": 115.267 }, "geometry": { "type": "Point", "coordinates": [ 115.2665466, -8.5004429 ] } },
{ "type": "Feature", "properties": { "name": "Circle K", "facilities": "convenience", "lat": -8.50036, "lon": 115.267 }, "geometry": { "type": "Point", "coordinates": [ 115.2665633, -8.5003591 ] } },
{ "type": "Feature", "properties": { "name": "Indomaret", "facilities": "convenience", "lat": -8.28204, "lon": 115.363 }, "geometry": { "type": "Point", "coordinates": [ 115.362941, -8.2820366 ] } },
{ "type": "Feature", "properties": { "name": "Sama Rasa Shop", "facilities": "convenience", "lat": -8.34394, "lon": 115.669 }, "geometry": { "type": "Point", "coordinates": [ 115.6693195, -8.3439411 ] } },
{ "type": "Feature", "properties": { "name": "M Mart", "facilities": "convenience", "lat": -8.59143, "lon": 115.342 }, "geometry": { "type": "Point", "coordinates": [ 115.3416925, -8.5914286 ] } },
{ "type": "Feature", "properties": { "name": "Alfamart", "facilities": "convenience", "lat": -8.71628, "lon": 115.22 }, "geometry": { "type": "Point", "coordinates": [ 115.2196718, -8.7162749 ] } },
{ "type": "Feature", "properties": { "name": "Alfamart", "facilities": "convenience", "lat": -8.64643, "lon": 115.275 }, "geometry": { "type": "Point", "coordinates": [ 115.2752559, -8.6464296 ] } },
{ "type": "Feature", "properties": { "name": "Indomaret", "facilities": "convenience", "lat": -8.59547, "lon": 115.215 }, "geometry": { "type": "Point", "coordinates": [ 115.2150785, -8.5954735 ] } },
{ "type": "Feature", "properties": { "name": "Circle K", "facilities": "convenience", "lat": -8.70023, "lon": 115.184 }, "geometry": { "type": "Point", "coordinates": [ 115.1839132, -8.7002318 ] } },
{ "type": "Feature", "properties": { "name": "Big M", "facilities": "convenience", "lat": -8.69972, "lon": 115.182 }, "geometry": { "type": "Point", "coordinates": [ 115.1817078, -8.6997186 ] } },
{ "type": "Feature", "properties": { "name": "Alfamart", "facilities": "convenience", "lat": -8.68531, "lon": 115.194 }, "geometry": { "type": "Point", "coordinates": [ 115.1940701, -8.6853073 ] } },
{ "type": "Feature", "properties": { "name": "Alfamart", "facilities": "convenience", "lat": -8.64169, "lon": 115.209 }, "geometry": { "type": "Point", "coordinates": [ 115.2087907, -8.6416939 ] } },
{ "type": "Feature", "properties": { "name": "Alfamart", "facilities": "convenience", "lat": -8.69912, "lon": 115.176 }, "geometry": { "type": "Point", "coordinates": [ 115.1755927, -8.6991186 ] } },
{ "type": "Feature", "properties": { "name": "Indomaret", "facilities": "convenience", "lat": -8.66611, "lon": 115.207 }, "geometry": { "type": "Point", "coordinates": [ 115.2066993, -8.6661098 ] } },
{ "type": "Feature", "properties": { "name": "M Mart", "facilities": "convenience", "lat": -8.65456, "lon": 115.21 }, "geometry": { "type": "Point", "coordinates": [ 115.2099768, -8.6545581 ] } },
{ "type": "Feature", "properties": { "name": "Circle K", "facilities": "convenience", "lat": -8.62958, "lon": 115.209 }, "geometry": { "type": "Point", "coordinates": [ 115.2089183, -8.6295781 ] } },
{ "type": "Feature", "properties": { "name": "4W Mini Market", "facilities": "convenience", "lat": -8.52178, "lon": 115.239 }, "geometry": { "type": "Point", "coordinates": [ 115.2390222, -8.5217819 ] } },
{ "type": "Feature", "properties": { "name": "Indomaret", "facilities": "convenience", "lat": -8.60869, "lon": 115.214 }, "geometry": { "type": "Point", "coordinates": [ 115.2135424, -8.6086855 ] } },
{ "type": "Feature", "properties": { "name": "Alfamart", "facilities": "convenience", "lat": -8.52597, "lon": 115.295 }, "geometry": { "type": "Point", "coordinates": [ 115.2953568, -8.5259718 ] } },
{ "type": "Feature", "properties": { "name": "Big M", "facilities": "convenience", "lat": -8.60548, "lon": 115.321 }, "geometry": { "type": "Point", "coordinates": [ 115.3210948, -8.6054847 ] } },
{ "type": "Feature", "properties": { "name": "Alfamart", "facilities": "convenience", "lat": -8.58545, "lon": 115.347 }, "geometry": { "type": "Point", "coordinates": [ 115.3472735, -8.5854551 ] } },
{ "type": "Feature", "properties": { "name": "Alfamart", "facilities": "convenience", "lat": -8.66673, "lon": 115.256 }, "geometry": { "type": "Point", "coordinates": [ 115.2558486, -8.6667283 ] } },
{ "type": "Feature", "properties": { "name": "Circle K", "facilities": "convenience", "lat": -8.68691, "lon": 115.263 }, "geometry": { "type": "Point", "coordinates": [ 115.2626045, -8.6869126 ] } },
{ "type": "Feature", "properties": { "name": "Swastika Mini Mart", "facilities": "convenience", "lat": -8.6867, "lon": 115.263 }, "geometry": { "type": "Point", "coordinates": [ 115.2625365, -8.686699 ] } },
{ "type": "Feature", "properties": { "name": "M Mart", "facilities": "convenience", "lat": -8.68663, "lon": 115.262 }, "geometry": { "type": "Point", "coordinates": [ 115.2624837, -8.6866297 ] } },
{ "type": "Feature", "properties": { "name": "Alfamart", "facilities": "convenience", "lat": -8.72272, "lon": 115.171 }, "geometry": { "type": "Point", "coordinates": [ 115.1708067, -8.7227176 ] } },
{ "type": "Feature", "properties": { "name": "Indomaret", "facilities": "convenience", "lat": -8.53783, "lon": 115.121 }, "geometry": { "type": "Point", "coordinates": [ 115.1212728, -8.5378268 ] } },
{ "type": "Feature", "properties": { "name": "M Mart", "facilities": "convenience", "lat": -8.63535, "lon": 115.227 }, "geometry": { "type": "Point", "coordinates": [ 115.226525, -8.6353456 ] } },
{ "type": "Feature", "properties": { "name": "M Mart", "facilities": "convenience", "lat": -8.80233, "lon": 115.119 }, "geometry": { "type": "Point", "coordinates": [ 115.1187482, -8.8023309 ] } },
{ "type": "Feature", "properties": { "name": "Circle K", "facilities": "convenience", "lat": -8.73182, "lon": 115.171 }, "geometry": { "type": "Point", "coordinates": [ 115.171332, -8.7318163 ] } },
{ "type": "Feature", "properties": { "name": "Indomaret", "facilities": "convenience", "lat": -8.73202, "lon": 115.171 }, "geometry": { "type": "Point", "coordinates": [ 115.1712686, -8.73202 ] } },
{ "type": "Feature", "properties": { "name": "Pepito Express", "facilities": "convenience", "lat": -8.713, "lon": 115.168 }, "geometry": { "type": "Point", "coordinates": [ 115.1678441, -8.713004 ] } },
{ "type": "Feature", "properties": { "name": "Circle K", "facilities": "convenience", "lat": -8.65025, "lon": 115.133 }, "geometry": { "type": "Point", "coordinates": [ 115.1330729, -8.6502527 ] } },
{ "type": "Feature", "properties": { "name": "Indomaret", "facilities": "convenience", "lat": -8.67332, "lon": 115.234 }, "geometry": { "type": "Point", "coordinates": [ 115.2343834, -8.6733222 ] } },
{ "type": "Feature", "properties": { "name": "Indomaret", "facilities": "convenience", "lat": -8.66418, "lon": 115.23 }, "geometry": { "type": "Point", "coordinates": [ 115.2304151, -8.6641749 ] } },
{ "type": "Feature", "properties": { "name": "Indomaret", "facilities": "convenience", "lat": -8.66064, "lon": 115.222 }, "geometry": { "type": "Point", "coordinates": [ 115.2216762, -8.6606432 ] } },
{ "type": "Feature", "properties": { "name": "Mart Widi Yoga", "facilities": "convenience", "lat": -8.34954, "lon": 115.681 }, "geometry": { "type": "Point", "coordinates": [ 115.680946, -8.3495423 ] } },
{ "type": "Feature", "properties": { "name": "Circle K", "facilities": "convenience", "lat": -8.74213, "lon": 115.166 }, "geometry": { "type": "Point", "coordinates": [ 115.1661623, -8.7421262 ] } },
{ "type": "Feature", "properties": { "name": "Virgin mart", "facilities": "convenience", "lat": -8.50077, "lon": 115.61 }, "geometry": { "type": "Point", "coordinates": [ 115.610277, -8.5007714 ] } },
{ "type": "Feature", "properties": { "name": "M Mart", "facilities": "convenience", "lat": -8.75787, "lon": 115.221 }, "geometry": { "type": "Point", "coordinates": [ 115.2214177, -8.7578723 ] } },
{ "type": "Feature", "properties": { "name": "Haris shop", "facilities": "convenience", "lat": -8.75837, "lon": 115.221 }, "geometry": { "type": "Point", "coordinates": [ 115.2214968, -8.7583707 ] } },
{ "type": "Feature", "properties": { "name": "Indomaret", "facilities": "convenience", "lat": -8.75692, "lon": 115.221 }, "geometry": { "type": "Point", "coordinates": [ 115.2212977, -8.7569183 ] } },
{ "type": "Feature", "properties": { "name": "M Mart", "facilities": "convenience", "lat": -8.76332, "lon": 115.222 }, "geometry": { "type": "Point", "coordinates": [ 115.221955, -8.7633214 ] } },
{ "type": "Feature", "properties": { "name": "Pepito express", "facilities": "convenience", "lat": -8.7255, "lon": 115.171 }, "geometry": { "type": "Point", "coordinates": [ 115.1711038, -8.7255023 ] } },
{ "type": "Feature", "properties": { "name": "Mini shop", "facilities": "convenience", "lat": -8.72297, "lon": 115.173 }, "geometry": { "type": "Point", "coordinates": [ 115.1733302, -8.7229746 ] } },
{ "type": "Feature", "properties": { "name": "Sherly mart", "facilities": "convenience", "lat": -8.75672, "lon": 115.221 }, "geometry": { "type": "Point", "coordinates": [ 115.2213029, -8.7567168 ] } },
{ "type": "Feature", "properties": { "name": "Alfamart", "facilities": "convenience", "lat": -8.75704, "lon": 115.221 }, "geometry": { "type": "Point", "coordinates": [ 115.2212908, -8.7570425 ] } },
{ "type": "Feature", "properties": { "name": "Indomaret", "facilities": "convenience", "lat": -8.35754, "lon": 114.627 }, "geometry": { "type": "Point", "coordinates": [ 114.62736, -8.3575385 ] } },
{ "type": "Feature", "properties": { "name": "Minni Mart", "facilities": "convenience", "lat": -8.81722, "lon": 115.098 }, "geometry": { "type": "Point", "coordinates": [ 115.097831, -8.8172171 ] } },
{ "type": "Feature", "properties": { "name": "Cold cheap beer", "facilities": "convenience", "lat": -8.73919, "lon": 115.167 }, "geometry": { "type": "Point", "coordinates": [ 115.1671511, -8.7391913 ] } },
{ "type": "Feature", "properties": { "name": "Alfamart", "facilities": "convenience", "lat": -8.71876, "lon": 115.169 }, "geometry": { "type": "Point", "coordinates": [ 115.1692908, -8.7187605 ] } },
{ "type": "Feature", "properties": { "name": "FamilyMart", "facilities": "convenience", "lat": -8.7242, "lon": 115.171 }, "geometry": { "type": "Point", "coordinates": [ 115.1711537, -8.7241986 ] } },
{ "type": "Feature", "properties": { "name": "Alfamart", "facilities": "convenience", "lat": -8.71118, "lon": 115.229 }, "geometry": { "type": "Point", "coordinates": [ 115.228841, -8.7111831 ] } },
{ "type": "Feature", "properties": { "name": "Indomaret", "facilities": "convenience", "lat": -8.71119, "lon": 115.229 }, "geometry": { "type": "Point", "coordinates": [ 115.2290065, -8.711185 ] } },
{ "type": "Feature", "properties": { "name": "Wayanmart", "facilities": "convenience", "lat": -8.47609, "lon": 115.324 }, "geometry": { "type": "Point", "coordinates": [ 115.3238135, -8.4760878 ] } },
{ "type": "Feature", "properties": { "name": "Indomaret", "facilities": "convenience", "lat": -8.56733, "lon": 115.177 }, "geometry": { "type": "Point", "coordinates": [ 115.1766842, -8.5673339 ] } },
{ "type": "Feature", "properties": { "name": "M Mart", "facilities": "convenience", "lat": -8.55199, "lon": 115.132 }, "geometry": { "type": "Point", "coordinates": [ 115.1320544, -8.5519905 ] } },
{ "type": "Feature", "properties": { "name": "Alfamart", "facilities": "convenience", "lat": -8.56762, "lon": 115.179 }, "geometry": { "type": "Point", "coordinates": [ 115.1790868, -8.5676226 ] } },
{ "type": "Feature", "properties": { "name": "Alfamart", "facilities": "convenience", "lat": -8.62585, "lon": 115.201 }, "geometry": { "type": "Point", "coordinates": [ 115.2006918, -8.6258491 ] } },
{ "type": "Feature", "properties": { "name": "M Mart", "facilities": "convenience", "lat": -8.60945, "lon": 115.112 }, "geometry": { "type": "Point", "coordinates": [ 115.1116641, -8.6094496 ] } },
{ "type": "Feature", "properties": { "name": "Circle K", "facilities": "convenience", "lat": -8.62023, "lon": 115.118 }, "geometry": { "type": "Point", "coordinates": [ 115.1175951, -8.6202264 ] } },
{ "type": "Feature", "properties": { "name": "MS Mart", "facilities": "convenience", "lat": -8.56585, "lon": 115.136 }, "geometry": { "type": "Point", "coordinates": [ 115.1364564, -8.5658529 ] } },
{ "type": "Feature", "properties": { "name": "Indomaret", "facilities": "convenience", "lat": -8.55546, "lon": 115.143 }, "geometry": { "type": "Point", "coordinates": [ 115.1429059, -8.5554598 ] } },
{ "type": "Feature", "properties": { "name": "Alfamart", "facilities": "convenience", "lat": -8.52172, "lon": 115.174 }, "geometry": { "type": "Point", "coordinates": [ 115.1742422, -8.521724 ] } },
{ "type": "Feature", "properties": { "name": "Indomaret", "facilities": "convenience", "lat": -8.55825, "lon": 115.171 }, "geometry": { "type": "Point", "coordinates": [ 115.1714832, -8.5582544 ] } },
{ "type": "Feature", "properties": { "name": "Indomaret", "facilities": "convenience", "lat": -8.56014, "lon": 115.154 }, "geometry": { "type": "Point", "coordinates": [ 115.1539856, -8.5601445 ] } },
{ "type": "Feature", "properties": { "name": "Alfamart", "facilities": "convenience", "lat": -8.56057, "lon": 115.137 }, "geometry": { "type": "Point", "coordinates": [ 115.1372834, -8.5605702 ] } },
{ "type": "Feature", "properties": { "name": "Indomaret", "facilities": "convenience", "lat": -8.50652, "lon": 115.18 }, "geometry": { "type": "Point", "coordinates": [ 115.1796857, -8.5065156 ] } },
{ "type": "Feature", "properties": { "name": "Warung / Toko Kelontong (No Name)", "facilities": "convenience", "lat": -8.64147, "lon": 115.143 }, "geometry": { "type": "Point", "coordinates": [ 115.142523, -8.6414736 ] } },
{ "type": "Feature", "properties": { "name": "Warung / Toko Kelontong (No Name)", "facilities": "convenience", "lat": -8.64089, "lon": 115.143 }, "geometry": { "type": "Point", "coordinates": [ 115.1429763, -8.6408952 ] } },
{ "type": "Feature", "properties": { "name": "Circle K", "facilities": "convenience", "lat": -8.64069, "lon": 115.143 }, "geometry": { "type": "Point", "coordinates": [ 115.1431453, -8.6406907 ] } },
{ "type": "Feature", "properties": { "name": "Warung / Toko Kelontong (No Name)", "facilities": "convenience", "lat": -8.63989, "lon": 115.144 }, "geometry": { "type": "Point", "coordinates": [ 115.1439272, -8.6398898 ] } },
{ "type": "Feature", "properties": { "name": "Warung / Toko Kelontong Azka", "facilities": "convenience", "lat": -8.63958, "lon": 115.144 }, "geometry": { "type": "Point", "coordinates": [ 115.1442115, -8.6395756 ] } },
{ "type": "Feature", "properties": { "name": "Warung / Toko Kelontong (No Name)", "facilities": "convenience", "lat": -8.63914, "lon": 115.145 }, "geometry": { "type": "Point", "coordinates": [ 115.1445763, -8.639144 ] } },
{ "type": "Feature", "properties": { "name": "Warung / Toko Kelontong Jawa Madura", "facilities": "convenience", "lat": -8.63856, "lon": 115.145 }, "geometry": { "type": "Point", "coordinates": [ 115.1451214, -8.6385566 ] } },
{ "type": "Feature", "properties": { "name": "Warung / Toko Kelontong (No Name)", "facilities": "convenience", "lat": -8.63806, "lon": 115.146 }, "geometry": { "type": "Point", "coordinates": [ 115.1457719, -8.6380641 ] } },
{ "type": "Feature", "properties": { "name": "Drink Water Store (No Name)", "facilities": "convenience", "lat": -8.64701, "lon": 115.14 }, "geometry": { "type": "Point", "coordinates": [ 115.140159, -8.6470088 ] } },
{ "type": "Feature", "properties": { "name": "Circle K", "facilities": "convenience", "lat": -8.64819, "lon": 115.139 }, "geometry": { "type": "Point", "coordinates": [ 115.1388095, -8.6481931 ] } },
{ "type": "Feature", "properties": { "name": "Circle K", "facilities": "convenience", "lat": -8.64611, "lon": 115.141 }, "geometry": { "type": "Point", "coordinates": [ 115.1409234, -8.6461088 ] } },
{ "type": "Feature", "properties": { "name": "Alfamart", "facilities": "convenience", "lat": -8.64099, "lon": 115.143 }, "geometry": { "type": "Point", "coordinates": [ 115.1431735, -8.6409857 ] } },
{ "type": "Feature", "properties": { "name": "Warung / Toko Kelontong (No Name)", "facilities": "convenience", "lat": -8.63965, "lon": 115.144 }, "geometry": { "type": "Point", "coordinates": [ 115.1442943, -8.6396532 ] } },
{ "type": "Feature", "properties": { "name": "Warung / Toko Kelontong Fazra", "facilities": "convenience", "lat": -8.63913, "lon": 115.145 }, "geometry": { "type": "Point", "coordinates": [ 115.1447372, -8.6391301 ] } },
{ "type": "Feature", "properties": { "name": "Warung / Toko Kelontong Galon (No Name)", "facilities": "convenience", "lat": -8.63864, "lon": 115.145 }, "geometry": { "type": "Point", "coordinates": [ 115.1452656, -8.6386388 ] } },
{ "type": "Feature", "properties": { "name": "Warung / Toko Kelontong (No Name)", "facilities": "convenience", "lat": -8.63852, "lon": 115.145 }, "geometry": { "type": "Point", "coordinates": [ 115.1454343, -8.6385192 ] } },
{ "type": "Feature", "properties": { "name": "Warung / Toko Kelontong Empat Putra", "facilities": "convenience", "lat": -8.63845, "lon": 115.146 }, "geometry": { "type": "Point", "coordinates": [ 115.1455241, -8.6384502 ] } },
{ "type": "Feature", "properties": { "name": "Warung / Toko Kelontong Safrin", "facilities": "convenience", "lat": -8.63786, "lon": 115.146 }, "geometry": { "type": "Point", "coordinates": [ 115.1460709, -8.6378599 ] } },
{ "type": "Feature", "properties": { "name": "Warung / Toko Kelontong (No Name)", "facilities": "convenience", "lat": -8.63764, "lon": 115.146 }, "geometry": { "type": "Point", "coordinates": [ 115.1464401, -8.6376395 ] } },
{ "type": "Feature", "properties": { "name": "Indomaret", "facilities": "convenience", "lat": -8.47405, "lon": 115.2 }, "geometry": { "type": "Point", "coordinates": [ 115.2003258, -8.4740488 ] } },
{ "type": "Feature", "properties": { "name": "Warung / Toko Kelontong", "facilities": "convenience", "lat": -8.65301, "lon": 115.133 }, "geometry": { "type": "Point", "coordinates": [ 115.1326928, -8.6530053 ] } },
{ "type": "Feature", "properties": { "name": "Warung / Toko Kelontong (No Name)", "facilities": "convenience", "lat": -8.64968, "lon": 115.137 }, "geometry": { "type": "Point", "coordinates": [ 115.1370882, -8.6496814 ] } },
{ "type": "Feature", "properties": { "name": "Warung / Toko Kelontong (No Name)", "facilities": "convenience", "lat": -8.64955, "lon": 115.137 }, "geometry": { "type": "Point", "coordinates": [ 115.1374671, -8.6495461 ] } },
{ "type": "Feature", "properties": { "name": "Warung / Toko Kelontong (No Name)", "facilities": "convenience", "lat": -8.64882, "lon": 115.138 }, "geometry": { "type": "Point", "coordinates": [ 115.1382771, -8.6488249 ] } },
{ "type": "Feature", "properties": { "name": "M-Mart", "facilities": "convenience", "lat": -8.67891, "lon": 115.161 }, "geometry": { "type": "Point", "coordinates": [ 115.1605144, -8.6789098 ] } },
{ "type": "Feature", "properties": { "name": "Indomaret", "facilities": "convenience", "lat": -8.60606, "lon": 115.165 }, "geometry": { "type": "Point", "coordinates": [ 115.1645496, -8.6060606 ] } },
{ "type": "Feature", "properties": { "name": "Circle K", "facilities": "convenience", "lat": -8.60741, "lon": 115.17 }, "geometry": { "type": "Point", "coordinates": [ 115.170071, -8.607414 ] } },
{ "type": "Feature", "properties": { "name": "Circle K", "facilities": "convenience", "lat": -8.65998, "lon": 115.138 }, "geometry": { "type": "Point", "coordinates": [ 115.1376553, -8.6599755 ] } },
{ "type": "Feature", "properties": { "name": "K&K minimart", "facilities": "convenience", "lat": -8.67481, "lon": 115.548 }, "geometry": { "type": "Point", "coordinates": [ 115.5483352, -8.6748125 ] } },
{ "type": "Feature", "properties": { "name": "M Mart Balangan", "facilities": "convenience", "lat": -8.81586, "lon": 115.15 }, "geometry": { "type": "Point", "coordinates": [ 115.1498033, -8.8158583 ] } },
{ "type": "Feature", "properties": { "name": "Hardy's Nusa Dua", "facilities": "supermarket", "lat": -8.79324, "lon": 115.215 }, "geometry": { "type": "Point", "coordinates": [ 115.2146582, -8.7932382 ] } },
{ "type": "Feature", "properties": { "name": "DOMO TRANSPORT", "facilities": "supermarket", "lat": -8.51112, "lon": 115.574 }, "geometry": { "type": "Point", "coordinates": [ 115.5744791, -8.5111187 ] } },
{ "type": "Feature", "properties": { "name": "Bintang Supermarket Seminyak", "facilities": "supermarket", "lat": -8.69421, "lon": 115.168 }, "geometry": { "type": "Point", "coordinates": [ 115.1680418, -8.6942062 ] } },
{ "type": "Feature", "properties": { "name": "Satifa Boga", "facilities": "supermarket", "lat": -8.67449, "lon": 115.257 }, "geometry": { "type": "Point", "coordinates": [ 115.2566412, -8.674485 ] } },
{ "type": "Feature", "properties": { "name": "Pepito Supermarket", "facilities": "supermarket", "lat": -8.73838, "lon": 115.172 }, "geometry": { "type": "Point", "coordinates": [ 115.1723037, -8.7383769 ] } },
{ "type": "Feature", "properties": { "name": "Sunset Point Shopping Centre", "facilities": "supermarket", "lat": -8.6827, "lon": 115.167 }, "geometry": { "type": "Point", "coordinates": [ 115.1665129, -8.6827001 ] } },
{ "type": "Feature", "properties": { "name": "Bintang", "facilities": "supermarket", "lat": -8.62861, "lon": 115.172 }, "geometry": { "type": "Point", "coordinates": [ 115.1716127, -8.6286101 ] } },
{ "type": "Feature", "properties": { "name": "Pepito Express", "facilities": "supermarket", "lat": -8.67321, "lon": 115.165 }, "geometry": { "type": "Point", "coordinates": [ 115.1650088, -8.6732077 ] } },
{ "type": "Feature", "properties": { "name": "Frestive Supermarket", "facilities": "supermarket", "lat": -8.67339, "lon": 115.165 }, "geometry": { "type": "Point", "coordinates": [ 115.1650478, -8.6733893 ] } },
{ "type": "Feature", "properties": { "name": "Mini Market", "facilities": "supermarket", "lat": -8.70531, "lon": 115.168 }, "geometry": { "type": "Point", "coordinates": [ 115.1682132, -8.7053087 ] } },
{ "type": "Feature", "properties": { "name": "Q Mart", "facilities": "supermarket", "lat": -8.45242, "lon": 115.279 }, "geometry": { "type": "Point", "coordinates": [ 115.2793264, -8.4524217 ] } },
{ "type": "Feature", "properties": { "name": "Pepito Express Udayana 2", "facilities": "supermarket", "lat": -8.78251, "lon": 115.179 }, "geometry": { "type": "Point", "coordinates": [ 115.1789287, -8.7825068 ] } },
{ "type": "Feature", "properties": { "name": "Mini Mart", "facilities": "supermarket", "lat": -8.70991, "lon": 115.178 }, "geometry": { "type": "Point", "coordinates": [ 115.1784937, -8.709906 ] } },
{ "type": "Feature", "properties": { "name": "Toko Oka Sari", "facilities": "supermarket", "lat": -8.79939, "lon": 115.222 }, "geometry": { "type": "Point", "coordinates": [ 115.2224308, -8.7993925 ] } },
{ "type": "Feature", "properties": { "name": "Trolly", "facilities": "supermarket", "lat": -8.7651, "lon": 115.175 }, "geometry": { "type": "Point", "coordinates": [ 115.1749466, -8.7650985 ] } },
{ "type": "Feature", "properties": { "name": "Pepito Express Batur Raya", "facilities": "supermarket", "lat": -8.78573, "lon": 115.188 }, "geometry": { "type": "Point", "coordinates": [ 115.1878526, -8.7857318 ] } },
{ "type": "Feature", "properties": { "name": "Robinsons", "facilities": "supermarket", "lat": -8.69186, "lon": 115.217 }, "geometry": { "type": "Point", "coordinates": [ 115.2171676, -8.6918618 ] } },
{ "type": "Feature", "properties": { "name": "Mini Mart", "facilities": "supermarket", "lat": -8.77176, "lon": 115.222 }, "geometry": { "type": "Point", "coordinates": [ 115.2222743, -8.7717602 ] } },
{ "type": "Feature", "properties": { "name": "Gemini Shop", "facilities": "supermarket", "lat": -8.51024, "lon": 115.572 }, "geometry": { "type": "Point", "coordinates": [ 115.5717638, -8.5102439 ] } },
{ "type": "Feature", "properties": { "name": "Solaluna Shop", "facilities": "supermarket", "lat": -8.27625, "lon": 115.592 }, "geometry": { "type": "Point", "coordinates": [ 115.5916473, -8.276252 ] } },
{ "type": "Feature", "properties": { "name": "Delta Dewata", "facilities": "supermarket", "lat": -8.51804, "lon": 115.263 }, "geometry": { "type": "Point", "coordinates": [ 115.2632662, -8.5180422 ] } },
{ "type": "Feature", "properties": { "name": "Delta Dewata", "facilities": "supermarket", "lat": -8.51295, "lon": 115.264 }, "geometry": { "type": "Point", "coordinates": [ 115.264166, -8.5129482 ] } },
{ "type": "Feature", "properties": { "name": "Traditional Market Kapal", "facilities": "supermarket", "lat": -8.56876, "lon": 115.182 }, "geometry": { "type": "Point", "coordinates": [ 115.1817252, -8.5687632 ] } },
{ "type": "Feature", "properties": { "name": "Coco Mart", "facilities": "supermarket", "lat": -8.64938, "lon": 115.146 }, "geometry": { "type": "Point", "coordinates": [ 115.1463444, -8.6493815 ] } },
{ "type": "Feature", "properties": { "name": "Agung Shop", "facilities": "supermarket", "lat": -8.73685, "lon": 115.165 }, "geometry": { "type": "Point", "coordinates": [ 115.1647064, -8.736851 ] } },
{ "type": "Feature", "properties": { "name": "Bagus", "facilities": "supermarket", "lat": -8.59928, "lon": 115.254 }, "geometry": { "type": "Point", "coordinates": [ 115.2536302, -8.5992832 ] } },
{ "type": "Feature", "properties": { "name": "Pepito", "facilities": "supermarket", "lat": -8.64383, "lon": 115.158 }, "geometry": { "type": "Point", "coordinates": [ 115.1577539, -8.6438342 ] } },
{ "type": "Feature", "properties": { "name": "Indomaret", "facilities": "supermarket", "lat": -8.27696, "lon": 115.165 }, "geometry": { "type": "Point", "coordinates": [ 115.1648125, -8.2769609 ] } },
{ "type": "Feature", "properties": { "name": "Papaya Supermarket", "facilities": "supermarket", "lat": -8.70993, "lon": 115.183 }, "geometry": { "type": "Point", "coordinates": [ 115.1830253, -8.7099341 ] } },
{ "type": "Feature", "properties": { "name": "Pasar Seni Sukawati II", "facilities": "supermarket", "lat": -8.59849, "lon": 115.283 }, "geometry": { "type": "Point", "coordinates": [ 115.2828233, -8.5984912 ] } },
{ "type": "Feature", "properties": { "name": "Pasar Sumuh", "facilities": "supermarket", "lat": -8.67609, "lon": 115.203 }, "geometry": { "type": "Point", "coordinates": [ 115.2031304, -8.6760902 ] } },
{ "type": "Feature", "properties": { "name": "Nirmala", "facilities": "supermarket", "lat": -8.68199, "lon": 115.189 }, "geometry": { "type": "Point", "coordinates": [ 115.1887505, -8.6819882 ] } },
{ "type": "Feature", "properties": { "name": "Grand Lucky Supermarket", "facilities": "supermarket", "lat": -8.7072, "lon": 115.184 }, "geometry": { "type": "Point", "coordinates": [ 115.1836398, -8.7072045 ] } },
{ "type": "Feature", "properties": { "name": "Adimart", "facilities": "supermarket", "lat": -8.66783, "lon": 115.451 }, "geometry": { "type": "Point", "coordinates": [ 115.4505362, -8.6678296 ] } },
{ "type": "Feature", "properties": { "name": "S- Mart", "facilities": "supermarket", "lat": -8.81689, "lon": 115.094 }, "geometry": { "type": "Point", "coordinates": [ 115.0939839, -8.8168856 ] } },
{ "type": "Feature", "properties": { "name": "315 Mart \"Excellent For Less\"", "facilities": "supermarket", "lat": -8.69448, "lon": 115.192 }, "geometry": { "type": "Point", "coordinates": [ 115.1916835, -8.6944826 ] } },
{ "type": "Feature", "properties": { "name": "Ayu Nadi", "facilities": "supermarket", "lat": -8.73972, "lon": 115.168 }, "geometry": { "type": "Point", "coordinates": [ 115.1680449, -8.7397227 ] } },
{ "type": "Feature", "properties": { "name": "Bali Deli", "facilities": "supermarket", "lat": -8.68852, "lon": 115.171 }, "geometry": { "type": "Point", "coordinates": [ 115.1705856, -8.6885171 ] } },
{ "type": "Feature", "properties": { "name": "Kemari Superstore", "facilities": "supermarket", "lat": -8.67403, "lon": 115.261 }, "geometry": { "type": "Point", "coordinates": [ 115.2609545, -8.6740269 ] } },
{ "type": "Feature", "properties": { "name": "Hardys", "facilities": "supermarket", "lat": -8.69102, "lon": 115.225 }, "geometry": { "type": "Point", "coordinates": [ 115.2252917, -8.6910201 ] } },
{ "type": "Feature", "properties": { "name": "Hard'ys Ramayana", "facilities": "supermarket", "lat": -8.69175, "lon": 115.218 }, "geometry": { "type": "Point", "coordinates": [ 115.2176642, -8.6917546 ] } },
{ "type": "Feature", "properties": { "name": "IJ Grosir", "facilities": "supermarket", "lat": -8.8031, "lon": 115.217 }, "geometry": { "type": "Point", "coordinates": [ 115.2173679, -8.8030997 ] } },
{ "type": "Feature", "properties": { "name": "Ithon Mart Kurusetra", "facilities": "supermarket", "lat": -8.80176, "lon": 115.213 }, "geometry": { "type": "Point", "coordinates": [ 115.2130199, -8.8017591 ] } },
{ "type": "Feature", "properties": { "name": "Pepito", "facilities": "supermarket", "lat": -8.67349, "lon": 115.158 }, "geometry": { "type": "Point", "coordinates": [ 115.1578188, -8.6734892 ] } },
{ "type": "Feature", "properties": { "name": "Pepito Dewi Sri", "facilities": "supermarket", "lat": -8.70878, "lon": 115.179 }, "geometry": { "type": "Point", "coordinates": [ 115.1788572, -8.7087824 ] } },
{ "type": "Feature", "properties": { "name": "Pepito Express Umalas", "facilities": "supermarket", "lat": -8.66537, "lon": 115.163 }, "geometry": { "type": "Point", "coordinates": [ 115.1630343, -8.6653704 ] } },
{ "type": "Feature", "properties": { "name": "Pepito Express Bualu", "facilities": "supermarket", "lat": -8.78935, "lon": 115.211 }, "geometry": { "type": "Point", "coordinates": [ 115.2110538, -8.7893489 ] } },
{ "type": "Feature", "properties": { "name": "Supermarket Bintang", "facilities": "supermarket", "lat": -8.69438, "lon": 115.168 }, "geometry": { "type": "Point", "coordinates": [ 115.1680731, -8.6943822 ] } },
{ "type": "Feature", "properties": { "name": "Toko Soputan", "facilities": "supermarket", "lat": -8.68728, "lon": 115.187 }, "geometry": { "type": "Point", "coordinates": [ 115.1864978, -8.687282 ] } },
{ "type": "Feature", "properties": { "name": "Pasar klungkung", "facilities": "supermarket", "lat": -8.54634, "lon": 115.404 }, "geometry": { "type": "Point", "coordinates": [ 115.4043947, -8.5463363 ] } },
{ "type": "Feature", "properties": { "name": "Coco mart", "facilities": "supermarket", "lat": -8.76862, "lon": 115.222 }, "geometry": { "type": "Point", "coordinates": [ 115.2217555, -8.7686213 ] } },
{ "type": "Feature", "properties": { "name": "Canggu Station", "facilities": "supermarket", "lat": -8.66393, "lon": 115.146 }, "geometry": { "type": "Point", "coordinates": [ 115.1464753, -8.6639316 ] } },
{ "type": "Feature", "properties": { "name": "PEPITO express", "facilities": "supermarket", "lat": -8.79994, "lon": 115.218 }, "geometry": { "type": "Point", "coordinates": [ 115.2175995, -8.7999397 ] } },
{ "type": "Feature", "properties": { "name": "Minimarket", "facilities": "supermarket", "lat": -8.50463, "lon": 115.256 }, "geometry": { "type": "Point", "coordinates": [ 115.255781, -8.5046351 ] } },
{ "type": "Feature", "properties": { "name": "Foodmart Primo", "facilities": "supermarket", "lat": -8.6697, "lon": 115.214 }, "geometry": { "type": "Point", "coordinates": [ 115.2138752, -8.6697044 ] } },
{ "type": "Feature", "properties": { "name": "Gioz Toko Widya", "facilities": "supermarket", "lat": -8.82086, "lon": 115.09 }, "geometry": { "type": "Point", "coordinates": [ 115.0896908, -8.8208629 ] } },
{ "type": "Feature", "properties": { "name": "Cheap Supermarket", "facilities": "supermarket", "lat": -8.79263, "lon": 115.195 }, "geometry": { "type": "Point", "coordinates": [ 115.1947336, -8.7926275 ] } },
{ "type": "Feature", "properties": { "name": "Pepito’s", "facilities": "supermarket", "lat": -8.53299, "lon": 115.244 }, "geometry": { "type": "Point", "coordinates": [ 115.2436676, -8.5329939 ] } },
{ "type": "Feature", "properties": { "name": "Car with fruits", "facilities": "supermarket", "lat": -8.79755, "lon": 115.217 }, "geometry": { "type": "Point", "coordinates": [ 115.2167303, -8.7975538 ] } },
{ "type": "Feature", "properties": { "name": "Clandy's", "facilities": "supermarket", "lat": -8.1024, "lon": 115.095 }, "geometry": { "type": "Point", "coordinates": [ 115.094882, -8.1024005 ] } },
{ "type": "Feature", "properties": { "name": "Coco mart", "facilities": "supermarket", "lat": -8.64723, "lon": 115.177 }, "geometry": { "type": "Point", "coordinates": [ 115.1768852, -8.6472347 ] } },
{ "type": "Feature", "properties": { "name": "Mini mart", "facilities": "supermarket", "lat": -8.71117, "lon": 115.171 }, "geometry": { "type": "Point", "coordinates": [ 115.1710411, -8.7111719 ] } },
{ "type": "Feature", "properties": { "name": "The FoodHall", "facilities": "supermarket", "lat": -8.68275, "lon": 115.167 }, "geometry": { "type": "Point", "coordinates": [ 115.1667907, -8.6827464 ] } },
{ "type": "Feature", "properties": { "name": "MM SNR", "facilities": "supermarket", "lat": -8.68417, "lon": 115.259 }, "geometry": { "type": "Point", "coordinates": [ 115.2592387, -8.684175 ] } },
{ "type": "Feature", "properties": { "name": "Alive Wholefood Store", "facilities": "supermarket", "lat": -8.64222, "lon": 115.139 }, "geometry": { "type": "Point", "coordinates": [ 115.1390183, -8.642216 ] } },
{ "type": "Feature", "properties": { "name": "Bali jaya market", "facilities": "supermarket", "lat": -8.72307, "lon": 115.176 }, "geometry": { "type": "Point", "coordinates": [ 115.1760507, -8.7230749 ] } },
{ "type": "Feature", "properties": { "name": "Mini Mart", "facilities": "supermarket", "lat": -8.80543, "lon": 115.223 }, "geometry": { "type": "Point", "coordinates": [ 115.2227977, -8.8054281 ] } },
{ "type": "Feature", "properties": { "name": "Nirmala Swalayan", "facilities": "supermarket", "lat": -8.78175, "lon": 115.174 }, "geometry": { "type": "Point", "coordinates": [ 115.1744567, -8.781753 ] } },
{ "type": "Feature", "properties": { "name": "Mini Mart", "facilities": "supermarket", "lat": -8.67307, "lon": 115.148 }, "geometry": { "type": "Point", "coordinates": [ 115.1479409, -8.6730676 ] } },
{ "type": "Feature", "properties": { "name": "Coco Express", "facilities": "supermarket", "lat": -8.67288, "lon": 115.151 }, "geometry": { "type": "Point", "coordinates": [ 115.1509155, -8.6728775 ] } },
{ "type": "Feature", "properties": { "name": "Mini Mart", "facilities": "supermarket", "lat": -8.67338, "lon": 115.147 }, "geometry": { "type": "Point", "coordinates": [ 115.1467367, -8.6733785 ] } },
{ "type": "Feature", "properties": { "name": "Sindhu Beach Market", "facilities": "supermarket", "lat": -8.68581, "lon": 115.265 }, "geometry": { "type": "Point", "coordinates": [ 115.264505, -8.6858117 ] } },
{ "type": "Feature", "properties": { "name": "minimart", "facilities": "supermarket", "lat": -8.68974, "lon": 115.172 }, "geometry": { "type": "Point", "coordinates": [ 115.1722336, -8.6897365 ] } },
{ "type": "Feature", "properties": { "name": "Yasa Minimarket & Photo Copy", "facilities": "supermarket", "lat": -8.67833, "lon": 115.491 }, "geometry": { "type": "Point", "coordinates": [ 115.4905109, -8.6783306 ] } },
{ "type": "Feature", "properties": { "name": "Crazy Mart", "facilities": "supermarket", "lat": -8.68835, "lon": 115.433 }, "geometry": { "type": "Point", "coordinates": [ 115.4327881, -8.6883533 ] } },
{ "type": "Feature", "properties": { "name": "Nirmala Mini Market", "facilities": "supermarket", "lat": -8.76728, "lon": 115.171 }, "geometry": { "type": "Point", "coordinates": [ 115.1710064, -8.7672803 ] } },
{ "type": "Feature", "properties": { "name": "Coco Mart", "facilities": "supermarket", "lat": -8.62515, "lon": 115.258 }, "geometry": { "type": "Point", "coordinates": [ 115.2576138, -8.625154 ] } },
{ "type": "Feature", "properties": { "name": "COCOmart", "facilities": "supermarket", "lat": -8.80444, "lon": 115.16 }, "geometry": { "type": "Point", "coordinates": [ 115.1595784, -8.8044438 ] } },
{ "type": "Feature", "properties": { "name": "COCOmart", "facilities": "supermarket", "lat": -8.8029, "lon": 115.151 }, "geometry": { "type": "Point", "coordinates": [ 115.1511337, -8.8028961 ] } },
{ "type": "Feature", "properties": { "name": "Coconuts", "facilities": "supermarket", "lat": -8.71795, "lon": 115.177 }, "geometry": { "type": "Point", "coordinates": [ 115.1770885, -8.7179454 ] } },
{ "type": "Feature", "properties": { "name": "Traditional Market of Tampaksiring", "facilities": "supermarket", "lat": -8.42999, "lon": 115.308 }, "geometry": { "type": "Point", "coordinates": [ 115.3077175, -8.4299855 ] } },
{ "type": "Feature", "properties": { "name": "Popular Market", "facilities": "supermarket", "lat": -8.70632, "lon": 115.26 }, "geometry": { "type": "Point", "coordinates": [ 115.25963, -8.7063213 ] } },
{ "type": "Feature", "properties": { "name": "Bagus Supermarket Raya Batubulan", "facilities": "supermarket", "lat": -8.63099, "lon": 115.26 }, "geometry": { "type": "Point", "coordinates": [ 115.2598866, -8.6309864 ] } },
{ "type": "Feature", "properties": { "name": "Popular Market", "facilities": "supermarket", "lat": -8.70657, "lon": 115.259 }, "geometry": { "type": "Point", "coordinates": [ 115.2592607, -8.7065677 ] } },
{ "type": "Feature", "properties": { "name": "Clandy's", "facilities": "supermarket", "lat": -8.73807, "lon": 115.17 }, "geometry": { "type": "Point", "coordinates": [ 115.170369, -8.7380726 ] } },
{ "type": "Feature", "properties": { "name": "Nyuh Kembar", "facilities": "supermarket", "lat": -8.7118, "lon": 115.175 }, "geometry": { "type": "Point", "coordinates": [ 115.1747903, -8.7117957 ] } },
{ "type": "Feature", "properties": { "name": "Nyuh Kembar", "facilities": "supermarket", "lat": -8.71097, "lon": 115.173 }, "geometry": { "type": "Point", "coordinates": [ 115.1727093, -8.7109666 ] } },
{ "type": "Feature", "properties": { "name": "Minimart", "facilities": "supermarket", "lat": -8.67182, "lon": 115.45 }, "geometry": { "type": "Point", "coordinates": [ 115.4495786, -8.6718174 ] } },
{ "type": "Feature", "properties": { "name": "Minimart", "facilities": "supermarket", "lat": -8.67269, "lon": 115.449 }, "geometry": { "type": "Point", "coordinates": [ 115.449352, -8.6726918 ] } },
{ "type": "Feature", "properties": { "name": "Minimart", "facilities": "supermarket", "lat": -8.67293, "lon": 115.449 }, "geometry": { "type": "Point", "coordinates": [ 115.4492263, -8.6729339 ] } },
{ "type": "Feature", "properties": { "name": "Mega cahia shop", "facilities": "supermarket", "lat": -8.66889, "lon": 115.45 }, "geometry": { "type": "Point", "coordinates": [ 115.4501411, -8.6688938 ] } },
{ "type": "Feature", "properties": { "name": "Minimart", "facilities": "supermarket", "lat": -8.67552, "lon": 115.448 }, "geometry": { "type": "Point", "coordinates": [ 115.4478379, -8.6755189 ] } },
{ "type": "Feature", "properties": { "name": "Saiko Mart", "facilities": "supermarket", "lat": -8.66957, "lon": 115.45 }, "geometry": { "type": "Point", "coordinates": [ 115.4499949, -8.6695733 ] } },
{ "type": "Feature", "properties": { "name": "Minimart", "facilities": "supermarket", "lat": -8.67491, "lon": 115.448 }, "geometry": { "type": "Point", "coordinates": [ 115.4480825, -8.6749107 ] } },
{ "type": "Feature", "properties": { "name": "Minimart", "facilities": "supermarket", "lat": -8.67945, "lon": 115.488 }, "geometry": { "type": "Point", "coordinates": [ 115.4882915, -8.6794494 ] } },
{ "type": "Feature", "properties": { "name": "Minimart", "facilities": "supermarket", "lat": -8.6813, "lon": 115.489 }, "geometry": { "type": "Point", "coordinates": [ 115.4886429, -8.6813029 ] } },
{ "type": "Feature", "properties": { "name": "Local Market", "facilities": "supermarket", "lat": -8.52235, "lon": 115.268 }, "geometry": { "type": "Point", "coordinates": [ 115.267959, -8.5223466 ] } },
{ "type": "Feature", "properties": { "name": "Popular", "facilities": "supermarket", "lat": -8.66926, "lon": 115.147 }, "geometry": { "type": "Point", "coordinates": [ 115.146657, -8.6692601 ] } },
{ "type": "Feature", "properties": { "name": "Minimart", "facilities": "supermarket", "lat": -8.27711, "lon": 115.592 }, "geometry": { "type": "Point", "coordinates": [ 115.5924408, -8.2771053 ] } },
{ "type": "Feature", "properties": { "name": "Cahaya Wirama", "facilities": "supermarket", "lat": -8.45427, "lon": 115.452 }, "geometry": { "type": "Point", "coordinates": [ 115.4522807, -8.4542732 ] } },
{ "type": "Feature", "properties": { "name": "Local shop", "facilities": "supermarket", "lat": -8.67773, "lon": 115.447 }, "geometry": { "type": "Point", "coordinates": [ 115.447427, -8.6777346 ] } },
{ "type": "Feature", "properties": { "name": "Pepito", "facilities": "supermarket", "lat": -8.6307, "lon": 115.133 }, "geometry": { "type": "Point", "coordinates": [ 115.1331146, -8.6307022 ] } },
{ "type": "Feature", "properties": { "name": "Pepito Market Eco Beach", "facilities": "supermarket", "lat": -8.64318, "lon": 115.142 }, "geometry": { "type": "Point", "coordinates": [ 115.1424242, -8.6431756 ] } },
{ "type": "Feature", "properties": { "name": "Big supermarket", "facilities": "supermarket", "lat": -8.65945, "lon": 115.138 }, "geometry": { "type": "Point", "coordinates": [ 115.1382124, -8.6594469 ] } },
{ "type": "Feature", "properties": { "name": "Market Pepito Lovina", "facilities": "supermarket", "lat": -8.16437, "lon": 115.021 }, "geometry": { "type": "Point", "coordinates": [ 115.0214874, -8.1643684 ] } },
{ "type": "Feature", "properties": { "name": "MJ Megajaya", "facilities": "supermarket", "lat": -8.42071, "lon": 115.592 }, "geometry": { "type": "Point", "coordinates": [ 115.5919397, -8.420714 ] } },
{ "type": "Feature", "properties": { "name": "Kembang by Alfamart", "facilities": "supermarket", "lat": -8.53521, "lon": 115.404 }, "geometry": { "type": "Point", "coordinates": [ 115.4040377, -8.53521 ] } },
{ "type": "Feature", "properties": { "name": "Frestive", "facilities": "supermarket", "lat": -8.65972, "lon": 115.139 }, "geometry": { "type": "Point", "coordinates": [ 115.1390601, -8.6597213 ] } },
{ "type": "Feature", "properties": { "name": "Pancing Bali", "facilities": "supermarket", "lat": -8.63495, "lon": 115.159 }, "geometry": { "type": "Point", "coordinates": [ 115.1588873, -8.6349491 ] } },
{ "type": "Feature", "properties": { "name": "Pepito Market", "facilities": "supermarket", "lat": -8.62793, "lon": 115.129 }, "geometry": { "type": "Point", "coordinates": [ 115.1287332, -8.6279269 ] } },
{ "type": "Feature", "properties": { "name": "Nirmala", "facilities": "supermarket", "lat": -8.79826, "lon": 115.131 }, "geometry": { "type": "Point", "coordinates": [ 115.1313007, -8.7982555 ] } },
{ "type": "Feature", "properties": { "name": "Tri Mart", "facilities": "supermarket", "lat": -8.60417, "lon": 115.313 }, "geometry": { "type": "Point", "coordinates": [ 115.3131352, -8.6041704 ] } },
{ "type": "Feature", "properties": { "name": "Pepito Express", "facilities": "supermarket", "lat": -8.81991, "lon": 115.152 }, "geometry": { "type": "Point", "coordinates": [ 115.1515542, -8.819908 ] } },
{ "type": "Feature", "properties": { "name": "Nirmala", "facilities": "supermarket", "lat": -8.5548, "lon": 115.272 }, "geometry": { "type": "Point", "coordinates": [ 115.2722219, -8.5548001 ] } },
{ "type": "Feature", "properties": { "name": "Pepito", "facilities": "supermarket", "lat": -8.79634, "lon": 115.161 }, "geometry": { "type": "Point", "coordinates": [ 115.1611732, -8.7963437 ] } },
{ "type": "Feature", "properties": { "name": "Samasta Lifestyle Village", "facilities": "supermarket", "lat": -8.7851, "lon": 115.164 }, "geometry": { "type": "Point", "coordinates": [ 115.1639798, -8.7851017 ] } },
{ "type": "Feature", "properties": { "name": "Sereh Gourmet Supermarket", "facilities": "supermarket", "lat": -8.78523, "lon": 115.165 }, "geometry": { "type": "Point", "coordinates": [ 115.1652049, -8.7852288 ] } },
{ "type": "Feature", "properties": { "name": "Jimbaran Corner Shopping Center", "facilities": "supermarket", "lat": -8.78279, "lon": 115.159 }, "geometry": { "type": "Point", "coordinates": [ 115.1586587, -8.7827944 ] } },
{ "type": "Feature", "properties": { "name": "Zero Waste", "facilities": "supermarket", "lat": -8.50185, "lon": 115.244 }, "geometry": { "type": "Point", "coordinates": [ 115.2441442, -8.5018532 ] } },
{ "type": "Feature", "properties": { "name": "Coco market", "facilities": "supermarket", "lat": -8.77775, "lon": 115.17 }, "geometry": { "type": "Point", "coordinates": [ 115.1699405, -8.7777522 ] } },
{ "type": "Feature", "properties": { "name": "Coco Supermarket", "facilities": "supermarket", "lat": -8.77783, "lon": 115.17 }, "geometry": { "type": "Point", "coordinates": [ 115.1699743, -8.7778347 ] } },
{ "type": "Feature", "properties": { "name": "Fantasy Toko & Pusat Belanja Tangeb", "facilities": "supermarket", "lat": -8.59382, "lon": 115.163 }, "geometry": { "type": "Point", "coordinates": [ 115.1631945, -8.5938233 ] } },
{ "type": "Feature", "properties": { "name": "Coco", "facilities": "supermarket", "lat": -8.77783, "lon": 115.17 }, "geometry": { "type": "Point", "coordinates": [ 115.1698725, -8.7778283 ] } },
{ "type": "Feature", "properties": { "name": "Ambe Mart", "facilities": "supermarket", "lat": -8.16442, "lon": 115.117 }, "geometry": { "type": "Point", "coordinates": [ 115.1173781, -8.1644246 ] } },
{ "type": "Feature", "properties": { "name": "Clandy's", "facilities": "supermarket", "lat": -8.10219, "lon": 115.095 }, "geometry": { "type": "Point", "coordinates": [ 115.0954457, -8.1021921 ] } },
{ "type": "Feature", "properties": { "name": "Hypermart", "facilities": "supermarket", "lat": -8.72312, "lon": 115.185 }, "geometry": { "type": "Point", "coordinates": [ 115.1852847, -8.7231202 ] } },
{ "type": "Feature", "properties": { "name": "Natural Sea Salt Farming", "facilities": "supermarket", "lat": -8.5681, "lon": 115.45 }, "geometry": { "type": "Point", "coordinates": [ 115.4498819, -8.5680989 ] } },
{ "type": "Feature", "properties": { "name": "Speedy Mart", "facilities": "supermarket", "lat": -8.7297, "lon": 115.168 }, "geometry": { "type": "Point", "coordinates": [ 115.1683345, -8.7296952 ] } },
{ "type": "Feature", "properties": { "name": "Mini Mart", "facilities": "supermarket", "lat": -8.73126, "lon": 115.168 }, "geometry": { "type": "Point", "coordinates": [ 115.1675511, -8.7312567 ] } },
{ "type": "Feature", "properties": { "name": "Mini Mart", "facilities": "supermarket", "lat": -8.79513, "lon": 115.218 }, "geometry": { "type": "Point", "coordinates": [ 115.2176957, -8.7951265 ] } },
{ "type": "Feature", "properties": { "name": "Mini Mart", "facilities": "supermarket", "lat": -8.50771, "lon": 115.262 }, "geometry": { "type": "Point", "coordinates": [ 115.2621891, -8.5077077 ] } },
{ "type": "Feature", "properties": { "name": "Minimart", "facilities": "supermarket", "lat": -8.61358, "lon": 115.115 }, "geometry": { "type": "Point", "coordinates": [ 115.1149416, -8.6135806 ] } },
{ "type": "Feature", "properties": { "name": "Kayun Supermarket", "facilities": "supermarket", "lat": -8.67899, "lon": 115.49 }, "geometry": { "type": "Point", "coordinates": [ 115.4900493, -8.6789907 ] } },
{ "type": "Feature", "properties": { "name": "Mini Mart", "facilities": "supermarket", "lat": -8.73619, "lon": 115.167 }, "geometry": { "type": "Point", "coordinates": [ 115.1671933, -8.7361872 ] } },
{ "type": "Feature", "properties": { "name": "Mini Mart", "facilities": "supermarket", "lat": -8.73738, "lon": 115.168 }, "geometry": { "type": "Point", "coordinates": [ 115.1679282, -8.7373795 ] } },
{ "type": "Feature", "properties": { "name": "Ubud Deli", "facilities": "supermarket", "lat": -8.53005, "lon": 115.272 }, "geometry": { "type": "Point", "coordinates": [ 115.2718143, -8.53005 ] } },
{ "type": "Feature", "properties": { "name": "Nyoman", "facilities": "supermarket", "lat": -8.52277, "lon": 115.271 }, "geometry": { "type": "Point", "coordinates": [ 115.2713281, -8.5227665 ] } },
{ "type": "Feature", "properties": { "name": "Popular Market", "facilities": "supermarket", "lat": -8.52446, "lon": 115.265 }, "geometry": { "type": "Point", "coordinates": [ 115.2646284, -8.5244583 ] } },
{ "type": "Feature", "properties": { "name": "Indah Shop", "facilities": "supermarket", "lat": -8.35114, "lon": 115.683 }, "geometry": { "type": "Point", "coordinates": [ 115.6825112, -8.3511363 ] } },
{ "type": "Feature", "properties": { "name": "Toko Kaples", "facilities": "supermarket", "lat": -8.50832, "lon": 115.248 }, "geometry": { "type": "Point", "coordinates": [ 115.2476907, -8.508319 ] } },
{ "type": "Feature", "properties": { "name": "Foodmart gourmet supermarket", "facilities": "supermarket", "lat": -8.71506, "lon": 115.185 }, "geometry": { "type": "Point", "coordinates": [ 115.1852144, -8.7150559 ] } },
{ "type": "Feature", "properties": { "name": "J One Mart", "facilities": "supermarket", "lat": -8.66737, "lon": 115.451 }, "geometry": { "type": "Point", "coordinates": [ 115.4506149, -8.6673651 ] } },
{ "type": "Feature", "properties": { "name": "Coco Express", "facilities": "supermarket", "lat": -8.73685, "lon": 115.166 }, "geometry": { "type": "Point", "coordinates": [ 115.1656448, -8.7368534 ] } },
{ "type": "Feature", "properties": { "name": "Mini Mart", "facilities": "supermarket", "lat": -8.73741, "lon": 115.168 }, "geometry": { "type": "Point", "coordinates": [ 115.1679253, -8.7374058 ] } },
{ "type": "Feature", "properties": { "name": "Fruits and vegetables market", "facilities": "supermarket", "lat": -8.73725, "lon": 115.169 }, "geometry": { "type": "Point", "coordinates": [ 115.1686734, -8.7372497 ] } },
{ "type": "Feature", "properties": { "name": "Glandys Supermarket", "facilities": "supermarket", "lat": -8.53952, "lon": 115.322 }, "geometry": { "type": "Point", "coordinates": [ 115.322454, -8.5395192 ] } },
{ "type": "Feature", "properties": { "name": "Mini Mart", "facilities": "supermarket", "lat": -8.7137, "lon": 115.173 }, "geometry": { "type": "Point", "coordinates": [ 115.1734856, -8.7137021 ] } },
{ "type": "Feature", "properties": { "name": "COCO MARKET", "facilities": "supermarket", "lat": -8.60654, "lon": 115.108 }, "geometry": { "type": "Point", "coordinates": [ 115.1077397, -8.6065368 ] } },
{ "type": "Feature", "properties": { "name": "Nirmala Supermarket Pecatu", "facilities": "supermarket", "lat": -8.82027, "lon": 115.15 }, "geometry": { "type": "Point", "coordinates": [ 115.149786, -8.820269 ] } },
{ "type": "Feature", "properties": { "name": "Coco", "facilities": "supermarket", "lat": -8.80529, "lon": 115.223 }, "geometry": { "type": "Point", "coordinates": [ 115.2229637, -8.8052856 ] } },
{ "type": "Feature", "properties": { "name": "Festive Supermarket", "facilities": "supermarket", "lat": -8.64277, "lon": 115.142 }, "geometry": { "type": "Point", "coordinates": [ 115.1420838, -8.6427685 ] } },
{ "type": "Feature", "properties": { "name": "Toko Rejeki", "facilities": "supermarket", "lat": -8.15751, "lon": 115.041 }, "geometry": { "type": "Point", "coordinates": [ 115.0408834, -8.1575115 ] } },
{ "type": "Feature", "properties": { "name": "WMart", "facilities": "supermarket", "lat": -8.68779, "lon": 115.437 }, "geometry": { "type": "Point", "coordinates": [ 115.4372174, -8.6877949 ] } },
{ "type": "Feature", "properties": { "name": "Mailaku", "facilities": "supermarket", "lat": -8.23535, "lon": 114.951 }, "geometry": { "type": "Point", "coordinates": [ 114.9508539, -8.2353461 ] } },
{ "type": "Feature", "properties": { "name": "Pepito", "facilities": "supermarket", "lat": -8.65813, "lon": 115.163 }, "geometry": { "type": "Point", "coordinates": [ 115.1628094, -8.6581284 ] } },
{ "type": "Feature", "properties": { "name": "Supermarket Freshindo Yeh Aya", "facilities": "supermarket", "lat": -8.67734, "lon": 115.231 }, "geometry": { "type": "Point", "coordinates": [ 115.2311145, -8.6773391 ] } },
{ "type": "Feature", "properties": { "name": "Bernardi Factory Shop", "facilities": "supermarket", "lat": -8.69643, "lon": 115.187 }, "geometry": { "type": "Point", "coordinates": [ 115.1866518, -8.6964345 ] } },
{ "type": "Feature", "properties": { "name": "Clandy's Grosir Teuku Umar", "facilities": "supermarket", "lat": -8.68016, "lon": 115.203 }, "geometry": { "type": "Point", "coordinates": [ 115.2028357, -8.6801563 ] } },
{ "type": "Feature", "properties": { "name": "M Mart", "facilities": "supermarket", "lat": -8.68928, "lon": 115.159 }, "geometry": { "type": "Point", "coordinates": [ 115.1587844, -8.6892845 ] } },
{ "type": "Feature", "properties": { "name": "Bratamart", "facilities": "supermarket", "lat": -8.74644, "lon": 115.491 }, "geometry": { "type": "Point", "coordinates": [ 115.4909881, -8.7464433 ] } },
{ "type": "Feature", "properties": { "name": "UD Merta Asih", "facilities": "supermarket", "lat": -8.22327, "lon": 115.242 }, "geometry": { "type": "Point", "coordinates": [ 115.242009, -8.2232722 ] } },
{ "type": "Feature", "properties": { "name": "Clandys Grosir Supermarket", "facilities": "supermarket", "lat": -8.54406, "lon": 115.326 }, "geometry": { "type": "Point", "coordinates": [ 115.3258118, -8.5440626 ] } },
{ "type": "Feature", "properties": { "name": "UD. Teratai", "facilities": "supermarket", "lat": -8.54322, "lon": 115.332 }, "geometry": { "type": "Point", "coordinates": [ 115.3321371, -8.5432167 ] } },
{ "type": "Feature", "properties": { "name": "besugo market", "facilities": "supermarket", "lat": -8.28238, "lon": 115.162 }, "geometry": { "type": "Point", "coordinates": [ 115.1623282, -8.2823755 ] } },
{ "type": "Feature", "properties": { "name": "Toko Swadesi", "facilities": "supermarket", "lat": -8.36113, "lon": 114.639 }, "geometry": { "type": "Point", "coordinates": [ 114.638605, -8.3611329 ] } },
{ "type": "Feature", "properties": { "name": "Living World", "facilities": "supermarket", "lat": -8.63546, "lon": 115.232 }, "geometry": { "type": "Point", "coordinates": [ 115.2319963, -8.6354585 ] } },
{ "type": "Feature", "properties": { "name": "Foodmart gourmet supermarket", "facilities": "supermarket", "lat": -8.71522, "lon": 115.185 }, "geometry": { "type": "Point", "coordinates": [ 115.185033, -8.7152198 ] } },
{ "type": "Feature", "properties": { "name": "Primo supermarket", "facilities": "supermarket", "lat": -8.68262, "lon": 115.167 }, "geometry": { "type": "Point", "coordinates": [ 115.1668958, -8.6826235 ] } },
{ "type": "Feature", "properties": { "name": "GrandLucky Supermarket", "facilities": "supermarket", "lat": -8.68022, "lon": 115.259 }, "geometry": { "type": "Point", "coordinates": [ 115.2585419, -8.6802243 ] } },
{ "type": "Feature", "properties": { "name": "Aditya", "facilities": "supermarket", "lat": -8.26692, "lon": 115.055 }, "geometry": { "type": "Point", "coordinates": [ 115.0546745, -8.2669156 ] } },
{ "type": "Feature", "properties": { "name": "Mandiri", "facilities": "supermarket", "lat": -8.26556, "lon": 115.058 }, "geometry": { "type": "Point", "coordinates": [ 115.0577542, -8.2655632 ] } },
{ "type": "Feature", "properties": { "name": "GUDANG BEKU BALI ( PT KIRANI PANGAN UTAMA )", "facilities": "supermarket", "lat": -8.68683, "lon": 115.241 }, "geometry": { "type": "Point", "coordinates": [ 115.2410057, -8.686827 ] } },
{ "type": "Feature", "properties": { "name": "Pasar Swalayan Inti Srinadi", "facilities": "supermarket", "lat": -8.53459, "lon": 115.404 }, "geometry": { "type": "Point", "coordinates": [ 115.4043875, -8.5345861 ] } },
{ "type": "Feature", "properties": { "name": "Cahaya Melati Supermaket", "facilities": "supermarket", "lat": -8.54268, "lon": 115.403 }, "geometry": { "type": "Point", "coordinates": [ 115.4025666, -8.5426796 ] } },
{ "type": "Feature", "properties": { "name": "Mini Mart", "facilities": "supermarket", "lat": -8.16196, "lon": 115.025 }, "geometry": { "type": "Point", "coordinates": [ 115.0253296, -8.1619625 ] } },
{ "type": "Feature", "properties": { "name": "Pepito Market", "facilities": "supermarket", "lat": -8.57776, "lon": 115.181 }, "geometry": { "type": "Point", "coordinates": [ 115.1814261, -8.5777586 ] } },
{ "type": "Feature", "properties": { "name": "Coco Supermarket", "facilities": "supermarket", "lat": -8.63422, "lon": 115.232 }, "geometry": { "type": "Point", "coordinates": [ 115.2319534, -8.6342179 ] } },
{ "type": "Feature", "properties": { "name": "OH! SOME", "facilities": "supermarket", "lat": -8.63363, "lon": 115.232 }, "geometry": { "type": "Point", "coordinates": [ 115.232311, -8.633633 ] } },
{ "type": "Feature", "properties": { "name": "Warung Yanayadnya", "facilities": "supermarket", "lat": -8.47952, "lon": 115.322 }, "geometry": { "type": "Point", "coordinates": [ 115.3218087, -8.4795168 ] } },
{ "type": "Feature", "properties": { "name": "Coco Supermarket", "facilities": "supermarket", "lat": -8.60623, "lon": 115.108 }, "geometry": { "type": "Point", "coordinates": [ 115.1076027, -8.6062305 ] } },
{ "type": "Feature", "properties": { "name": "Alive Wholefoods", "facilities": "supermarket", "lat": -8.59673, "lon": 115.094 }, "geometry": { "type": "Point", "coordinates": [ 115.0944847, -8.5967311 ] } },
{ "type": "Feature", "properties": { "name": "Diamart Minimarket Canggu", "facilities": "supermarket", "lat": -8.63809, "lon": 115.146 }, "geometry": { "type": "Point", "coordinates": [ 115.1457209, -8.6380906 ] } },
{ "type": "Feature", "properties": { "name": "M Mart", "facilities": "supermarket", "lat": -8.64783, "lon": 115.139 }, "geometry": { "type": "Point", "coordinates": [ 115.1391964, -8.6478305 ] } },
{ "type": "Feature", "properties": { "name": "M Mart", "facilities": "supermarket", "lat": -8.64751, "lon": 115.14 }, "geometry": { "type": "Point", "coordinates": [ 115.1398395, -8.6475136 ] } },
{ "type": "Feature", "properties": { "name": "Mani Mart", "facilities": "supermarket", "lat": -8.64569, "lon": 115.141 }, "geometry": { "type": "Point", "coordinates": [ 115.1411659, -8.6456856 ] } },
{ "type": "Feature", "properties": { "name": "M Mart", "facilities": "supermarket", "lat": -8.64487, "lon": 115.141 }, "geometry": { "type": "Point", "coordinates": [ 115.1414884, -8.6448665 ] } },
{ "type": "Feature", "properties": { "name": "M Mart", "facilities": "supermarket", "lat": -8.64037, "lon": 115.144 }, "geometry": { "type": "Point", "coordinates": [ 115.143673, -8.6403738 ] } },
{ "type": "Feature", "properties": { "name": "7 Hungry", "facilities": "supermarket", "lat": -8.65148, "lon": 115.134 }, "geometry": { "type": "Point", "coordinates": [ 115.1344915, -8.6514835 ] } },
{ "type": "Feature", "properties": { "name": "Mani Mart", "facilities": "supermarket", "lat": -8.6519, "lon": 115.134 }, "geometry": { "type": "Point", "coordinates": [ 115.1336718, -8.6519008 ] } },
{ "type": "Feature", "properties": { "name": "7 Hungry", "facilities": "supermarket", "lat": -8.65641, "lon": 115.131 }, "geometry": { "type": "Point", "coordinates": [ 115.1314804, -8.65641 ] } },
{ "type": "Feature", "properties": { "name": "La Sari", "facilities": "supermarket", "lat": -8.65809, "lon": 115.131 }, "geometry": { "type": "Point", "coordinates": [ 115.1310103, -8.6580892 ] } },
{ "type": "Feature", "properties": { "name": "Yoga Mart", "facilities": "supermarket", "lat": -8.65814, "lon": 115.131 }, "geometry": { "type": "Point", "coordinates": [ 115.1309748, -8.6581435 ] } },
{ "type": "Feature", "properties": { "name": "7 Hungry", "facilities": "supermarket", "lat": -8.65371, "lon": 115.132 }, "geometry": { "type": "Point", "coordinates": [ 115.1320517, -8.6537133 ] } },
{ "type": "Feature", "properties": { "name": "M Mart", "facilities": "supermarket", "lat": -8.64988, "lon": 115.137 }, "geometry": { "type": "Point", "coordinates": [ 115.1370145, -8.6498829 ] } },
{ "type": "Feature", "properties": { "name": "M Mart", "facilities": "supermarket", "lat": -8.64928, "lon": 115.138 }, "geometry": { "type": "Point", "coordinates": [ 115.1377353, -8.6492836 ] } },
{ "type": "Feature", "properties": { "name": "Toko Karya Utama", "facilities": "supermarket", "lat": -8.65272, "lon": 115.173 }, "geometry": { "type": "Point", "coordinates": [ 115.1725535, -8.6527204 ] } },
{ "type": "Feature", "properties": { "name": "MMart", "facilities": "supermarket", "lat": -8.65957, "lon": 115.139 }, "geometry": { "type": "Point", "coordinates": [ 115.1387472, -8.6595662 ] } },
{ "type": "Feature", "properties": { "name": "MMart", "facilities": "supermarket", "lat": -8.66095, "lon": 115.137 }, "geometry": { "type": "Point", "coordinates": [ 115.1367012, -8.6609462 ] } },
{ "type": "Feature", "properties": { "name": "Pepito", "facilities": "supermarket", "lat": -8.63269, "lon": 115.176 }, "geometry": { "type": "Point", "coordinates": [ 115.1756644, -8.6326899 ] } },
{ "type": "Feature", "properties": { "name": "Indomaret", "facilities": "supermarket", "lat": -8.27918, "lon": 115.377 }, "geometry": { "type": "Point", "coordinates": [ 115.3767576, -8.2791767 ] } },
{ "type": "Feature", "properties": { "name": "Alfamart", "facilities": "supermarket", "lat": -8.27888, "lon": 115.379 }, "geometry": { "type": "Point", "coordinates": [ 115.3789012, -8.2788776 ] } },
{ "type": "Feature", "properties": { "name": "Indomaret", "facilities": "supermarket", "lat": -8.49657, "lon": 115.528 }, "geometry": { "type": "Point", "coordinates": [ 115.5279332, -8.4965697 ] } },
{ "type": "Feature", "properties": { "name": "Kenny Furniture", "facilities": "marketplace", "lat": -8.68087, "lon": 115.164 }, "geometry": { "type": "Point", "coordinates": [ 115.1644235, -8.68087 ] } },
{ "type": "Feature", "properties": { "name": "Axioo", "facilities": "marketplace", "lat": -8.67969, "lon": 115.164 }, "geometry": { "type": "Point", "coordinates": [ 115.1644233, -8.6796928 ] } },
{ "type": "Feature", "properties": { "name": "Pasar Yehembang", "facilities": "marketplace", "lat": -8.3923, "lon": 114.754 }, "geometry": { "type": "Point", "coordinates": [ 114.7534983, -8.3922972 ] } },
{ "type": "Feature", "properties": { "name": "Рынок", "facilities": "marketplace", "lat": -8.69842, "lon": 115.174 }, "geometry": { "type": "Point", "coordinates": [ 115.1739863, -8.6984187 ] } },
{ "type": "Feature", "properties": { "name": "Pasar Umum Suraberata", "facilities": "marketplace", "lat": -8.4955, "lon": 114.966 }, "geometry": { "type": "Point", "coordinates": [ 114.9656367, -8.4955035 ] } },
{ "type": "Feature", "properties": { "name": "Traditional Market", "facilities": "marketplace", "lat": -8.77065, "lon": 115.173 }, "geometry": { "type": "Point", "coordinates": [ 115.1734277, -8.7706499 ] } },
{ "type": "Feature", "properties": { "name": "Taman Bali Market", "facilities": "marketplace", "lat": -8.67223, "lon": 115.166 }, "geometry": { "type": "Point", "coordinates": [ 115.1656312, -8.6722333 ] } },
{ "type": "Feature", "properties": { "name": "Village Market", "facilities": "marketplace", "lat": -8.26537, "lon": 115.053 }, "geometry": { "type": "Point", "coordinates": [ 115.0528648, -8.2653661 ] } },
{ "type": "Feature", "properties": { "name": "Mambal Market", "facilities": "marketplace", "lat": -8.54972, "lon": 115.22 }, "geometry": { "type": "Point", "coordinates": [ 115.2199678, -8.5497212 ] } },
{ "type": "Feature", "properties": { "name": "Pasar Tabanan", "facilities": "marketplace", "lat": -8.53903, "lon": 115.127 }, "geometry": { "type": "Point", "coordinates": [ 115.1265478, -8.5390295 ] } },
{ "type": "Feature", "properties": { "name": "pasar pemedilan", "facilities": "marketplace", "lat": -8.6587, "lon": 115.208 }, "geometry": { "type": "Point", "coordinates": [ 115.2079944, -8.6587021 ] } },
{ "type": "Feature", "properties": { "name": "senggol pemedilan", "facilities": "marketplace", "lat": -8.65841, "lon": 115.208 }, "geometry": { "type": "Point", "coordinates": [ 115.2084181, -8.6584104 ] } },
{ "type": "Feature", "properties": { "name": "Pasar Kuliner", "facilities": "marketplace", "lat": -8.69504, "lon": 115.238 }, "geometry": { "type": "Point", "coordinates": [ 115.2379404, -8.6950436 ] } },
{ "type": "Feature", "properties": { "name": "Pasar Tradisional Dalung", "facilities": "marketplace", "lat": -8.62964, "lon": 115.175 }, "geometry": { "type": "Point", "coordinates": [ 115.1746382, -8.6296393 ] } },
{ "type": "Feature", "properties": { "name": "Pasar banjar", "facilities": "marketplace", "lat": -8.20133, "lon": 114.963 }, "geometry": { "type": "Point", "coordinates": [ 114.9628985, -8.2013279 ] } },
{ "type": "Feature", "properties": { "name": "Wholesale fruit market", "facilities": "marketplace", "lat": -8.65661, "lon": 115.214 }, "geometry": { "type": "Point", "coordinates": [ 115.2139215, -8.6566054 ] } },
{ "type": "Feature", "properties": { "name": "Pasar Goris", "facilities": "marketplace", "lat": -8.1442, "lon": 114.589 }, "geometry": { "type": "Point", "coordinates": [ 114.5891694, -8.1441999 ] } },
{ "type": "Feature", "properties": { "name": "Pasar Adat Sesetan", "facilities": "marketplace", "lat": -8.68457, "lon": 115.216 }, "geometry": { "type": "Point", "coordinates": [ 115.2161408, -8.6845738 ] } },
{ "type": "Feature", "properties": { "name": "Putra Mandiri", "facilities": "marketplace", "lat": -8.66805, "lon": 115.201 }, "geometry": { "type": "Point", "coordinates": [ 115.2007532, -8.6680494 ] } },
{ "type": "Feature", "properties": { "name": "Artmarket", "facilities": "marketplace", "lat": -8.72692, "lon": 115.17 }, "geometry": { "type": "Point", "coordinates": [ 115.1700725, -8.7269157 ] } },
{ "type": "Feature", "properties": { "name": "Galeri Smartfren Sunset Road Bali", "facilities": "marketplace", "lat": -8.71408, "lon": 115.187 }, "geometry": { "type": "Point", "coordinates": [ 115.186528, -8.7140801 ] } },
{ "type": "Feature", "properties": { "name": "Pasar Seni Kuta", "facilities": "marketplace", "lat": -8.72478, "lon": 115.17 }, "geometry": { "type": "Point", "coordinates": [ 115.1704146, -8.7247843 ] } },
{ "type": "Feature", "properties": { "name": "Kayu aya", "facilities": "marketplace", "lat": -8.68588, "lon": 115.156 }, "geometry": { "type": "Point", "coordinates": [ 115.156267, -8.6858844 ] } },
{ "type": "Feature", "properties": { "name": "Pasar Kangkung", "facilities": "marketplace", "lat": -8.69767, "lon": 115.192 }, "geometry": { "type": "Point", "coordinates": [ 115.1923508, -8.6976731 ] } },
{ "type": "Feature", "properties": { "name": "Pasar Kuta Dua PD", "facilities": "marketplace", "lat": -8.72357, "lon": 115.177 }, "geometry": { "type": "Point", "coordinates": [ 115.17661, -8.723565 ] } },
{ "type": "Feature", "properties": { "name": "Pasar Sanglah", "facilities": "marketplace", "lat": -8.67686, "lon": 115.216 }, "geometry": { "type": "Point", "coordinates": [ 115.2156289, -8.6768645 ] } },
{ "type": "Feature", "properties": { "name": "Pasar Sari Winangun", "facilities": "marketplace", "lat": -8.65747, "lon": 115.182 }, "geometry": { "type": "Point", "coordinates": [ 115.1821611, -8.6574715 ] } },
{ "type": "Feature", "properties": { "name": "Pasar Berawa", "facilities": "marketplace", "lat": -8.64941, "lon": 115.149 }, "geometry": { "type": "Point", "coordinates": [ 115.1485648, -8.6494082 ] } },
{ "type": "Feature", "properties": { "name": "Pasar dan Terminal Loca Crana Bangli", "facilities": "marketplace", "lat": -8.4546, "lon": 115.356 }, "geometry": { "type": "Point", "coordinates": [ 115.3560406, -8.4545971 ] } },
{ "type": "Feature", "properties": { "name": "Pasar Kidul Bangli", "facilities": "marketplace", "lat": -8.45531, "lon": 115.357 }, "geometry": { "type": "Point", "coordinates": [ 115.356561, -8.4553134 ] } },
{ "type": "Feature", "properties": { "name": "Pasar Banyuasri", "facilities": "marketplace", "lat": -8.11507, "lon": 115.078 }, "geometry": { "type": "Point", "coordinates": [ 115.0783067, -8.1150744 ] } },
{ "type": "Feature", "properties": { "name": "Pasar Malam Sindhu", "facilities": "marketplace", "lat": -8.6853, "lon": 115.26 }, "geometry": { "type": "Point", "coordinates": [ 115.2599881, -8.6852955 ] } },
{ "type": "Feature", "properties": { "name": "Sapta Pesona", "facilities": "marketplace", "lat": -8.67269, "lon": 115.556 }, "geometry": { "type": "Point", "coordinates": [ 115.5564983, -8.672694 ] } },
{ "type": "Feature", "properties": { "name": "Pasar Barang Bajera", "facilities": "marketplace", "lat": -8.50294, "lon": 115.027 }, "geometry": { "type": "Point", "coordinates": [ 115.027004, -8.5029419 ] } },
{ "type": "Feature", "properties": { "name": "Pasar P.Misol Banjar Sumuh", "facilities": "marketplace", "lat": -8.6781, "lon": 115.203 }, "geometry": { "type": "Point", "coordinates": [ 115.2027899, -8.6781046 ] } },
{ "type": "Feature", "properties": { "name": "Pasar Senggol Gianyar", "facilities": "marketplace", "lat": -8.5429, "lon": 115.322 }, "geometry": { "type": "Point", "coordinates": [ 115.3222578, -8.5429018 ] } },
{ "type": "Feature", "properties": { "name": "Street fish market", "facilities": "marketplace", "lat": -8.07823, "lon": 115.176 }, "geometry": { "type": "Point", "coordinates": [ 115.1760945, -8.0782303 ] } },
{ "type": "Feature", "properties": { "name": "Street Food Market", "facilities": "marketplace", "lat": -8.67141, "lon": 115.262 }, "geometry": { "type": "Point", "coordinates": [ 115.2620024, -8.6714076 ] } },
{ "type": "Feature", "properties": { "name": "Pasar Senggol Negara", "facilities": "marketplace", "lat": -8.36092, "lon": 114.626 }, "geometry": { "type": "Point", "coordinates": [ 114.6255948, -8.3609244 ] } },
{ "type": "Feature", "properties": { "name": "Pasar Ijo Gading", "facilities": "marketplace", "lat": -8.36094, "lon": 114.625 }, "geometry": { "type": "Point", "coordinates": [ 114.6253895, -8.3609436 ] } },
{ "type": "Feature", "properties": { "name": "Morning Market", "facilities": "marketplace", "lat": -8.50734, "lon": 115.263 }, "geometry": { "type": "Point", "coordinates": [ 115.2632046, -8.5073435 ] } },
{ "type": "Feature", "properties": { "name": "Красивый воскресный рынок", "facilities": "marketplace", "lat": -8.65385, "lon": 115.125 }, "geometry": { "type": "Point", "coordinates": [ 115.1253282, -8.6538544 ] } },
{ "type": "Feature", "properties": { "name": "Pasar Sengol", "facilities": "marketplace", "lat": -8.53476, "lon": 115.404 }, "geometry": { "type": "Point", "coordinates": [ 115.4041393, -8.5347645 ] } },
{ "type": "Feature", "properties": { "name": "Ubud Street Market", "facilities": "marketplace", "lat": -8.50864, "lon": 115.263 }, "geometry": { "type": "Point", "coordinates": [ 115.2626282, -8.5086375 ] } },
{ "type": "Feature", "properties": { "name": "Market on road", "facilities": "marketplace", "lat": -8.59755, "lon": 115.283 }, "geometry": { "type": "Point", "coordinates": [ 115.2829953, -8.597553 ] } },
{ "type": "Feature", "properties": { "name": "Pasar Tegallinggah", "facilities": "marketplace", "lat": -8.43245, "lon": 115.622 }, "geometry": { "type": "Point", "coordinates": [ 115.6216286, -8.4324509 ] } },
{ "type": "Feature", "properties": { "name": "Peliatan Night Market", "facilities": "marketplace", "lat": -8.51764, "lon": 115.269 }, "geometry": { "type": "Point", "coordinates": [ 115.2688852, -8.5176396 ] } },
{ "type": "Feature", "properties": { "name": "Pasar Umum Singakerta", "facilities": "marketplace", "lat": -8.53048, "lon": 115.252 }, "geometry": { "type": "Point", "coordinates": [ 115.2518358, -8.5304837 ] } },
{ "type": "Feature", "properties": { "name": "BBC Batu Bolong Center Bazzar", "facilities": "marketplace", "lat": -8.65798, "lon": 115.131 }, "geometry": { "type": "Point", "coordinates": [ 115.1310144, -8.6579837 ] } },
{ "type": "Feature", "properties": { "name": "Pasar Penutukan", "facilities": "marketplace", "lat": -8.14126, "lon": 115.386 }, "geometry": { "type": "Point", "coordinates": [ 115.3862694, -8.1412564 ] } },
{ "type": "Feature", "properties": { "name": "Toko Widyanugrah", "facilities": "marketplace", "lat": -8.13621, "lon": 115.372 }, "geometry": { "type": "Point", "coordinates": [ 115.3718647, -8.1362129 ] } },
{ "type": "Feature", "properties": { "name": "Les Traditional Market", "facilities": "marketplace", "lat": -8.14308, "lon": 115.368 }, "geometry": { "type": "Point", "coordinates": [ 115.3675324, -8.1430847 ] } }
]
}
